College Code,College Name,Email,Phone,Address
0000,National University,info3@nu.ac.bd,01815111111,"Gazipur, Gazipur"
0001,"NATIONAL UNIVERSITY, BANGLADESH",mrhaider46@gmail.com,029291016,"Board Bazar, Gazipur, Gazipur"
0011,NU Admin ICT,,,"Board Bazar, Gazipur, Gazipur"
0101,GOVT. P. C. COLLEGE,pccollege1918@gmail.com,046862324,"VILL-HARINKHANA, P.O- P.C. COLLEGE, BAGERHAT,"
0102,SHERE BANGLA COLLEGE,sherebanglacollege@gmail.com,0465256287,"KHARAMKHALI,"
0103,BAGERHAT GOVT. MAHILA COLLEGE,bgg.coll@gmail.com,0468-62489,"POST  & DIST.- BAGERHAT,"
0104,RAMPAL GOVT. COLLEGE,collegerampal@gmail.com,0465756002,"RAMPAL,"
0105,GILATALA ABUL KALAM COLLEGE,AKC_GILATALA@YAHOO.COM,01723709036,"GILATALA,"
0106,MORELGANJ SIRAJUDDIN MEMO. COLLEGE,smcollege68@gmail.com,0465656248,"MORRELGONJ, BAGERHAT,"
0107,KAZI AZHAR ALI COLLEGE,kaacprincipal@gmail.com,0465356207,"ATTAKI,"
0108,KHALILUR RAHMAN COLLEGE,azadkrc@yahoo.com,01716780076,"Mollahat Upzila Sador, Bagerhat,"
0109,SHARANKHOLA DEGREE COLLEGE,shorankholacollege78@gmail.com,0465956026,"Vill : Rajoir, Post : Rayenda-9330, Upz : Sharankhola, District : Bagerhat.,"
0110,MONGLA GOVT. COLLEGE,collegemongla@yahoo.com,0465873181,"SHELABUNIA,"
0111,ROWSHAN ARA SMRITI MAHILA COLLEGE,rowshanaramemorialwomencollege@yahoo.com,04656-56266,"MORRELGONJ,"
0112,KACHUA COLLEGE,kachuadegreecollege@gmail.com,0465456086,"KACHUA,"
0113,SUNDARBAN MAHILA COLLEGE,sundarbanmc@gmail.com,01309115227,"POST: SUNDARBAN MAHILA COLLEGE, BHAGA,"
0114,GOVT. FAKIRHAT FAZILATUNNESSA MUJIB MAHILA COLLEGE,principalffmmc@gmail.com,0465356311,"ATTAKA, FAKIRHAT, BAGERHAT,"
0115,A. R. KHAN DEGREE COLLEGE,arkhandegreecollege@gmail.com,01309115156,"POST OFFICE : SANNYASHI BAZAR,"
0116,SHAHID SMRITI COLLEGE,shaheedsmritidegreecollege@ymail.com,0466356061,"TOWN NOWAPARA, FAKIRHAT, BAGERHAT.,"
0117,GOVT. SHAHID SHEIKH ABU NASER MAHILA COLLEGE,ssanmd.college@yahoo.com,0465456193,"KACHUA, BAGERHAT,"
0118,DIGRAJ DEGREE MAHAVIDYALAYA,collegedigraj@yahoo.com,02478846034,"DIGRAJ, MONGLA, BAGERHAT,"
0119,BAGERHAT LAW COLLEGE,cwbg.bd@gmail.com,01720613294,"AMLAPARA,,"
0120,D. MIA ABBAS UDDIN TEACHERS' TRAINING COLLEGE,dmattc02@gmail.com,01714573600,"MORRELGONJ,"
0121,GOVT. PHYSICAL EDUCATION COLLEGE,kpec_ds@yahoo.com,01912380675,"SREEGHAT, SAIRA, BAGERHAT SADAR.,"
0122,BELAYET HOSSAIN DEGREE COLLEGE,belayethossain.college@yahoo.com,01726572448,"DEPARA,"
0123,BELAYAT HOSSAIN B. ED. COLLEGE,belayathossainbedcollege@gmail.com,01928104117,"0,"
0124,KHAN JAHAN ALI TEACHERS TRAINING COLLEGE,0,,"0,"
0125,SALIMABAD DEGREE COLLEGE,salimabaddegreecollege@gmail.com,01911855035,"DAIBAJNAHATI,"
0126,SHEIKH HELAL UDDIN GOVT. COLLEGE,sk.helaluddincollege@gmail.com,01712087392,"SHUBHADIA, FAKIRHAT, BAGERHAT,"
0127,KALIDAS BARAL SMRITI COLLEGE,kalidasbaralsmriticollege@gmail.com,01712188145,"KHASHERHAT BAZAR,"
0128,GOVT. BANGABANDHU MOHILA COLLEGE,bbmcc95@gmail.com,01309115023,"VILLAGE-ARUABORNI, POST OFFICE-CHITALMARI,,"
0129,KHAN JAHAN ALI COLLEGE,college1979@gmail.com,046863504,"DASHANI, BAGERHAT.,"
0130,BANGABANDHU MOHILA GOVT. COLLEGE,bmc_mongla@yahoo.com,0465873005,"MONGLA,"
0131,MATREEBHASHA COLLEGE,matreebhashacollege@gmail.com,00000000000,"Dhansagar, Sharankhola, Bagerhat.,"
0132,MA BABAR RHIN COLLEGE,mbrcollege478@gmail.com,01309115159,"POST- SUTALORY, UPAZILA- MORELGONJ, DISTRICT- BAGERHAT,"
0133,LAILA AZAD COLLEGE,lailaazadcollege@gmail.com,01309114981,"CHARKULIA ,MOLLAHAT,BAGERHAT,"
0201,SATKHIRA GOVT. COLLEGE,satkhiragovtcollege@yahoo.com,047163227,"RAZARBAGAN, SATKHIRA., Satkhira"
0202,SATKHIRA DAY/NIGHT COLLEGE,admin@sdncollege.org,047163736,"SATKHIRA SARDAR, SATKHIRA, Satkhira"
0203,SATKHIRA CITY COLLEGE,satkhiracitycollege@gmail.com,047164888,"RASULPUR, Satkhira"
0204,SATKHIRA GOVT. MAHILA COLLEGE,satgmc0204@gmail.com,02477741117,"SATKHIRA, Satkhira"
0205,KUMIRA MAHILA DEGREE COLLEGE,kumiramahiladegreecollege@gmail.com,62031,"KUMIRA, TALA, SATKHIRA, Satkhira"
0206,ASSASUNI GOVERNMENT COLLEGE,collegeassasuni@yahoo.com,0472256023,"VILL+P.O+P.S: ASSASUNI, Satkhira"
0207,SHAYMNAGAR GOVT. MOHSIN COLLEGE,principalsmc2015@yahoo.com,0472644012,"SHYAMNAGAR,SATKHIRA., Satkhira"
0208,KALIGANJ GOVT. COLLEGE,kaliganjgovt.college@gmail.com,0472556021,"BAZARGRAM RAHIMPUR, KALIGANJ, SATKHIRA., Satkhira"
0209,KOLAROA GOVT. COLLEGE,Kalaroagc09@gmail.com,02477743268,"Post+Upazila: KALAROA,Dist: SATKHIRA, Satkhira"
0210,GOVT. KHAN BAHADUR AHSANULLAH COLLEGE,kbacollege@gmail.com,0473272270,"SAKHIPUR, DEBHATA, SATKHIRA., Satkhira"
0211,TALA GOVT. COLLEGE,talagovtcollege@gmail.com,02477744071,"TALA, SATKHIRA, Satkhira"
0212,MUNSHIGONG COLLEGE,munshigonjcollege@gmail.com,01715489603,"KADAMTALA, Satkhira"
0213,BHALUKA CHANDPUR ADRASHA DEGREE COLLEGE,bcac.college1994@gmail.com,01720506070,"BHALUKA CHANDPUR, Satkhira"
0214,SHIMANTA ADARSHA COLLEGE,sacms1997@gmail.com,01715608923,"MAHMUDPUR,  POST. BHARUKHALI, SATKHIRA., Satkhira"
0215,RAHIMA EZAHAR MEMORIAL B. ED. COLLEGE,don506011@gmail.com,01925054056,"SATKHIRA, Satkhira"
0216,NALTA AHSANIA MISSION RESIDENTIAL COLLEGE,naltaamr.college@yahoo.com,0473351075,"POST: NALTA MOBARAK NOGOR.P.S-Kaligonj,Dis-Satkhira., Satkhira"
0217,SUNDERBAN SCIENCE AND BUSINESS COLLEGE,sunderbanbusinesscollege@yahoo.com,047163798,"MUNSHIPARA, SATKHIRA., Satkhira"
0218,BANGABONDHU MOHILA COLLEGE,bmckalaroa1994@gmail.com,01309118728,"KALAROA,SATKHIRA, Satkhira"
0219,KAZIRHAT COLLEGE,kazirhatcollege@yahoo.com,01716173273,"KAZIRHAT, KALAROA, SATKHIRA., Satkhira"
0220,SHALIKHA COLLEGE,shalikha_college1@yahoo.com,0,"VILL- MURAGACHA,
POST- HARIHARNAGAR,
UPAZILLA- TALA,
DIST- SATKHIRA., Satkhira"
0236,SHEIKH AMANULLAH DEGREE COLLEGE,skamanullahcollege@gmail.com,01309118729,"VILL: TULSHIDANGA, POST: KALAROA, THANA: KALAROA, DIST: SATKHIRA., Satkhira"
0237,SHAHID SMRITI COLLEGE,shahidsmriti0237@gmail.com,01718445687,"BANSDAHA, SATKHIRA, Satkhira"
0238,ROKEYA MANSUR MAHILA COLLEGE,rmmcollege@yahoo.com,0472556060,"VILL- BAZARGRAM  RAHIMPUR  P.O+P.S-KALIGONJ, DIST- SATKHIRA, Satkhira"
0239,SHAMNAGAR ATARJAN MOHILA COLLEGE,atarjancollege@gmail.com,0472644128,"PO-NAKIPUR ,PS-SHYAMNAGAR, Satkhira"
0240,TALA MOHILA COLLEGE,talamohilacollege@gmail.com,0472756124,"TALA,SATKHIRA, Satkhira"
0241,HAJI KEYAMUDDIN MEMORIAL MOHILA COLLEGE,hkmmcollege@gmail.com,047273145,"VILL +POST- SAKHIPUR, Satkhira"
0242,KATUNIA RAJBARI COLLEGE,krdc1995@gmail.com,01720537369,"PIRGAZON, KALIGONJ, SATKHIRA, Satkhira"
0243,SHAHEED MUKTIJODHYA MAHABIDYALYA,smcollege.tala@gmail.com,01774722396,"POST- TALA, Satkhira"
0244,NAWABENKI COLLEGE,nowabenkicollege@yahoo.com,01720560149,"VILL-NOWABENKI, POST-NOWABENKI, Satkhira"
0245,SAFURANNESSA MOHILA COLLEGE,safurannessamohalacollege@yahoo.com,0147164546,"BANKAL, SATKHRIA SADAR, SATKHIRA., Satkhira"
0246,SATKHIRA LAW COLLEGE,slc_haider@yahoo.com,01712309434,"SULTANPUR, SATKHIRA SADAR, SATKHIRA, Satkhira"
0247,"KALARUA SHIKKHAK PROSHIKHAN COLLEGE, KALARUA",kalaroabedcollege@gmail.com,01711102827,"VILL: TULSHIRANGA, P.O: KALAROA, Satkhira"
0248,SATKHIRA SHIKKHAK PROSHIKHAN COLLEGE,0,,"0, Satkhira"
0249,A. P. S. MAHABIDDALOY,apscollege1999@gmail.com,01712156662,"NAKNA, PROTAPNAGAR, Satkhira"
0250,SUNDARBON SHIKKHOK PROSHIKHAN COLLEGE,sunderbonttcollege@yahoo.com,0,"MONSHIPARA SATKHIRA, Satkhira"
0251,KALARUA PHYSICAL EDUCATION COLLEGE,kalaroabpedcollege@gmail.com,01790100000,"VILL: TULSHIRANGA, P.O: KALAROA, Satkhira"
0252,"ADVOCATE ABDUR RAHMAN COLLEGE, BINERPOTA",adv.abdurrahmancollege@gmail.com,074162884,"BENERPOTA, Satkhira"
0253,KAZI ALAUDDIN DEGREE COLLEGE,kazialauddindegreecollege@gmail.com,01716504118,"ZAFARPUR,TARALI, Satkhira"
0254,DEBHATA COLLEGE,debhatacollegedebhata@gmail.com,0473272064,"DEBHATA,SATKHIRA, Satkhira"
0255,JHAUDANGA COLLEGE,jhaudangacollege@yahoo.com,01712242761,"JHAUDANGA,SATKHIRA., Satkhira"
0256,HAZI WAZED ALI TEACHERS' TRAINING COLLEGE,hwattc@gmail.com,01712976689,"SULTANPUR, SATKHIRA, Satkhira"
0257,ASSASUNI MOHILLA COLLEGE,assasunimohilacollege@gmail.com,01727035761,"ASSASUNI, SATKHIRA., Satkhira"
0258,PATKELGHAT HARUN-OR-RASHID COLLEGE,phrcollegesatkhira@gmail.com,01309119104,"PATKELGHATA, Satkhira"
0259,SHUVASHINI DEGREE COLLEGE,shuvashinicollege@gmail.com,01712990332,"SHUVASHINI.TALA.SATKHIRA, Satkhira"
0260,HAZI NASIRUDDIN COLLEGE,biplob_hnc@yahoo.com,01717761676,"SALIMPUR, KALAROA, SATKHIRA, Satkhira"
0261,SONAR BANGLA COLLEGE,sonarbangladegreecollege14@yahoo.com,01309118731,"SONABARIA, KALAROA, SATKHIRA, Satkhira"
0262,SHAHEED ZIAUR RAHMAN DEGREE COLLEGE,degreecollege4951@gmail.com,01712073360,"TIKARAMPUR, Satkhira"
0263,BEGUM KHALEDA ZIA COLLEGE,begumziacollege@gmail.com,01720524999,"VILL+POST:DHANDIA,UP:KALROA,DIST:SATKHIRA., Satkhira"
0264,BOALIA MUKTIJODDAH COLLEGE,pr.faruk.059@gmail.com,01730936248,"P/O - BOALIA, Thana / Upazila - Kalaroa, District - Satkhira - 9410, Satkhira"
0265,DRM UNITED IDEAL COLLEGE,drmuic@gmail.com,042161121,"VILL:RAGHURAMPUR,POST:RATANPUR, Satkhira"
0266,SUNDARBAN COLLEGE OF TECHNOLOGY,sundarbancollegetech@gmail.com,047164778,"NOOR AHMAD KHAN ROAD, PALASHPOLE, Satkhira"
0267,COLLEGE OF EDUCATION,collegeofeducationsatkhira@gmail.com,01712976689,"SULTANPUR, Satkhira"
0268,CHANDANPUR UNITED COLLEGE,chandanpurunitedcollege@gmail.com,01309118732,"chandanpur, Kalaroa, Satkhira, Satkhira"
0307,RAYERMOHAL COLLEGE,rayermohalcollege2022@gmail.com,041760498,"GPO-9000 ,  KHALISHPUR , KHULNA, Khulna"
0308,METROPOLITAN COLLEGE,mpck308@gmail.com,0412830816,"SABUJBAGH,  SONADANGA, P.O. GPO-9000, Khulna, Khulna"
0309,KHANJAHAN ALI COLLEGE OF SCIENCE & TECHNOLOGY,khanjahanali.kln@gmail.com,041763644,"93, Mujgunni R/A, Boyra Mohasarak, GPO- 9000, Boyra,Khulna, Khulna"
0310,KOYRA GOVERNMENT MOHILA COLLEGE,koyramohilacollege@gmail.com,0402656115,"KOYRA,KHULNA, Khulna"
0311,ALAIPUR COLLEGE,apcrupshakhl@gmail.com,01719504798,"VILL+P.O-ALIPUR, Khulna"
0312,KHULNA GOVT. MAHILA COLLEGE,kgcprin.ad@gmail.com,0412850083,"BOYRA , KHULNA, Khulna"
0313,AZAM KHAN GOVT. COMMERCE COLLEGE,azamkhancollege@yahoo.com,041722882,"3, BABU KHAN ROAD, KHULNA., Khulna"
0314,AHSANULLAH COLLEGE,ahsanullahcollege@yahoo.com,041731700,"31 K, D, A AVENUE , KHULNA, Khulna"
0315,GOVT. SUNDARBAN ADARSHA COLLEGE,govt.sundarban.ac@gmail.com,02477721915,"KHAN JAHAN ALI ROAD, Khulna"
0316,GOVT. M. M. CITY COLLEGE,mmcitycollege.khulna@yahoo.com,02477725704,"300, KHAN JAHAN ALI ROAD. KHULNA, Khulna"
0317,SHAHID SUHRAWARDI COLLEGE,khulnasscollege@gmail.com,02477724738,"28, sscollege road, BANORGATI BAZAR, Khulna"
0318,RUPSHA COLLEGE,rupshacollege.khulna@yahoo.com,0255039668,"RUPSHA EAST, KHULNA, Khulna"
0319,PIONEER GOVERNMENT MAHILA COLLEGE,girlscollegepioneer@gmail.com,041721266,"6,SOUTH CENTRAL ROAD, KHULNA, Khulna"
0320,HAJI ABDUL MALEK ISLAMIA COLLEGE,hmicprincipal27@gmail.com,02477722239,"SHIPYARD, Khulna"
0321,GOVT. HAJI MD. MOHSIN COLLEGE,moshincollege.khalishpur_khulna@yahoo.com,02477704018,"ROAD NO 18, KCC WORD NO 12, HAUGING ESTATE, Khulna"
0322,GOVT. B. L. COLLEGE,infoblcollege@gmail.com,8802477702944,"KHULNA, Khulna"
0323,MOHSIN MAHILA COLLEGE,muhsingirlscollege@yahoo.com,041774913,"DAULATPUR, KHULNA., Khulna"
0324,DAULATPUR DAY/NIGHT COLLEGE,daulatpurcollegedn@yahoo.com,02477700940,"PABLA, DAULATPUR, KHULNA, Khulna"
0325,BAJUA SURENDRANATH COLLEGE,bajuasurendranathcollege@gmail.com,01309116923,"VILL.+P.O.- BAJUA, P.S.- Dacope, Dist.- Khulna., Khulna"
0326,GOVT. M. A. MAJID COLLEGE,mamazid.dc.86@gmail.com,041890095,"DIGHOLIA, Khulna"
0327,GOVT. NORTH KHULNA COLLEGE,northkhulnacollege@gmail.com,01309117461,"P.O & UPAZILLA: TEROKHADA, DIST. KHULNA, Khulna"
0328,DUMURIA COLLEGE,dumuriacollege@gmail.com,0402556023,"DUMURIA, KHULNA-9250, Khulna"
0329,GOVT. BATIAGHATA DEGREE COLLEGE,batiaghatacollege@yahoo.com,0402256017,"BATIAGHATA, KHULNA., Khulna"
0330,GOVT. SHAHPUR MADHUGRAM COLLEGE,smc.principal@yahoo.com,01309117055,"SHAHPUR, Dumuria, KHULNA, Khulna"
0331,FULTALA M. M. COLLEGE,phummcollege@gmail.com,041701031,"PHULTALA, Khulna"
0332,PAIKGACHA GOVT. COLLEGE,0332pc@gmail.com,01718019250,"Saral, 4 No Word, Paikgacha Pouroshova, Khulna., Khulna"
0333,KAPILMUNI COLLEGE,collegekapilmuni@gmail.com,01712087308,"KAPILMUNI BAZAR, KAPILMUNI, PAIKGACHHA, KHULNA., Khulna"
0334,GOVT. BANGABANDHU COLLEGE,info.bbckhl@gmail.com,041800051,"Rupsha, Khulna., Khulna"
0335,ALHAJ SARWAR KHAN COLLEGE,SKCOLLEGE92@GMAIL.COM,041890056,"SENHATI, DIGHALIA, KHULNA, Khulna"
0336,SABURANNESA MAHILA COLLEGE,soburannesamohilacollege@gmail.com,041731860,"23/1, GAGAN BABU ROAD, Khulna"
0337,FASIAR RAHMAN MAHILA COLLEGE,frwcspk@gmail.com,02477731718,"VILL- SARAL, P.O.- PAIKGACHA, UPZ. - PAIKGACHA, DIST- KHULNA, Khulna"
0338,KHAN SHAHEB KOMORUDDIN COLLEGE,khansahebkomoruddin@gmail.com,01713914423,"JAIGIRMOHAL, AMADI, KOYRA, KHULNA, Khulna"
0339,SHAHID SMRITI MAHILA COLLEGE,s.s.mohilacollege@gmail.com,01712242403,"POST: SAJIARA, UPAZILA: DUMURIA, DIS: KHULNA., Khulna"
0340,GOVT. PHULTALA MAHILA COLLEGE,phultalamahilacollege90@yahoo.com,041701469,"ALKA, PHULTALA, KHULNA, Khulna"
0341,KHULNA ISLAMIA COLLEGE,khulnaislamiacollege@gmail.com,024777040556,"BOYRA, GPO-9000, SONADANGA, KHULNA.,"
0342,KHANJAHAN ALI ADARSHA COLLEGE,collegekhanjahanali@gmail.com,041785177,"SHIROMONI INDUSTRIAL AREA,"
0343,"INSTITUTE OF LIBRARY, ARTS, COMMERCE & SCIENCE (ILACS)",quyyum1960@gmail.com,041720638,"5/1, Korpara Road,Tutpara,KHULNA.,"
0344,KHULNA COLLEGE,khulcollege@gmail.com,041733413,"KHANJAHAN NOGOR (GOBARCHAKA) MAIN ROAD, KHULNA,"
0345,MOULANA BHASHANI MEMORIAL COLLEGE,mbmcollege1993@gmail.com,01711011159,"BANIAKHALI, P.O-SHARAFPUR,,"
0346,CITY GIRLS COLLEGE,cgckhulna@gmail.com,041811596,"75/2 HAZI ISMAIL ROAD , KHULNA,"
0347,KHULNA INSTITUTE OF TECHNOLOGY AND MANAGEMENT,avsvision@gmail.com,01719208087,","
0348,GOVT. L. B. K. DEGREE WOMEN'S COLLEGE,lbkmohilacollege@gmail.com,01718846157,"KHUTAKHALI BAJUA,"
0349,SHAHEED AYUB & MUSA MEMORIAL (DEGREE) COLLEGE,ayubmusacollege@gmail.com,01309117320,"GARAIKHALI,paikgacha,khulna,"
0350,AKIJ INSTITUTE OF TECHNOLOGY KHULNA,,,","
0351,CITY LAW COLLEGE,awalraj90@gmail.com,724069,"28, AHASAN AHAMED ROAD, KHULNA, Khulna"
0352,CENTRAL LAW COLLEGE,clckhl1995@gmail.com,041732505,"7, BANE BABU ROAD, P.S. Khulna, Dist.- KHULNA., Khulna"
0353,GOVT. TEACHERS' TRAINING COLLEGE,ttckhul@yahoo.com,041774551,"GOVT. TEACHERS' TRAINING COLLEGE, KHULNA, Khulna"
0354,SAROWAR KHAN TEACHERES TRAINING COLLEGE,takiab@gmail.com,01720661217,"0, Khulna"
0355,INSTITUTE OF EDUCATION LIBRARY AND MANAGEMENT (IELAM),md.shahidulislam414@yahoo.com,0412850979,"635/7 & 53/6,MUJGUNNI MOHASAROK,BOYRA,KHULNA., Khulna"
0356,"INSTITUTE OF LIBRARY, ARTS, COMMERCE AND SCIE",0,,"0, Khulna"
0357,KHULNA ART COLLEGE,0,,"0, Khulna"
0358,SHAHID ABUL KASHEM COLLEGE,kashem_college1995@yahoo.com,01711817162,"KAIYA BAZAR, Khulna"
0359,CHALNA MOBARAK MEMORIAL COLLEGE,chalnammcollege@gmail.com,0402356084,"VILL. ACHABUYA. P.O: CHALNA BAZAR, Khulna"
0360,AMIRUL ISLAM KAGOJI TEACHERS' TRAINING COLLEGE,aikttcollage@gmail.com,01912956961,"PAIKGACHA, Khulna"
0361,POLLISREE DEGREE COLLEGE,pollisreecollege@gmail.com,01711398375,"MADARTALA BORISIN DUMURIA KHULNA, Khulna"
0362,KAPOTAKSHMA COLLEGE,kapotakshmacollege1@gmail.com,0402656017,"1 NO KOYRA, PO-MADINABAD,KOYRA, KHULNA., Khulna"
0363,CHALNA COLLEGE,chalnacollege.0363@gmail.com,0402356076,"P.O: CHALNA BAZAR, Khulna"
0364,CHUKNAGAR COLLEGE,chuknagar.college@gmail.com,01920733178,"Chuknagar College, Chuknagar-9252, Dumuria, Khulna., Khulna"
0365,HORIDHALI KAPILMUNI MOHILA COLLEGE,hkmc2001@gmail.com,01711043566,"RAMCHANDRANAGOR, Khulna"
0366,MAHESHWARPASHA SHAHID ZIA COLLEGE,mpszcollege0366@yahoo.com,041774052,"P.O: KUET, P.S: DAULATPUR, DIST: KHULNA, Khulna"
0367,CHITTRA MOHILA DEGREE COLLEGE,cittramcollege@gmail.com,0402956040,"TEROKHADA, post. Terokhada, Upozila. Terokhada. Dist. Khulna, Khulna"
0368,SYED ARSHAD ALI AND SABURUNNESSA GIRLS COLLEGE,sasgirlscollege@gmail.com,041800267,"BELFULIA,RUPSHA,KHULNA., Khulna"
0401,NARAIL GOVT. VICTORIA COLLEGE,narailgvc@gmail.com,02477773013,"RATANGONJ, NARAIL, Kurigram"
0402,ABDUL HAYEE COLLEGE,abdulhyedegreecollege@gmail.com,048162244,"MOHISHKHOLA, NARAIL SADAR , NARAIL, Narail"
0403,GOVT. SHAHID ABDUS SALAM COLLEGE,kaliasascollege@gmail.com,01918995578,"Vill-Chotokalia,P.O.- Kalia(7520),P.S.-Kalia Dist-Narail, Narail"
0404,LOHAGARA GOVT. ADARSHA COLLEGE,lohagaraacollege68@gmail.com,0482356115,"PO. LOHAGARA, Narail"
0405,MUNSHI MANIK MIAH COLLEGE,bordiacollege@gmail.com,01726160020,"P.O.- BARDIA,Thana-Kalia, Dist- Narail., Narail"
0406,NABOGANGA COLLEGE,ndcnu1994@yahoo.com,01309118438,"DIGHALIA, P/O KOLA-DIGHALIA, UPPAZILLA- LOHAGARA, DISTRICT- NARAIL. POST CODE-7510, Narail"
0407,LAKSHMIPASHA ADARSHA DEGREE WOMENS' COLLEGE,laxmdc@gmail.com,0482356159,"LAXMIPASHA, Narail"
0408,MIRZAPUR UNITED DEGREE COLLEGE,collegemirzapur@gmail.com,01713901694,"VILL- MIRZAPUR, POST- MIRZAPUR ARPARA,Upa-Zila Narail Sadar,Dist. Narail Bangladesh., Narail"
0409,S. M. A. AHAD COLLEGE,smaahadcollege@yahoo.com,01715214309,"po: Lahuria Upazilla: Lohagora Dist: Narail., Narail"
0410,MAIJPARA COLLEGE,maijparacollege@gmail.com,0713921728,"MODHYIAPALI, Narail"
0411,MONORANJAN KAPURIA COLLEGE,monoranjankapuriacollege@gmail.com,042166898,"POST:CHANCHURI PURULIA, Narail"
0412,SM SULTAN BENGAL CHARUKALA MOHABIDYALAY,sultanbengal@gmail.com,01765999975,"VILL>MACHIMDIA,POST>RATANGONG,PS>NARAIL,DIST>NARAIL., Narail"
0413,NARAIL GOVT MOHILA COLLEGE,narail_govt_mohila.college@yahoo.com,048162218,"MAGURA ROAD. NARAIL, Narail"
0501,GOVT. MICHAEL MADHUSUDAN COLLEGE,principal.mmc.jessore@gmail.com,02477762326,"SHAH ABDUL KARIM ROAD, KHORKI, JESSORE, Jessore"
0502,KAZI NAZRUL ISLAM COLLEGE,kazinazrulislamcollege0502@gmail.com,01309116100,"HABITPUR,BARINAGAR, SADAR, JASHORE, Jessore"
0503,GOVT. SHAHID SIRAJUDDIN HOSSAIN COLLEGE,principalsshcollege@gmail.com,01711237535,"GOURNAGAR, BAGHARPARA, JESSORE, Jessore"
0504,UPASHAHAR COLLEGE,upcollegejessore@gmail.com,042165232,"PO. Newtown, Upashahar, Sadar, Jessore., Jessore"
0505,JESSORE CANTONMENT COLLEGE,principalccjc@gmail.com,02479553170,"JESSORE CANTONMENT , JESSORE, Jessore"
0506,JESSORE GOVT. MAHILA COLLEGE,jgmcollege@yahoo.com,02477762524,"KARBALA ROAD, SADAR, JASHORE, Jessore"
0507,JESSORE GOVT. CITY COLLEGE,govtcitycollegejessore@gmail.com,042165763,"NORAIL ROAD, JESSORE, Jessore"
0508,MONIRAMPUR GOVT. COLLEGE,monirampurcollege1967@gmail.com,0422778164,"MONIRAMPUR COLLEGE,MONIRAMPUR,JESSORE., Jessore"
0509,MONIRAMPUR MAHILA COLLEGE,monirampur93mdc@gmail.com,0422778413,"MONIRAMPUR MAHILA COLLEGE, MONIRAMPUR, JESSORE, Jessore"
0510,KESHABPUR GOVT. COLLEGE,kc.keshabpur@gmail.com,02477767110,"KESHABPUR, JESSORE., Jessore"
0511,HAZI ABDUL MOTALEB MAHILA COLLEGE,hammohilacollege15@gmail.com,01309115946,"KESHABPUR, JESSORE., Jessore"
0512,JHICKERGACHHA SHAHID MASHIUR RAHMAN COLLEGE,smrcollege@yahoo.com,0422571293,"JHIKARGACHA, Jessore"
0513,CHOWGACHHA GOVT. COLLEGE,ferojkabir.jess@gmail.com,0422456238,"P,O : CHOWGACHA, Jessore"
0514,NAVARON DEGREE COLLEGE,ibrahimkhll8@gmail.com,0422875314,"Post-JADABPUR, Thana-Shars,Dist-Jessore,, Jessore"
0515,DR. AFIL UDDIN COLLEGE,dr.afiluddindegreecollege@gmail.com,0423251011,"BAGACHARA, Sharsha, Jessore, Jessore"
0516,NOAPARA GOVERNMENT COLLEGE,principal_nc1964@yahoo.com,0422271257,"NOAPARA COLLEGE, P.O.-NOAPARA, UPAZILA-ABHAYNAGOR, DIST.-JESSORE., Jessore"
0517,MASHIAHATI COLLEGE,masiahaticollege70@gmail.com,01772943528,"MASHIAHATI,JESSORE, Jessore"
0518,SINGIA ADARSHA COLLEGE,singiaadarshacollege@gmail.com,01712146434,"BANIARGATI, JANGALBADHAL,JESSORE SADAR,JESSORE, Jessore"
0519,BAGHARPARA COLLEGE,bpcollege64@gmail.com,01714251850,"POST:BAGHARPARA,PS:BAGHARPARA, Jessore"
0520,BANKRA DEGREE COLLEGE,bankradegreecollege@gmail.com,01925224412,"S.BANKRA, JHIKARGACHA, JESSORE, Jessore"
0521,CHOWGACHA MRIDHAPARA MAHILA COLLEGE,cmpmcollege95@gmail.com,0422456583,"VILL+POST: CHOWGACHA, Jessore"
0522,HAMIDPUR AL-HERA COLLEGE,principalhac@gmail.com,042161175,"HAMIDPUR, JESSORE SADAR, JESSORE., Jessore"
0523,TALBARIA DEGREE COLLEGE,talbariacollege@gmail.com,01913810748,"TALBARIA, Jessore"
0524,NAWAPARA MAHILA COLLEGE,principal.nmc3@gmail.com,042271767,"NOAPARA, Jessore"
0525,MUKTIJODDHA COLLEGE,info@mc.edu.bd,01740541454,"RUDRAPUR, P.O-RUDRAPUR, P.S-JESSORE SADAR, DISTRICT-JESSORE, BANGLADESH, Jessore"
0526,UPASHAHAR MAHILA DEGREE COLLEGE,umc.edu.bd@gmail.com,042161615,"UPASHAHAR,JESSORE, Jessore"
0527,BANGLADESH COMPUTER AND MANAGEMENT COLLEGE,bcmccrm@yahoo.com,"+880-421-62480, 6248","16, Dhaka Road, East Barandi Para, Jessore"
0528,JESSORE COLLEGE,jessorecollege@yahoo.com,042168520,"SHANKARPUR, CHANCHARA, JESSORE, Jessore"
0529,SHAMMILANY MAHILA COLLEGE,sammilonicollege@gmail.com,0422571625,"JHIKARGACHA, JESSORE, Jessore"
0530,JHIKORGACHA MOHILA COLLEGE,jhimoc1995@gmail.com,01309115805,"JHIKORGACHA, JESSORE, Jessore"
0531,GANGANANDAPUR DEGREE COLLEGE,gdcjhikjess95@gmail.com,042165023,"GANGANANDAPUR, Jessore"
0532,MUKTESWARI DEGREE COLLEGE,mukteswaricollege@hotmail.com,01713920689,"P.P.BARIA,MONIRAMPUR,JESSORE., Jessore"
0533,KAPATACKHA SHAMMILANI DEGREE COLLEGE,k.s.d.college1987@gmail.com,01718208552,"POST: BARANDALI, Jessore"
0534,GOVT. BIR SHRESTHA NOOR MOHAMMAD DEGREE COLLEGE,bsnmdcollege@gmail.com,01723246404,"VII. TABARIA, POST; SHALKONA, PO: SHARSHA, DIST: JESSORE, Jessore"
0535,SAMMILANI DEGREE COLLEGE,sammilanidegreecollege1947@gmail.com,01731135453,"MADANPUR, Jessore"
0536,FAZILATUNNESA GOVT. WOMEN'S COLLEGE,fazilatunnesa.college@gmail.com,042175555,"NAVARAN, Jessore"
0537,SALUA ADARSHA DEGREE COLLEGE,saluacollege263@gmail.com,01786509511,"PO:SALUA BAZAR ,UP:CHOWGACHA,DIS:JESSORE, Jessore"
0538,SHOHEED MOSHIUR RAHMAN LAW COLLEGE,smrlcjjsr@gmail.com,01720564663,"NARAIL ROAD, JESSORE, Jessore"
0539,A. B. C. D. COLLEGE,babujess@gmail.com,01711010915,"CHOWGACHA, JESSORE., Jessore"
0540,HIZAL DANGA SHAHID FLIGHTLT. MASUD MEMORIAL COLLEGE,sflmasudmemorialcollege@gmail.com,01309115945,"HIZALDANGA,keshabpur, jessore., Jessore"
0541,BENAPOLE COLLEGE,benapolecollege@gmail.com,01711482543,"BENAPOLE, Jessore"
0542,GOVT. TEACHERS' TRAINING COLLEGE,ttcjessore5@yahoo.com,042166461,"JAIL ROAD, GHOPE, JESSORE, Jessore"
0543,MUNSHI MEHERULLAH TEACHERS' TRAINING COLLEGE,mmttcjsr@gmail.com,042162795,"AIR PORT ROAD, PURATAN KOSBA, JESSORE, Jessore"
0544,"JESSORE SHIKKHAK PROSHIKHAN COLLEGE, PALBARI",mokbulhossen1977@gmail.com,01716319726,"PALBARI, JESSORE, Jessore"
0545,AMDABAD COLLEGE,amdabadcollege@gmail.com,01718692695,"PO: AMDABAD BAZAR, JESSORE SADAR, JESSORE., Jessore"
0546,NOAPARA MODEL COLLEGE,noaparamodelcollage@yahoo.com,0422271592,"NOAPARA, Jessore"
0547,NARIKEL BARIA DEGREE COLLEGE,narikelbariacollege@yahoo.com,01713920961,"POST- NARIKELBARIA, Jessore"
0548,KESHABPUR PHYSICAL EDUCATION COLLEGE,keshabpurbped2001@gmail.com,01712062275,"KESHABPUR, JESSORE, Jessore"
0549,JESSORE PHYSICAL EDUCATION COLLEGE,mdeahsankadirtapash@gmail.com,042169008,"NEW TOWN, Jessore"
0550,UPASHAHAR TEACHERS' TRAINING COLLEGE,uttcjessore@gmail.com,01712311326,"Jessore-Magura Road ,panchbaria ,Shikkhaboard,Upashahar,JESSORE., Jessore"
0551,BANGLADESH SOUTH WEST MODEL INSTITUTE,bdswmi2002@gmail.com,01767971180,"Bangladesh South West Model Institute, Jashore
Present Address: Ishaq Sarok, Shankorpur,
P.O.-Chanchra, Upazila: Jashore Sadar, Dist.:
Jashore - 7400, Jessore"
0552,S.M. SULTAN FINE ART COLLEGE,smsultanfineartcollege@gmail.com,042171123,"NEWTOWN, JESSORE, Jessore"
0553,BANGLADESH AIR FORCE ACADEMY,0,,"0, Jessore"
0554,RUPDIA SHAHEED SMRITY COLLEGE,rupdiacollege99@gmail.com,00,"RUPDIA. SADAR. JESSORE, Jessore"
0555,RAJGONJ DEGREE COLLEGE,mdnurulhuda98@gmail.com,01716166387,"vill:MONOHORPUR,p/o:rajganj,p/s:monirampur,jessore, Jessore"
0556,NATUNHAT PUBLIC COLLEGE,natunhatpubliccollege@yahoo.com,01711823183,"P.O.-GAZIR DARGAH, P.S.- KOTWALI, DIST- JESSORE, Jessore"
0557,BAGHAR PARA MOHILA COLLEGE,bagharparamc@yahoo.com,01712253647,"POST:BAGARPARA  P.S:BAGHARPARA, Jessore"
0558,VANGURA ADARSHA DEGREE COLLEGE,vanguracollege@gmail.com,n,"VANGURA, Jessore"
0559,MIRJAPUR ADARSHA WOMEN COLLEGE,mirjapurcollege2016@gmail.com,01718335824,"P.O.- GOURNAGAR, P.S.- BAGHARPARA, DIST.- JESSORE, Jessore"
0560,BAGACHRA TEACHERS TRAINING COLLEGE,riajul1991.bd@gmail.com,01965562848,"0, Jessore"
0561,PAKSHIA IDEAL COLLEGE,pakshiaic1995@gmail.com,01721389642,"PAKSHIA BAZAR, SHARSHA, JESSORE, Jessore"
0562,BIRPROTIK ISHAQUE COLLEGE,riajul.1991@yahoo.com,01965562848,"0, Jessore"
0563,PANJIA MAHAVIDYALAYA,ruhulamin0655@gmail.com,01718611550,"POST- PAJIA, KESHABPUR, JESSORE, Jessore"
0564,DR. ABDUR RAZZAK MUNICIPAL COLLEGE,darmc97@gmail.com,042168883,"STADIAMPARA, KHARKI,jessore, Jessore"
0565,SHIMULIA DEGREE COLLEGE,shimuliadegreecollege@yahoo.com,01767919651,"SHIMULIA, JHIKARGACHA, JASHORE, Jessore"
0566,SOUTHERN INSTITUTE OF BUSINESS AND INFORMATION TECHNOLOGY (SIBIT),sibitjsr@yahoo.com,042168985,"SHAID MOSHIUR RAHMAN SARAK, PURATAN KASBA, JESSORE-7400, Jessore"
0567,GABKHALI MAGURA UNITED COLLEGE,gbmagurauniteddegreecollege@gmail.com,01727804636,"GABKHALI MAGURA, MAGURA HAT, AVOYNAGAR, JESSORE., Jessore"
0568,BHABADAHA COLLEGE,info.edu.bc@gmail.com,01714662835,"VILL- KALISHAKUL, POST-KATENGA BAZAR, PS-AVOYNAGOR, DIST: JESSORE., Jessore"
0569,BHOYRAB ADARSHA COLLEGE,bhoyrabcollege@gmail.com,21,"SIDDHIPASHA, Jessore"
0570,S. M. HABIBUR RAHMAN POURO COLLEGE,sm.habib.p.d.c@gmail.com,0422456424,"Chowgachha, Jessore, Jessore"
0601,GOVT. KESHAB CHANDRA COLLEGE,govtk.c.collegejhenidah@gmail.com,02477746911,"JHENAIDAH, Jenaidha"
0602,SAILKUPA GOVT. COLLEGE,info@shailkupagovtcollege.org,02477749867,"SHAILKUPA GOVT. COLLEGE, SHAILKUPA, JHENAIDAH, Jenaidha"
0603,GOVT. LALAN SHAH COLLEGE,golasco2009@yahoo.com,02477750168,"POST: HARINAKUNDU, DIST: JHENAIDAH, Jenaidha"
0604,GOVT. NURUNNAHAR MAHILA COLLEGE,gnmcjhenidah@gmail.com,045162351,"GOVT. NURUNNAHAR MOHILA COLLEGE.JHENIDAH, Jenaidha"
0605,JHENAIDAH COLLEGE,jhenaidahcollege@gmail.com,02477747015,"ARAP PUR, Jenaidha"
0606,KHONDOKAR MOSHARRAF HOSSAIN GOVT. COLLEGE,kmhcollege@gmail.com,0452465018,"KOTCHANDPUR, Jhenaidah, Jenaidha"
0607,MAHESHPUR GOVERNMENT DEGREE COLLEGE,mgovtcollege@gmail.com,2477749468,"VILL:JUGIHUDA.POST:MAHESHPUR.Upazilla:MAHESHPUR.DIST:JHENIDAH., Jenaidha"
0608,GOVT. MAHTABUDDIN COLLEGE,mucollege66@yahoo.com,0452356031,"PO-NALDANGA, KALIGANJ, JHENAIDAH, Jenaidha"
0609,SHEIKPARA DUKHI MAHMUD COLLEGE,prdmc94@gmail.com,01711163108,"POST OFFICE - BOSONTOPUR, shailkupa, jhenidah, Jenaidha"
0610,KOTCHANDPUR POURA MOHILA COLLEGE,kpmdc.0610@gmail.com,0452465326,"KOTCHANDPUR, JHENAIDAH, Jenaidha"
0611,AMINA KHATUN COLLEGE,amenakhatuncollege@gmail.com,045163147,"ROBI-NARIKELBARIA, Jhenaidah sadar , jhenaidah., Jenaidha"
0612,SAFDERPUR - DORA COLLEGE,sdcollegekot@yahoo.com,01711783424,"SAFDARPUR, Jenaidha"
0613,JARIP BISWAS DEGREE COLLEGE,sazzadmito@gmail.com,01816619485,"BAGUTIA, Jenaidha"
0614,MIA ZINNAH ALAM COLLEGE,mdmoazzem68@gmail.com,01711964405,"GARAGONJ,SHAILKUPA,JHENIDAH, Jenaidha"
0615,A. ROUF DEGREE COLLEGE,mdssr25@gmail.com,0453251152,"DAKBANGLA BAZER, Jenaidha"
0616,SHEIKH HASINA PADMA PUKUR GOVT. DEGREE COLLEGE,principal.pc0616@gmail.com,01925684398,"POST OFFICE-GURDAHA, VIA-DAULATGANJ,, Jenaidha"
0617,RAICHARAN TARINICHARAN DEGREE COLLEGE,rtcollege_jhd@yahoo.com,01716942094,"HATGOPALPUR JHENAIDAH SADAR, Jenaidha"
0618,SHAHEED ZIAUR RAHMAN LAW COLLEGE,zakariamilon5@gmail.com,01712260628,"Bangabandhu Rd, Jhenaidah, Khulna Division, Bangladesh, Jenaidha"
0619,SALEHA BEGUM MOHILA COLLEGE,scomputer8000@gmail.com,0452274030,"HARINAKUNDU, JHENIDAH, Jenaidha"
0620,MOHESHPUR POURO MOHILA COLLEGE,mpmcollege1996@gmail.com,0452556374,"MOHESHPUR POURO MOHILA COLLEGE.MOHESHPUR.JHENAIDAH, Jenaidha"
0621,"SHAHID ZIA-UR RAHMAN COLLEGE, FATEPUR",szrdcfp@gmail.com,0452556212,"POST-KHALISHPUR, UPZ-MAHESHPUR, DIST-JHENAIDAH, Jenaidha"
0622,SHAILKUPA CITY COLLEGE,mth.pscc@gmail.com,0452656037,"P.O.:SHAILKUPA,UPAJILA: SHAILKUPA, DISTRICT: JHENIDAH, DIVISION: KHULKA., Jenaidha"
0623,MD. SHAHIDUL ISLAM COLLEGE,ralam197510@yahoo.com,01716113724,"BHAIROBA Mohespur Jhenaidah, Jenaidha"
0624,BIDWA SAGAR TEACHERS' TRAINING COLLEGE,bidwasagar@gmail.com,045162836,"144, SHER-E-BANGLA ROAD, JHENAIDAH., Jenaidha"
0625,JHENAIDAH ADARSHA TEACHERS' TRAINING COLLEGE,Jattc0625@gmail.com,01827743463,"ZILA SCOUTS VHABON, JHENAIDAH, Jenaidha"
0626,MUKTIJADDAH MOSHIUR RAHMAN DEGREE COLLEGE,mjmrdegreecollege@yahoo.com,045162838,"LAUDIA,JHENIDAH, Jenaidha"
0627,ALHAZ AMZAD ALI AND FAIZUR RAHMAN MOHILA COLLEGE,afmohilacollege@gmail.com,0452356312,"POST: NALDANGA (7350), Jenaidha"
0628,ADIL UDDIN COLLEGE,principalauc@gmail.com,01711732511,"LANGALBANDH, JHENAIDAH, Jenaidha"
0629,BANGABANDHU MEMORIAL COLLEGE,bbmdc2000@gmail.com,01718607662,"BHATAI BAZAR,SHAILKUPA, JHENAIDAH, Jenaidha"
0630,G. T. COLLEGE,gtdegreecollege2000@gmail.com,0452465325,"TALSAR, Jenaidha"
0631,KATLAGARI COLLEGE,motiar_prince@yahoo.com,01712867651,"KATLAGARI BAZAR,katlagari,shailkupa,jhenaidah, Jenaidha"
0632,GOVT. BIRSHRESTHA SHAHID HAMIDUR RAHMAN DEGREE COLLEGE,bshrdc@gmail.com,01309116749,"VILL-KHALISHPUR, UPZ-MAHESHPUR, DIST-JHENAIDAH, Jenaidha"
0633,SHAILKUPA MOHILA DEGREE COLLEGE,smdcollege@yahoo.com,01718098606,"SHAILKUPA, JHENIDAH, Jenaidha"
0634,HAZI ARSHAD ALI COLLEGE,haadegreecollege.bd@gmail.com,01714960301,"BHALKI BAZAR, HARINAKUNDU, JHENIDAH, Jenaidha"
0635,DR. SAIFUL ISLAM COLLEGE,dr.sick1999@gmail.com,01712144690,"KATGARA P.O : MANDERBARIA,, Jenaidha"
0636,AL-HAZ MOSIUR RAHMAN COLLEGE,alhazmoshiurrahmancollege@gmail.com,01711280290,"AL-HAZ MOSHIUR RAHMAN DEGDEE COLLEGE, POST- GANNA BAZAR, UPA- JHENIDAH, DIS- JHENIDAH., Jenaidha"
0637,JATEER JANAK BANGABANDHU SHEIKH MUGIB MEMORIAL DEGREE COLLEGE,jjbbsmmemorialcollege@gmail.com,01718924099,"SHAMSHER NAGAR, POST- GOURINATHPUR, Jenaidha"
0638,KOTCHANDPUR POURO COLLEGE,kotchandpurpourocollege@gmail.com,0452465686,"KASHIPUR, KOTCHANDPUR,JHENIDAH., Jenaidha"
0639,BAROBAZAR COLLEGE,barobazar.college@gmail.com,01711065866,"VILL: BADEDIHI P.O. HAT BAROBAZAR, Jenaidha"
0640,SHAHID NUR ALI COLLEGE,snac6765@gmail.com,0452356305,"NALDANGA, KALIGONJ, JENAIDAH, Jenaidha"
0641,A & J COLLEGE,principalaandjcollege@gmail.com,01713040121,"PANNATALA, Jenaidha"
0642,MOSHARRAF HOSSAIN COLLEGE,mhcjhenai07@gmail.com,01962559477,"Tikari road, Hamdah, Jhenaidah,"
0643,HAZI ARSHAD ALI COLLEGE,,,","
0644,JADOBPUR COLLEGE,monzuruljpc@gmail.com,01711975912,"Hat Jadobpur, Maheshpur, Jhenaidah ,"
0701,GOVT. H. S. S. COLLEGE,ghssmcollege@yahoo.com,048862418,"COLLEGE ROAD, MAGURA, Magura"
0702,SREEPUR DEGREE COLLEGE,sdcollege69@gmail.com,02477711808,"SREEPUR, Magura"
0703,AMINUR RAHMAN COLLEGE,aminurrahmancollege@gmail.com,0485275018,"MOHOMMADPUR, MAGURA., Magura"
0704,AMARESH BASU COLLEGE,amareshbasucollage@gmail.com,01854340459,"ALOKDIA BAZAR,POST- ALOKDIA, P.S- MAGURA SADOR, DIS- MAGURA, Magura"
0705,BONAGATI DEGREE COLLEGE,bunagatidegreecollege@gmail.com,01309118124,"POST: BUNAGATI  DIST: MAGURA, Magura"
0706,ARPARA COLLEGE,arparacollege.info@gmail.com,01309118123,"ARPARA, SHALIKHA, MAGURA, Magura"
0707,NAZIR AHMED COLLEGE,nacmagura@yahoo.com,01718891858,"BEROIL POLITA, Magura, Magura"
0708,MAGURA ADARSHA COLLEGE,maguraadcollege@gmail.com,048862614,"ADARSHAPARA, MAGURA, Magura"
0709,KAZI SALIMA HAQUE MAHILA COLLEGE,kshmocollege@gmail.com,0485275003,"MOHAMMADPUR, MAGURA, Magura"
0710,NAKOL SAMMILANY DEGREE COLLEGE,nsdcmagura@gmail.com,01715309992,"NAKOL, Magura"
0711,G. K. IDEAL DEGREE COLLEGE,selimhossain_80@yahoo.com,01309118173,"Ghasiara-Kamlapur, Nakol-7612, Sreepur, Magura                                                                                                   ., Magura"
0712,BINODPUR DEGREE COLLEGE,bdcmm1994@gmail.com,01719194543,"BINODPUR,MAHMMADPUR,MAGURA, Magura"
0713,MAGURA TEACHERS' TRAINING COLLEGE,mttc2004@gmail.com,01719914958,"AG ACADEMY, MR ROAD, MAGURA, Magura"
0714,MAGURA LAW COLLEGE,Maguralawcollege@gmail.com,04886624,"A.G.ACADEMY.M.R.ROAD. MAGURA, Magura"
0715,DARIAPUR DEGREE COLLEGE,dariapurdegreecollege@gmail.com,01718727877,"MALAYNAGAR,sreepur,magura, Magura"
0716,BIHARILAL SHIKDER GOVT. COLLEGE,biharilalsikdercollege@yahoo.com,01715534855,"VILL- SINGRA, POST - SINGRA, UPAZILA- SHALIKHA, DIST- MAGURA, Magura"
0717,MAGURA GOVT. MOHILA COLLEGE,maguragirlscollege@yahoo.com,02479911184,"MAGURA GOVT. MOHILA COLLEGE, MAGURA, Magura"
0718,BABUKHALI ARDARSHA COLLEGE,badcmagura@gmail.com,01747245245,"VILL: SULTUNSHI, Magura"
0719,JAGDAL SOMMILONY COLLEGE,jscmagura@gmail.com,01319118001,"Hat jogdal,MAGURA SADAR, MAGURA, Magura"
0720,HAZIPUR SHAMMILONI DEGREE COLLEGE,hazipurcollege@gmail.com,01309118007,"POST. HAZIPUR, P.S- MAGURA SADAR, DIST.-MAGURA, Magura"
0801,CHUADANGA GOVT. COLLEGE,chuadangagov.college@yahoo.com,02477788210,"KABORI ROAD, CHUADANGA, Chuadanga"
0802,ADARSHA MAHILA COLLEGE,agmcchua@yahoo.com,076162704,"FIROJ ROAD, BUJRUK GARGARI, CHUADANGA, Chuadanga"
0803,CHUADANGA POURA COLLEGE,chuadangapc@gmail.com,076162687,"CHUADANGA POURA DEGREE COLLEGE,CHUADANGA, Chuadanga"
0804,ALAMDANGA GOVERNMENT COLLEGE,alamdangacollege115330@gmail.com,0762256335,"ALAMDANGA, CHUADANGA., Chuadanga"
0805,"M. S. ZOHA DEGREE COLLEGE, ALAMDANGA",zohacollege@gmail.com,01733729334,"POST.- HARDI, ALAMDANGA, CHUADANGA, Chuadanga"
0806,DARSHANA GOVT. COLLEGE,darsanagov.college@yahoo.com,0763251013,"Darsana govt. college, Chuadanga, Chuadanga"
0807,JIBON NAGAR DEGREE COLLEGE,jdcjibannagar@gmail.com,0762475047,"JIBANNAGAR, CHUADANGA, Chuadanga"
0808,ABDUL WADUD SHAH COLLEGE,aosdcollege@yahoo.com,07623-56022,"DAMURHUDA,CHUADANGA, Chuadanga"
0809,ALAMDANGA MOHILA DEGREE COLLEGE,amcp0809@gmail.com,0762256588,"WAPDA COLONY, ALAMDANGA, Chuadanga"
0810,BADARGONJ COLLEGE,BADARGANJDEGREECOLLEGE@GMAIL.COM,01717156674,"BADARGONJ, Chuadanga"
0811,NIGAR SIDDIK DEGREE COLLEGE,nigarsiddikcollege@gmail.com,01719320441,"MUNSHIGONJ, Chuadanga"
0812,JIBANNAGAR GOVT. ADARSHA MOHILA DEGREE COLLEGE,jamc.org@gmail.com,0762475440,"JIBANNAGAR, CHUADANGA., Chuadanga"
0813,KHASHKARARA COLLEGE,khashkararacollege2000@gmail.com,01710183955,"POST: KHASHKARARRA,UPAZILLA:  ALAMDANGA, DISTRICT:  CHUADANGA., Chuadanga"
0814,BOROSOLUA NEW MODEL COLLEGE,bsnmc2004@gmail.com,01718291689,"BORO SOLUA.TITUDHA.CHUADANGA SADAR.CHUADANGA, Chuadanga"
0815,KARPASHDANGA MAHABIDDYALYA,karpashdangacollege1@gmail.com,01713901107,"KARPASHDANGA, DAMURHUDA,CHUADANGA, Chuadanga"
0816,UTHALI COLLEGE,uthalicollege@gmail.com,01761426060,"Village : Uthali, Post : Uthali, Word: 01, Union : Uthali, Upazila : Jibannagar, Chuadanga"
0901,MEHERPUR GOVT. COLLEGE,principal.mgc@gmail.com,0247792044,"MEHERPUR, Meherpur"
0902,MEHERPUR GOVT. MAHILA COLLEGE,mgmcmeherpur@gmail.com,079162497,"6 NO. WORD, MAHILA COLLEGE ROAD, Meherpur"
0903,MUJIBNAGAR DEGREE COLLEGE,mujibnagardegreecollege@yahoo.com,079163059,"Dariapur, Mujibnagar, Meherpur, Meherpur"
0904,GANGNI DEGREE COLLEGE,gangnicollege@gmail.com,0791175042,"Mowja:chowgacha,post.Gangni ps.Gangni. Dist. Meherpur., Meherpur"
0905,GANGNI MOHILA DEGREE COLLEGE,gmdc.gangni@gmail.com,0792275131,"GANGNI, MEHERPUR, Meherpur"
0906,SOHIUDDIN DEGREE COLLEGE,mpdc.edu.bd@gmail.com,079162817,"KATHULI ROAD , SADAR UPAZILA , MEHERPUR., Meherpur"
0907,TERAIL-JOREPUKURIA COLLEGE,tjdegreecollege118256@gmail.com,01309118256,"TERAIL, JOREPUKURIA, GANGNI, MEHERPUR., Meherpur"
0908,KAZIPUR COLLEGE,kazipurcollege@gmail.com,01718239064,"KAZIPUR, Meherpur"
0909,A. R. B. COLLEGE,arb.college@gmail.com,01774508373,"POST+VILL: AMJHUPI , THANA+DIS: MEHERPUR, Meherpur"
0910,KARAMDI COLLEGE,karamdicollege@gmail.com,01822888299,"KARAMDI, Meherpur"
1001,KUSHTIA GOVT. COLLEGE,kstgovtcollege@gmail.com,02478853700,"KUSHTIA GOVT. COLLEGE, KUSHTIA., Kushtia"
1002,KUSHTIA ADARSHA DEGREE MAHABIDYALAYA,kuadco@gmail.com,07173515,"MOHINI MILLS, MILL PARA, Kushtia"
1003,KUSHTIA GOVT. MAHILA COLLEGE,ggck.kushtia@gmail.com,02477783033,"JILKHANA MORE, KUSHTIA, Kushtia"
1004,KUSHTIA ISLAMIA COLLEGE,officekicollege@gmail.com,07162161,"N. S ROAD KUSHTIA, Kushtia"
1005,KUMARKHALI GOVT. COLLEGE,kumarkhalicollege@yahoo.com,0702576447,"BATIKAMARA, KUMARKHALI, KUSHTIA., Kushtia"
1006,KHOKSHA GOVT. COLLEGE,azmasad_2008@yahoo.com,0702456325,"KHOKSA, JANIPUR, KUSHTIA, Kushtia"
1007,SHOMSPUR ABU TALEB DEGREE COLLEGE,sadc.edu@gmail.com,01718140253,"Vill: SHOMOSPUR, Post Office: SHOMOSPUR-7021, Thana : KHOKSA, Dist : KUSHTIA., Kushtia"
1008,BHERAMARA GOVT. COLLEGE,bheramaracollege@yahoo.com,02477784928,"VILLEG: COLLEGE PARA, POST: BHERAMARA ,, Kushtia"
1009,BHERAMARA GOVT. MAHILA COLLEGE,mahilacollege1994@gmail.com,0702271997,"BHERAMARA, Kushtia"
1010,DAULATPUR COLLEGE,daulatpurcollegekushtia@gmail.com,0172375107,"daulatpur, Kushtia"
1011,PEOPLES COLLEGE,pdc_college@yahoo.com,0703273014,"KHASH MATHURAPUR, Kushtia"
1012,AMLA GOVT. DEGREE COLLEGE,amlacollege2013@gmail.com,0702656166,"AMLA, MIRPUR, KUSHTIA, Kushtia"
1013,MIRPUR MAHAMUDA CHOWDHURY COLLEGE,mirpurmccollege84@gmail.com,0702656326,"Mirpur Mahmuda Chowdhury College, P.O-Mirpur, Upazila-Mirpur, Dist-Kushtia., Kushtia"
1014,BANSHGRAM ALAUDDIN AHMED COLLEGE,bgac_1014@yahoo.com,01970880821,"VILLAGE- BANSHGRAM, POST- DURBACHARA, THANA- KUMARKHALI, KUSHTIA., Kushtia"
1015,HALSA ADARSHA COLLEGE,hadc1987@yahoo.com,01714592393,"HALSA BAZAR, Mirpur, Kushtia., Kushtia"
1016,PHILIP NAGAR MARICHA COLLEGE,pmdegreecollege94@gmail.com,01718616632,"PHILIP NAGAR, Kushtia"
1017,KHOLISHA KUNDI COLLEGE,khalishakundicollege1994@yahoo.com,01719456620,"VILL: KHALISHAKUNDI,       P.O: KHALISHAKUNDI,THANA; DAULATPUR,DIS;KUSHTIA, Kushtia"
1018,BHERAMARA ADARSHA COLLEGE,shamimurrahmanac@yahoo.com,0702271416,"HOSPITAL ROAD, Kushtia"
1019,KUMARKHALI ADARSHA MAHILA COLLEGE,adarshamcollege@gmail.com,0702576203,"KUMARKHALI, KUSHTIA., Kushtia"
1020,NASIRUDDIN BISWAS MAHABIDDALAYA,nbc117608@yahoo.com,01712095014,"BARAGANGDIA, DAULATPUR, KUSHTIA, Kushtia"
1021,NURUZZAMAN BISWAS DEGREE COLLEGE,degreecollegenuruzzamanbiswas@gmail.com,01309117605,"ALLARDARGA, Kushtia"
1022,ALAUDDIN AHMED COLLEGE,mintuaac@gmail.com,01732656938,"ALAUDDIN NAGOR, CHARAIKOLE, KUMARKHALI, KUSHTIA., Kushtia"
1023,SHELAIDAH BISHWAKABI RABINDRANATH TAGORE COLLEGE,principalmuzahid64@gmail.com,01711235932,"SHELAIDAH, Kushtia"
1024,DR. MD. FAZLUL HAQUE GIRLS DEGREE COLLEGE,drfazlulhaquecollege93@gmail.com,0703273071,"VILL: BAGOAN, P.O: DANGMARKA, DAULATPUR, KUSHTIA, Kushtia"
1025,MIRPUR MOHILA DEGREE COLLEGE,mmdc.college@gmail.com,01781659600,"MIRPUR,KUSHTIA, Kushtia"
1026,KUSHTIA LAW COLLEGE,kushtialawcollege@gmail.com,54070,"KAZI NAZRUL ISLAM ROAD, COURTPARA, KUSHTIA, Kushtia"
1027,"ALLAUDDIN AHMED TEACHERS' TRAINING COLLEGE, KUMARKHALI",attckstbed.college97@gmail.com,01718452549,"ALAUDDIN NAGAR, Kushtia"
1028,B. J. M. COLLEGE,bjmdegreecollege86@yahoo.com,0702271043,"P.O. BAHADURPUR, Kushtia"
1029,KUSHTIA TEACHERS TRAINING COLLEGE,0,,"0, Kushtia"
1030,ALAUDDIN AHMMED PHYSICAL INSTITUTE,alauddinahmedphyins@gmail.com,0718020,"ALAUDDIN NAGAR KUMARKHALI KUSHTIA 7010, Kushtia"
1031,KUSHTIA PHYSICAL EDUCATION COLLEGE,0,,"0, Kushtia"
1032,AL-HAJ SAIDUR RAHMAN MONTU WOMEN COLLEGE,montucollege1203@gmail.com,01712660580,"Janipur,khoksa,kushtia.Bangladesh., Kushtia"
1033,SYED MAS-UD RAMY COLLEGE,sayedmasudrumi@gmail.com,01793543943,"BORO BAZAR GHAT .KUSHTIA, Kushtia"
1034,PANTI MAHABIDDALOY,pantidegreecollege@gmail.com,0703351103,"VILLAGE+POST OFFICE-PANTI, THANA-KUMARKHALI, DISTRICT-KUSHTIA., Kushtia"
1035,COLLEGE OF BUSINESS ADMINISTRATION AND TECHNOLOGY,cbatkust@gmail.com,01768249977,"South Tower,4th floor,63/ R.C.R.C Road, New Courtpara, Kushtia-7000., Kushtia"
1036,KUSHTIA HAZI ABUL HOSSAIN INSTITUTE OF TECHNOLOGY,khabhit@yahoo.com,07163203,"House No:30/1, Nobin Tower,Alfa Mor,Dadapur Road, KUSHTIA-7000, Kushtia"
1037,MOHISHKUNDI COLLEGE,mahishkundicollege@gmail.com,01724887030,"MOHISHKUNDI, DAULATPUR, KUSHTIA, Kushtia"
1038,KHATER ALI DEGREE COLLEGE,khateralicollege@gmail.com,01309117812,"LAXMIPUR, Kushtia, Kushtia"
1039,PORADAH DEGREE COLLEGE,poradahcollege@gmail.com,01718221508,"PORADAH COLLEGE,Vill. KATDAH, POST-PORADAH, THANA-MIRPUR, DIST.-KUSHTIA., Kushtia"
1040,DHOKRAKOL DEGREE COLLEGE,dhokrakolecollege@gmail.com,01716352522,"POST: MOHISHBATHAN. UPAZILA: KHOKSA. DIST:KUSHTIA., Kushtia"
1041,SHAGAR KHALI ADARSHA COLLEGE,shagarkhalycollege5264@gmail.com,01713919890,"CHITHALIA, Kushtia"
1042,DAULATPUR GIRLS COLLEGE,dgc27030@gmail.com,01718102855,"DAULATPUR DAULATPUR KUSHTIA, Kushtia"
1043,GARAI MOHILA DEGREE COLLEGE,gmckushtia@gmail.com,07171918,"JAILKHANA MORE,"
1101,GOVT. B. M. COLLEGE,principalbmcollege@gmail.com,043164793,"BARISAL SADAR, BARIAL,"
1102,AMRITLAL DEY COLLEGE,amritacbsl@gmail.com,043164032,"AMRITA LAL DEY SARAK,"
1103,SYED BAZLUL HAQUE COLLEGE,sbhcollege1103@gmail.com,01755589925,"Vill & Post-BAISHARI,Upozilla- BANARIPARA, Dist-BARISAL,"
1104,HAJI TAHERUDDIN ISLAMIA COLLEGE,htuidc1986@gmail.com,01309101102,"BHABANIPUR, WAZIRPUR, BARISAL.,"
1105,BARISAL CITY COLLEGE,c1105@nu.ac.bd,01711271808,"SADAR ROAD, BARISAL,"
1106,ISLAMIA COLLEGE,islamiacollegebsl@gmail.com,04312173309,"AMANATGONJ, BARISAL.,"
1107,BARISAL GOVT. MAHILA COLLEGE,bgwcinfo@yahoo.com,043164990,"AGARPUR ROAD, Barisal,"
1108,BEGUM TOFAZZAL HOSSAIN MANIK MIAH MAHILA COLLEGE,bthmmmcnu@gmail.com,043163856,"SOUTH ALEKANDA, WORD NO.12, BARISAL CITY CORP. BARISAL,"
1109,BARISAL GOVT. COLLEGE,principal_gbc@yahoo.com,02478864614,"KALIBARI ROAD, BARISAL,"
1110,GOVT. SYED HATEM ALI COLLEGE,hatemalicollegebarisal@yahoo.com,02478864984,"Chowmatha, Nobogram Road, Barisal Sadar, Barisal,"
1111,GOVT. BAKERGONJ COLLEGE,gov.bakergonjcollege@gmail.com,0432874025,"P.O- SAHEBGONJ, Bakerganj, Barisal.,"
1112,SYED AFSAR ALI COLLEGE,saac.barishal100589@gmail.com,01718544420,"VILLAGE: MOHESHPUR, POST OFFICE: MOHESHPUR,"
1113,GOURNADI GOVT. COLLEGE,gc100703@yahoo.com,0247887017,"Govt. Gournadi College, Gournadi, Barisal,"
1114,GOVT. PATARHAT ROSHIC CHANDRA COLLEGE,patarhatrccollege@gmail.com,01309100949,"GOVT. PATARHAT R.C COLLEGE, MAHENDIGONJ, BARISHAL.,"
1115,FUZLUL HUQ GOVT. COLLEGE,govtfhcchakhar@gmail.com,256401,"CHAKHAR, BANARIPARA, BARISAL.,"
1116,BANARIPARA COLLEGE,banariparacollege@yahoo.com,0433256114,"BANARIPARA,"
1117,"ABUL KALAM COLLEGE, RAKUDIA",abulkalamdegreecolleger@yahoo.com,01309100442,"RAKUDIA, BABUGANJ, BARISAL.,"
1118,KALASHKATHI COLLEGE,kdc139@gmail.com,01309100590,"KALASKATHI, BAKERGONJ, BARISAL,"
1119,HAZRAT ALI COLLEGE,alhajhck@gmail.com,01718002077,"KAMAR KHALI  BAKERGANJ  BARISAL .,"
1120,MULADI GOVT. COLLEGE,muladicollege@gmail.com,01716194335,"MULADI , BARISAL,"
1121,GOVT. HIZLA COLLEGE,hizladcollege70@gmail.com,01309100736,"VILL: KHUNNA GOBINDOPUR, POST: BARAJALIA, UPAZILA: HIZLA, DIST: BARISHAL.,"
1122,GOVT. SHAHEED ABDUR ROB SERNIABAT DEGREE COLLEGE,aabdurrobserniabatdegreecolle@yahoo.com,0432356211,"Govt. SHAHEED ABDUR ROB SERNIABAT DEGREE COLLEGE, vILLAGE : FULLASREE, P.O: FULLASREE, P.S: AGAILJHARA,  DIST : BARISAL,"
1123,UJIRPUR AL HAJ B. N. KHAN COLLEGE,bnkhancollege1983@gmail.com,0432956019,"UJIRPUR,"
1124,DHAMURA COLLEGE,ddcbsl@gmail.com,01724953983,"VILL. DHAMURA,"
1125,"GOVT. SHER-E-BANGLA DEGREE COLLEGE, SHIKARPUR",sherebangla1970@gmail.com,0429365200,"SHIKERPUR, WAZIRPUR, BARISAL.,"
1126,"BABUGANJ DEGREE COLLEGE, BABUGANJ",babugonjcollege@gmail.com,01712948041,"BABUGANJ, BARISAL.,"
1127,AGARPUR COLLEGE,agarpurcollege@yahoo.com,01712114360,"AGARPUR,BABUGONJ,BARISAL,"
1128,SHAHID ZIAUR RAHMAN COLLEGE,shahidziaurrahmancollege1128@gmail.com,01716040222,"SHAHEBERHAT,"
1129,NAZIRPUR UNITED COLLEGE,nudc94@gmail.com,01637046695,"NAZIRPUR,MULADI,BARISAL.,"
1130,CHARKALEKHAN ADARSHA COLLEGE,charkalekhancollege@gmail.com,01740852650,"CHARKALEKHAN, MULADI, BARISAL.,"
1131,ULANIA MUZAFFAR KHAN COLLEGE,ulaniam.kcollege@yahoo.com,01309100951,"ULANIA MUZAFFAR KHAN COLLEGE, MAHENDIGONJ, BARISAL.,"
1132,C. N. B. COLLEGE,cnbdegreecollege@ymail.com,01712701463,"NIAMATI, BAKERGONJ, BARISHAL.,"
1133,MAHILARA COLLEGE,mdc_barisal@yahoo.com,01712432315,"Post-Mahilara 8232, Upojela-GOURNADI, Dist-BARISAL,"
1134,SHAHID SMARANIKA DEGREE COLLEGE,sahidsmaranika@yahoo.com,01711042133,"MUNSIR TALLUK,"
1135,BARAKOTHA UNION DEGREE COLLEGE,Sherizulislam@yahoo.com,01309101104,"POST: CHOWDHURIR HAT,Upzila-Ujirpur,Zila-Barisal.(E-mail: principal.budegreecollege@gmail.com),"
1136,GUTHIA IDEAL COLLEGE,taijul889@yahoo.com,01711005889,"GUTHIA,"
1137,SHAHID ABDUR RAB SERNIABAT LAW COLLEGE,barisallawcollege@yahoo.com,04312173518,"HOSPITAL ROAD,"
1138,BEGUM SAMSUDDIN TALUKDER COLLEGE,bstc1995@yahoo.com,01712544420,"CHARADI, RANIRHAT, BAKERGONJ, BARISAL.,"
1139,COLLEGE OF EDUCATION (B. ED.),bced1139@gmail.com,01717388625,"UTTAR AMANATGANJ, BARISAL,"
1140,GOVT. SHAHID ABDUR ROUB SERNIABAD TEACHERS' TRAINING COLLEGE,principalttcbarisal@yahoo.com,041774551,"KASHIPUR,"
1141,COLLEGE OF EDUCATION (B. P. ED.),collegeofeducationbped01@gmail.com,01715306366,"UTTAR AMANATGANJ,BARISAL,"
1142,INSTITUTE OF LIBRARY AND INFORMATION SCIENCE,madhusbmc@yahoo.com,01727669771,"KASHIPUR SCHOOL & COLLEGE ROAD, KASHIPUR, BARISAL,"
1143,SYED AZIZUL HAQUE COLLEGE,sahcollege_bsl@yahoo.com,01309101097,"KESABKATI, WZIRPUR, BARISAL.,"
1144,BARISAL INSTITUTE OF INFORMATION TECHNOLOGY (BIIT),biitedu2005@gmail.com,0431217633,"C & B ROAD  BARISAL,"
1145,HELALUDDIN AHMMOD COLLEGE,huacollege@gmail.com,01712826853,"KAKARDHA-PO:KAKARDHA-UZ:BAKERGONJ--Dis:Barisal,"
1146,MAHENDIGONJ MOHILA MOHABIDHALAY,mmdcollege2000@gmail.com,0432556011,"C&B Road,MEHENDIGONJ, BARISAL-8270,"
1147,BARTHI DEGREE COLLEGE,barthidegreecollege@yahoo.com,01309100705,"BARTHI,Gournadi, Barisal,"
1148,M. A. MALEK DEGREE COLLEGE,mamdc94@gmail.com,01732797934,"CHHOTO RAGHUNATHPUR,"
1149,GOVT. PHYSICAL EDUCATION COLLEGE,bpec_ds@yahoo.com,01735979865,"BARISAL SADAR BARISAL,"
1150,BISHARKANDI SHER-E-BANGLA DEGREE COLLEGE,bcollege64@yahoo.com,01309100656,"POST:-BISHARKANDI,"
1151,ARIF MAHMUD COLLEGE,arifmahmudcollege@yahoo.com,01309101017,"POST: CHARCOMISONAR, MULADI , BARISAL.,"
1152,ATAHAR UDDIN HOWLADER DEGREE COLLEGE,auhdcollege2002@gmail.com,043163958,"BALAYKATHI, BADALPARA, CHARADI, BAKERGONJ,BARISAL,"
1153,UJIRPUR MOHILA COLLEGE,ujirpurmohila@yahoo.com,0000000,"UJIRPUR,"
1154,AKOTA DEGREE COLLEGE,akotadegreecollege@gmail.com,01733255295,"SONTOSHPUR,"
1155,NIZAMUDDIN DEGREE COLLEGE,nizamuddindigreecollege@yahoo.com,01309100704,"HOSNABAD, Gournadi, Barisal,"
1156,BARISAL INFORMATION TECHNOLOGY COLLEGE (BITC),bitc.barisal@gmail.com,043163496,"C & B ROAD. (HATEM ALI COLLEGE- CHOWMATHA), BARISAL.,"
1157,KABAI UNION ISLAMIA COLLEGE,kabaiunionislamiacollege100598@gmail.com,01712503351,"POST: LUXMIPASHA,"
1158,HAZI SYED BODRUL HOSSAIN COLLEGE,hsbhcollege@gmail.com,01714217286,"POST- SAFIPUR, UPAZILA- MULADI, DIST- BARISAL.,"
1159,ABDUR RAB SERNIABAT GOVT. COLLEGE,arsc.bsl@gmail.com,02478834398,"KAWNIA.BARISAL,"
1160,PURBO HOSNABAD MOHABIDDALAYA,purbahosnabadcollege@gmail.com,0,"VILL: PURBO HOSNABAD, PO: GACHUA,"
1201,SUHRAWARDI GOVT. COLLEGE,govt.suhrawardicollegepirojpur@yahoo.com,046162650,"PIROJPUR SADAR, Perojpur"
1202,PEROJPUR GOVT. MAHILA COLLEGE,pirojpurgovt@gmail.com,046162506,"PARERHAT ROAD, PIROJPUR, Perojpur"
1203,GOVT. KAUKHALI COLLEGE,kowkhalicollege834@gmail.com,0462456109,"KAUKHALI, Perojpur"
1205,BHANDARIA GOVT. COLLEGE,bhandariagovt.college@yahoo.com,02477799271,"BHANDARIA, Perojpur"
1207,BHANDARIA MAJIDA BEGUM MAHILA COLLEGE,bhandaria_mahilacollege@yahoo.com,0462356332,"BHANDARIAPIROJPUR, Perojpur"
1208,GOVT. SWARUPKATHI COLLEGE,govt.swarupkati1208college@gmail.com,01309103082,"GOVT. SWARUPKATHI COLLEGE, SOHAGDAL, NESARABAD, PIROJPUR., Perojpur"
1209,NAZIRPUR COLLEGE,shahidzia2625@hotmail.com,0462674021,"NAZIRPUR SADOR,NAZIRPUR,PIROJPUR., Perojpur"
1210,MATIBHANGA DEGREE COLLEGE,matibhangacollege1967@gmail.com,01309102889,"MATIBHANGA, NAZIRPUR, PIROJPUR, Perojpur"
1211,MOTHBARIA GOVT. COLLEGE,mgc.gov.bd@gmail.com,0462575002,"MATHBARIA, Perojpur"
1212,KABI GURU RABINDRA NATH DEGREE COLLEGE,kabiguru_rabindranath_college@yahoo.com,01309103083,"KURIANA, Perojpur"
1213,GOVT. INDURKANI COLLEGE,zianagarcollege@gmail.com,0462256112,"INDURKANI, PIROJPUR, Perojpur"
1214,SAFA COLLEGE,principalsafadegreecollege1994@gmail.com,01718358633,"Village-Dhani Safa, Post-Safa Bandar, Mathbaria, Pirojpur, Perojpur"
1215,AFTABUDDIN COLLEGE,aftabuddincollege@gmail.com,046162856,"PIROJPUR SADAR, Perojpur"
1216,SHAHID SMRITI COLLEGE,shahidsmritycollege@gmail.com,01309103081,"SWARUPKATI, Perojpur"
1217,MOHIUDDIN AHMED WOMEN'S DEGREE COLLEGE,mm_c93@yahoo.com,01712676871,"MATHBARIA, POUROSAVA WARD-02, MATHBARIA, PIROJPUR., Perojpur"
1218,RAJBARI COLLEGE,rajbari1218college@gmail.com,01731181690,"BYASKATI, Perojpur"
1219,MOTHBARIA TEACHERS' TRAINING COLLEGE,munsurahmed1960@gmail.com,063,"MATHBARIA, Perojpur"
1220,DR. RUSTUM ALI FARAJI DEGREE COLLEGE,drafdegreecollege@gmail.com,01715916856,"POST OFFICE- UTTAR SONAKHALI, Perojpur"
1221,PEROJPUR LAW COLLEGE,pirojpurlawcollege@gmail.com,01715166547,"Sadar Road, Pirojpur, Perojpur"
1222,PHYSICAL EDUCATION COLLEGE,0,,"0, Perojpur"
1223,PEROJPUR TEACHERS' TRAINING COLLEGE,pttc1223@gmail.com,01919337596,"ADORSHOPARA, Perojpur"
1224,AMANULLAH DEGREE COLLEGE,amanullahcollege@yahoo.com,01309102682,"BHANDARIA, PIROJPUR., Perojpur"
1225,FAZILA RAHMAN MOHILA COLLEGE,frmc.swarup1989@gmail.com,01716253347,"KOWRIKHARA, NESARABAD, PIROJPUR, Perojpur"
1226,PASHCIM SOHAGDAL SHAHID SMRITY B. M. DEGREE COLLEGE,PASHCIM SOHAGDAL SHAHID SMRITY B.M. (Degree) College,01740963733,"VILL-Pashcim Sohagdal.POST-Pashcim Sohagdal, Perojpur"
1227,KAUKHALI MOHILA DEGREE COLLEGE,Kaukhalimcollege@gmail.com,01309102720,"KAUKHALI, PIROJPUR, Perojpur"
1228,GOVT. BANGAMATA BEGUM FAZILATUNNESA MUJIB WOMEN'S COLLEGE,bm.2609@hotmail.com,01914789170,"NAZIRPUR SADAR, PIROJPUR., Perojpur"
1229,ALHAJ ABDUR RAHMAN COLLEGE,alhajabdurrahmancollege@gmail.com,01712370435,"Baldia, Rajbari, Nesarabad, Perojpur, Dhaka"
1230,BANGABANDHU SHEIKH MUJIBUR RAHMAN COLLEGE,kabirjahangir1998@gmail.com,01712509231,"post bhagirathpur, Perojpur"
1231,BAITHA KATA COLLEGE,kkkk@kk.com,01715143154,"Village : Mugarjhor, Post : Baithakata, Upazila : Nazirpur, Dist : Pirojpur,"
123667,Test College Mirpur,farjana.bigm@gmail.com,+8801753695967,"Shyamoli, Dhaka"
1301,JHALOKATHI GOVT. COLLEGE,jgc1964@yahoo.com,049863215,"JHALOKATHI GOVT. COLLEGE, JHALOKATHI, Jhalokathi"
1302,SHERE BANGLA FAZLUL HAQUE COLLEGE,sbfhcbj2@gmail.com,01777520386,"POST: BINOYKATI,THANA:JHALOKATI,DIST:JHALOKATI, Jhalokathi"
1303,GOVT. NOLCHHITI COLLEGE,govtnslchitycollege@gmail.com,0495374227,"POST. NALCHITY, Jhalokathi"
1304,ZULFIKAR ALI BHUTTO COLLEGE,zabhuttocollegenalchity@gmail.com,01736832502,"POST- KATAKHALI, UPAZILLA- NALCHITY, ZILLA-JHALOKATHI, Jhalokathi"
1305,GOVT. TOFAZZAL HOSSAIN MANIK MIA COLLEGE,thmmdcollege@gmail.com,0495256127,"VILL+POST-KATHALIA, UP-KATHALIA, DIST-JHALAKATI, Jhalokathi"
1306,SHAHID RAJA COLLEGE,shahidrajadegreecollegeamua@yahoo.com,01309101784,"POST: AMUA, UPA: KATHALIA, DIST: JHALOKATHI, Jhalokathi"
1307,JHALOKATHI MOHILA COLLEGE,jgwcollege@yahoo.com,049862545,"JHALOKATI SADAR, JHALOKATI, Jhalokathi"
1308,ALHAJ LALMON HAMID WOMEN COLLEGE,almhwomenc.rajapur@yahoo.com,01309101972,"POST: RAJAPUR, Jhalokathi"
1309,RAJAPUR GOVT. COLLEGE,rajapurdegreec@gmail.com,01309101973,"RAJAPUR,JHALAKATI, Jhalokathi"
1310,COLLEGE OF EDUCATION,0,,"0, Jhalokathi"
1311,DOPDOPIA UNIOUN DEGREE COLLEGE,dudcollege1993@gmail.com,01722387441,"BHAROTKATI, POST- JURKATI, DIST-JHALAKATI, Jhalokathi"
1312,BARAIYA COLLEGE,baraia.degreecollege@gmail.com,01712222807,"POST-PALOT, Jhalokathi"
1313,MONOSWITA MOHILA COLLEGE,manoswitamahilacollege@gmail.com,01711341946,"SHOULJALIA, KATHALIA, JHALOKATHI., Jhalokathi"
1314,ABDUL MALEQUE COLLEGE,abdulmalekcollege@yahoo.com,01309101974,"UTTAMPUR, RAJAPUR, JHALOKATHI, Jhalokathi"
1315,AKLIMA MOAZZEM HOSSAIN COLLEGE,AMH.COLLEGE136555@GMAIL.COM,049863614,"JHALOKATHI SADAR, JHALOKATHI., Jhalokathi"
1316,"HEMAYET UDDIN COLLEGE, GUATON",hucollege@gmail.com,01309101707,"VILL+POST:GUATON, Perojpur"
1401,BHOLA GOVT. COLLEGE,bholagovtcollege@yahoo.com,049161822,"BHOLA SADAR,"
1402,NAZIUR RAHMAN COLLEGE,naziurrahmancollege@gmail.com,049161283,"PO-PARANGONJ,BHOLA SADER,BHOLA-8300,"
1403,TAZUMUDDIN GOVT. COLLEGE,tazumuddindegreecollege@yahoo.com,01716540943,"HAT SHOSHIGONG,TAZUMUDDIN, BHOLA.,"
1404,GOVT. SHEIKH FAZILATUNNESA MOHILA COLLEGE,govtfmcbhola@gmail.com,049161313,"WORD NO-2, GAZIPUR ROAD, BHOLA,"
1405,DAULATKHAN GOVT. ABU ABDULLAH COLLEGE,daacollege1983@yahoo.com,0492456129,"9 NO WORD , DAULATKHAN POUROSOVA,"
1406,GOVT. ABDUL JABBAR COLLEGE,COLLEGE.ABDULJABBAR@GMAIL.COM,0492256185,"BORHANUDDIN,powrasova 6 no word,Borhanuddin,Bhola,"
1407,CHARFASSION GOVT. COLLEGE,charfassoncollege@yahoo.com,0492374021,"WARD# 04, CHARFASSON POURASHAVA,"
1408,KORIMUNNESSA HAFIZ MOHILA COLLEGE,karimunnessahafiz123@gmail.com,0492575630,"LALMOHAN municipality,bhola,"
1409,SHAHBAJPUR GOVT. COLLEGE,govtshahbajpurcollege@yahoo.com,0492575734,"6 No Ward, College Para, po:Lalmohan, Ps:Lalmohan, Disct: Bhola,"
1410,FATEMA MATIN MOHILA COLLEGE,fmmcollege@yahoo.com,0492374162,"WARD NO- 04 CHARFASSON POURASHAVA, CHARFASSON, BHOLA.,"
1411,DULAR HAT ADARSHA COLLEGE,dularhatadarshacollege@yahoo.com,01716442823,"VILLAGE : CHARTOFAZZOL. POST - DULARHAT,"
1412,ALTAZER RAHMAN COLLEGE,arcbhola@gmail.com,049162110,"ALTAZER RAHMAN SARAK,"
1413,BORHANUDDIN MAHILA COLLEGE,bmdcprincipal@gmail.com,01718038617,"BORHANUDDIN,"
1414,MANPURA GOVT. COLLEGE,manpuradegreecollege@gmail.com,01716806730,"Manpura Degree College, P.S-Manpura, Dict-Bhola,,"
1415,DR. AZAHAR UDDIN DEGREE COLLEGE,gazaria3@gmail.com,01309101573,"GAZARIA, LALMOHAN, BHOLA.,"
1416,RASULPUR DEGREE COLLEGE,rasulpurdegreecollege@gmail.com,01718040595,"VILL+POST: SHASHIBHUSSION,"
1417,BANKERHAT CO-OPERATIVE COLLEGE,bcocollege@gmail.com,01720508652,"BANKERHAT, BHOLA,"
1418,ELISHA ISLAMIA MODEL COLLEGE,eimcollege@yahoo.com,01711143967,"BHOLA SADAR,"
1419,BANGLA BAZAR FATEMA KHANAM COLLEGE,bfkc.bhola@gmail.com,01309101204,"SOUTH DIGHOLDI, BHOLA SADAR, BHOLA.,"
1420,BHOLA ADAKHA NAZRUL ISLAM TEACHERS' TRAINING COLLEGE,banittcbhola@yahoo.com,01721884505,"CHAR FESSION, BHOLA,"
1421,HALIMA KHATUN MOHILA MOHABIDHALAYA,muhammadmunirulislam8@gmail.com,01719603992,"JOYNAGAR,"
1422,DHALIGOURNAGAR COLLEGE,dhaligournagarcollege2000@gmail.com,01712410712,"VILL: KULCHARA, POST: SHARAJIA,"
1423,REBA RAHMAN DEGREE COLLEGE,rrcollege7@gmail.com,01309132025,"GUNINGGERHAT, BHOLA SADAR, BHOLA,"
1424,ZANATA BAZAR COLLEGE,zanatabazarcollege2000@gmail.com,01823315282,"PO-FAZALGONJ,"
1425,BEGUM RAHIMA ISLAM COLLEGE,rahimaislamcollege@gmail.com,01711198181,"SHUSHIBOSON.CHARFASSION.BHOLA,"
1426,ABDULLAH AL ISLAM JAKOB COLLEGE,aaijakobcollege3104@gmail.com,01716332457,"POST: HASANGONJ,"
1427,PRINCIPAL NAZRUL ISLAM COLLEGE,collegepnazrulislam@gmail.com,01718365297,"CHAIRMAN BAZAR,"
1429,KACHIA TOBGI EASIN PARA E.P MOHABIDHALAY,ktep2001@gmail.com,01309101293,"KUNJERHAT, BORHANUDDIN,"
1430,HAZI MD NURUL ISLAM CHOWDHURY COLLEGE,c1430@nu.ac.bd,01309135393,"09 No. Ward, Lalmphan Pouroshova,"
1431,DOKKHIN AICHA PRINCIPAL NAZRUL ISLAM COLLEGE,dapnazrulislam139117@gmail.com,01716226814,"DOKKHIN AICHA, CHARFASSON,BHOLA,"
1501,PATUAKHALI GOVT. COLLEGE,p.govt.college@gmail.com,044162415,"PATUAKHALI GOVT. COLLEGE, PATUAKHALI., Patuakhali"
1502,PATUAKHALI MAHILA COLLEGE,patua_gmc@yahoo.com,044162740,"PATUAKHALI GOVT. MAHILA COLLEGE, Patuakhali"
1503,MAUKARAN BADARPUR LEBUKHALI PANGASHIA COLLEGE,moukaranblpdc@gmail.com,01927368710,"VILLAGE : MOUKARON, POST : MOUKARON, Patuakhali"
1504,GOVT. JANATA COLLEGE,janatacollegedumki@gmail.com,0442756312,"DUMKI, PATUAKHALI, Patuakhali"
1505,IDRIS MOLLAH DEGREE COLLEGE,imdcollege@gmail.com,01309102105,"Kalaiya, Bauphal, Patuakhali, Patuakhali"
1506,ABDUL KARIM MRIDHA COLLEGE,akmcollege1969@gmail.com,01309102594,"SADAR ROAD, PATUAKHALI., Patuakhali"
1507,GALACHIPA GOVT. COLLEGE,galachipagovt.college@gmail.com,0442456275,"GALACHIPA, Patuakhali"
1508,GOVT. MOZAHARUDDIN BISWAS COLLEGE,mbcollege70@gmail.com,044255614,"Post.KHEPUPARA,UPAZILLA-KALAPRA DIST. PATUAKHALI, Patuakhali"
1509,SUBIDKHALI GOVT. COLLEGE,subidkhalicollege@yahoo.com,0442675243,"SUBIDKHALI, Patuakhali"
1510,BAUPHAL GOVT. COLLEGE,bauphal_college@yahoo.com,0442256210,"P/O- BAUPHAL, UPAZILLA-BAUPHAL, DIST-PATUKHALI, Patuakhali"
1511,DR. YAKUB SHARIF COLLEGE,dr.eakubsharifdegreecollege@yahoo.com,0442256148,"BAGA BANDOR,BAUPHAL , PATUAKHALI, Patuakhali"
1512,KOLAGACHIA S. M. SAKENDAR ALI CHOWDHURY DEGREE COLLEGE,kalagachiasmsacollege@yahoo.com,01309102330,"VILLAGE-KALAGACHIA ,POST-KALAGACHIA., Patuakhali"
1513,KALISURI COLLEGE,kalisuridegreecollege@yahoo.com,01309102109,"POST: KALISURI, UPAZILLA: BAUPHAL, DIST: PATUAKHALI, Patuakhali"
1514,KACHIPARA MD. ABDUR RASHID MIAH COLLEGE,karm.degree.college@gmail.com,01715402748,"KACHIPARA, Patuakhali"
1515,GALACHIPA WOMEN'S COLLEGE,galachipamohiladegreecollege@gmail.com,0442456429,"GALACHIPA, Patuakhali"
1516,AKHTAR HOSSAIN CHOUDHURY MEMORIAL COLLEGE,akhtar.college@gmail.com,01716309183,"KATHALTOLI, Mirzaganj, Patuakhali, Patuakhali"
1517,PATUAKHALI LAW COLLEGE,lawcollegeptk@gmail.com,044165055,"ADALOT PARA, PATUAKHALI, Patuakhali"
1518,"DAKSHINBANGA TEACHERS TRAINING COLLEGE, MOWK",0,,"0, Patuakhali"
1519,DAKSHINBANGA TEACHERS' TRAINING COLLEGE,dttcpatuakhali@yahoo.com,01712044545,"BISWAS BHABON, SHER-E-BANGLA SAROK, PATUAKHALI, Patuakhali"
1520,PATUAKHALI TEACHERS TRAINING COLLEGE,0,,"0, Patuakhali"
1521,PATUAKHALI PHYSICAL TRAINING COLLEGE,ptcpatuakhali@yahoo.com,01714377400,"BISWAS BHABON, SHER-E-BANGLA SAROK, PATUAKHALI, Patuakhali"
1522,MOHAMMED ISHAQUE MODEL DEGREE COLLEGE,mimdc2000@gmail.com,02478880236,"PATUAKHALI, Patuakhali"
1523,GOVT. ABDUR RASHID TALUKDER COLLEGE,artdcollege@gmail.com,01721048338,"ABDUR RASHID TALUKDER COLLEGE, Patuakhali"
1524,DHANKHALI COLLEGE,dhankhalidegreecollege@gmail.com,01720372204,"DHANKHALI DEGREE COLLEGE, Patuakhali"
1525,SUBIDKHALI MOHILA COLLEGE,subidkhalimohilacollege.pr@gmail.com,0442675461,"POST-SUBIDKHALI, Patuakhali"
1526,ABDUR RASHID KHAN COLLEGE,arkdcollegenowmala@gmail.com,044163704,"NOWMALA,BAUPHAL,PATUAKHALI, Patuakhali"
1527,HAZI MOKTER ALI MRIDHA DEGREE COLLEGE,hmamcollege@yahoo.com,01712619788,"CHHOTO BEGHAI, Patuakhali"
1528,ENGINEER FARUK TALUKDER MOHILLA COLLEGE,e.f.t.m.d.college@gmail.com,01309102108,"08 N0 WOAD, NAZIRPUR.BAUPHAL,PATUAKHALI, Patuakhali"
1529,DHARANDI COLLEGE,degreecollegedharandi.ptk@gmail.com,01725965753,"DHARANDI, PATUAKHALI, Patuakhali"
1530,KHARIZZAMA COLLEGE,kharizzamacollege@gmail.com,01733152498,"KHARIZZAMA, Patuakhali"
1531,AZIZ AHMED COLLEGE,azizahmed.college2002@gmail.com,0442756155,"MURADIA, DUMKI, PATUAKHALI., Patuakhali"
1532,PATUAKHALI LIBRARY AND INFORMATION SCIENCE COLLEGE,shahidul.islam2010@yahoo.com,01721088858,"SHER-E-BANGLA ROAD, PATUAKHALI., Patuakhali"
1533,KALAPARA MOHILLA COLLEGE,kalaparamohilacollege@gmail.com,01718277932,"KHEPUPARA, KALAPARA, PATUAKHALI, Patuakhali"
1534,KESHABPUR MAHAVIDYALA,keshabpurcollege@yahoo.com,01309102106,"vill-KESHABPUR, po-keshabpur college, bauphal, patuakhali., Patuakhali"
1535,KUAKATA KHANABAD COLLEGE,kuakatakhanabadcollege@yahoo.com,0442856130,"KUAKATA.kalapara. patuakhali., Patuakhali"
1536,HAZI AKKEL ALI HOWLADER DEGREE COLLEGE,masudalambabul@gmail.com,044164072,"TOWN KALIKAPUR, Patuakhali"
1537,MUKTIJHODDHA MEMORIAL COLLEGE,mmcollege2000@gmail.com,01920195306,"MOHIPUR SADOR, KALAPARA, PATUAKHALI., Patuakhali"
1538,HAZI HAMEJUDDIN MRIDHA DEGREE COLLEGE,hhmcollege@yahoo.com,01309132000,"PATUAKHALI SADAR, PATUAKHALI, Patuakhali"
1539,ALHAZ JALAL UDDIN COLLEGE,ajalaluddincollege@gmail.com,01713958432,"DHULASAR, Patuakhali"
1540,HAZI KERAMAT ALI DEGREE COLLEGE,hazikeramatalidegreecollege@gmail.com,01757957635,"Charbiswas,Galachipa, Patuakhali,, Patuakhali"
1601,BARGUNA GOVT. COLLEGE,bargunagovcollege.edu@gmail.com,02478886332,"BARGUNA,"
1602,SYED FAZLUL HAQUE DEGREE COLLEGE,sfdcollege@yahoo.com,01718859877,"VILL+P.O.- LEMUA, UPAZILA- PATHARGHATA, DIST. - BARGUNA,"
1603,BARGUNA GOVT. MAHILA COLLEGE,bargunagovt.mahilacollege@yahoo.com,02479930055,"MAHILA COLLEGE ROAD, SADAR, BARGUNA,"
1604,BETAGI GOVT. COLLEGE,betagicollege@gmail.com,0445456018,"05 NO WARD, BETAGI POURASAVA,"
1605,GOVT. BAMNA COLLEGE,govtbamnacollege@gmail.com,0445356033,"VILLAGE_SAFIPUR, Post-Bamna, Upazila-Bamna, Dist-Barguna,"
1606,AMTALI GOVT. COLLEGE,amtalicollege@ymail.com,0445256024,"AMTALI, BARGUNA,"
1607,TALTALI DEGREE COLLEGE,taltalicollege1995@gmail.com,0445656100,"TALITALI,"
1608,BEGUM FAIZUNNESSA MOHILA DEGREE COLLEGE,faizunnesacollege.1996@gmail.com,0445356055,"VILL: KALAGASIA, POST: BAMNA, Upazila: Bamna, DIST: BARGUNA.,"
1609,LALMIA TEACHERS' TRAINING COLLEGE,lalmiattcollege@gmail.com,01718829288,"COLLEGE ROAD, BARGUNA,"
1610,EUNUS ALI KHAN COLLEGE,eunusalikhancollege@gmail.com,01309100111,"AMTOLI, BARGUNA.,"
1611,PATHARGHATA COLLEGE,patharghatacollege9@gmail.com,0445575016,"WARD NO.8 PATHARGHATA PAURASHAVA,"
1612,H. S. S. LAW COLLEGE,ghulam.hslc@yahoo.com,044851312,"STEDIAM ROAD, BARGUNA SADAR, BARGUNA,"
1613,HALTA DAWATALA WAZED ALI KHAN COLLEGE,shofiqulislam2011@yahoo.com,01715083373,"P.O_Halta, P.S_Bamna, Dist._Barguna.,"
1614,BAKULNESSA MOHILA DEGREE COLLEGE,bmdcedu1999@gmail.com,01718924656,"AMTALI, BARGUNA,"
1615,GOVT. HAZI JALAL UDDIN MOHILA COLLEGE,hjmc345@gmail.com,0445575111,"PATHARGHATA, BARGUNA.,"
1616,CHANDKHALI MOSHARROF HOSSAIN COLLEGE,chandkhalicollege@gmail.com,017153290,"Betagi, Barguna,"
1701,M. C. COLLEGE,mccollegesylhet@gmail.com,0821760634,"TILAGAR, SYLHET, Sylhet"
1702,HAZRAT SHAHJALAL (RA.) COLLEGE,hazratshahjalal2013@yahoo.com,01716159390,"VILL:KOHAIGOR, P.O.CHIKNAGOOL, POST CODE:3152 P.S.JAINTAPUR, DIST.SYLHET., Sylhet"
1703,TAJPUR COLLEGE,tajpurcollege1972@gmail.com,08242-56020,"VILL.DULIAR BON.P/O.TAJPUR P/S: OSMANINAGOR DIST: SYLHET, Sylhet"
1704,BHADESWAR MAHILA COLLEGE,bmc_bd@yahoo.com,01712091125,"P.S. SOUTH BHADESWAR.GOLAPGONJ.SYLHET, Sylhet"
1705,GOVT. MAHILA COLLEGE,gwcsyl@yahoo.com,0821714564,"CHOWHATTA, SADAR, SYLHET-3100, Sylhet"
1706,MOINUDDIN ADARSHA MAHILA COLLEGE,muamdc@gmail.com,0821714062,"SHAMIMABAD, BAGBARI, SYLHET, Sylhet"
1707,SYLHET GOVT. COLLEGE,principal_sgc@yahoo.com,02996641435,"TAMABIL ROAD, TILAOAR, Sylhet, Sylhet"
1708,GOVT. MADAN MOHAN COLLEGE,mmcsyl@gmail.com,0821714343,"LAMABAZAR,SYLHET SADAR, SYLHET, Sylhet"
1709,BEANIBAZAR GOVT. COLLEGE,beanibazargc@yahoo.com,0822356068,"BEANIBAZAR, Sylhet"
1710,FENCHUGANJ DEGREE COLLEGE,fenchuganjdegreecollege@gmail.com,01718323219,"P.O. FENCHUGANJ, Sylhet"
1711,DHAKA DAKSHIN DEGREE COLLEGE,dhakadakshindc@yahoo.com,01912525450,"DHAKADAKSHIN, GOLAPGONJ, SYLHET., Sylhet"
1712,GOAIN GHAT DEGREE COLLEGE,goainghatcollege@gmail.com,0822856152,"GOAINGHAT, SYLHET, Sylhet"
1713,KANAI GHAT GOVT. COLLEGE,kanaighatco@yahoo.com,0823356090,"P.S & P.O-KANAIGHAT, SYLHET., Sylhet"
1714,DAKSHIN SURMA GOVERNMENT COLLEGE,dakshinsurmacollege89@gmail.com,0821719667,"DAKSHIN SURMA, SYLHET, Sylhet"
1715,RAGIB-RABEYA COLLEGE,rrdc20@yahoo.com,01712940192,"RAGIB NAGOR, KAMAL BAZAR, Sylhet"
1716,JAINTAPUR TAYOB ALI DEGREE COLLEGE,jtdc459@gmail.com,01711140267,"JAINTAPUR, SYLHET, Sylhet"
1717,BALAGONJ GOVERNMENT COLLEGE,balagonjcollege93@gmail.com,0822256202,"BALAGONJ, SYLHET, Sylhet"
1718,"AKIJ INSTITUTE OF TECHNOLOGY, SYLHET",0,,"0, Sylhet"
1719,SYLHET LAW COLLEGE,sylhetlawcollege@gmail.com,0821713725,"SHAHJALAL BRIDGE ROAD, MENDHIBAGH, SYLHET., Sylhet"
1720,"JALALABAD TEACHERS' TRAINING COLLEGE, UPASHAHAR",nukhanbkb@gmail.com,0821727389,"HOUSE NO-123/3, ROAD NO-4, BLOCK-F,  SYLHET., Sylhet"
1721,METROPOLITAN LAW COLLEGE,mlcsylhet@gmail.com,01711140815,"Kendriya Muslim Sahitya Sangsad Bhaban, Dargah Gate Road SYLHET, Sylhet"
1722,GOVT. TEACHERS' TRAINING COLLEGE,ttcsyltco@gmail.com,02996632544,"EAST SHAHI EIDGAH, SYLHET-3100, Sylhet"
1723,SHAH KHURROM COLLEGE,skcpri@gmail.com,0821716726,"SHAH KHURROM COLLEGE, TUKER BAZAR, JALALABAD, SYLHET-3100., Sylhet"
1724,JAINTIA DEGREE COLLEGE,jaintiacollege@gmail.com,01728457417,"DORBOST,JAINTAPUR,SYLHET, Sylhet"
1725,NOORJAHAN MEMORIAL WOMEN'S COLLEGE,nmwcollege@gmail.com,725277,"Laway DAKSHIN SURMA, SYLHET., Sylhet"
1726,SHIMANTIK IDEAL TEACHERS' TRAINING COLLEGE,sittco@ymail.com,08212860781,"BIR MUKTI JUDHA DR. AHMED AL KABIR SHIMANTIK COMPLEX, MASIMPUR, SYLHET, Sylhet"
1727,BEANIBAZAR ADARSHA MOHILA COLLEGE,bamcinbbazar@gmail.com,01554137648,"P.O.- NIDONPUR, Sylhet"
1728,BISWANATH DEGREE COLLEGE,biswanathdcollege@gmail.com,01711389297,"BISWANATH, Sylhet"
1729,LATIFA-SHAFI CHOUDHURY WOMEN COLLEGE,lscwdc@gmail.com,01711440363,"P.O: KHALOMUK BAZAR, South Surma, Sylhet, Sylhet"
1730,ISAMOTI COLLEGE,jalal.isamoti@gmail.com,01726534853,"CHALIAKAPON, ISAMOTI, ZAKIGONJ, SYLHET, Sylhet"
1731,SHAHPORAN INSTITUTE OF BUSINESS AND TECHNOLOGY,sibtedu2011@gmail.com,1713804968,"JUGAJUG COMPLEX, SHIBGONJ,SYLHET, Sylhet"
1732,HAFSA MAZUMDER MOHILA DEGREE COLLEGE,hmmcollegezoki@yahoo.com,01309130540,"ZAKIGANJ, Sylhet"
1733,IMRAN AHMAD WOMEN'S DEGREE COLLEGE,p.iaw_college2000@yahoo.com,01759610501,"NIJPAT (JANGAL HATI), Sylhet"
1734,GOALABAZAR ADARSHA GOVT. WOMEN'S COLLEGE,gbmohilacollege@gmail.com,01733377718,"GOALABAZAR. Osmaninagor.Sylhet., Sylhet"
1735,M. SAIFUR RAHMAN COLLEGE,msaifurrahmancollege@yahoo.com,0822556078,"COMPANIGONJ, SYLHET, Sylhet"
1736,JALALPUR COLLEGE,jalalpurcollege@gmail.com,01715003313,"AJMOTPUR, JALALPUR, DAKSHIN SURMA, SYLHET, Sylhet"
1737,DAYAMIR COLLEGE,dmdcollege@gmail.com,01733377719,"DAYAMIR, Sylhet"
1738,BAROHAL COLLEGE,barohalcollege@gmail.com,01757830665,"VILL: BAROHAL, P.O: BAROHAL, P.S: ZAKIGONJ, DIST: SYLHET, Sylhet"
1739,AL-EMDAD COLLEGE,alemdadcollege1995@gmail.com,01715861013,"CHANDARPUR, P.O: CHANDARPUR, P.S: GOLAPGONJ, DIST: SYLHET, Sylhet"
1740,GACHHBARI IDEAL COLLEGE,gic1994@yahoo.com,01733377678,"Vill: Niz Doloikandi, P.O: Gachhbari Bazar, Upozilla: Kanaighat, Dist: Sylhet, Sylhet"
1741,ZAASS INSTITUTE,Zaass.institute@gmail.com,01912820372,"Kendrio Muslim Shahitto Sangsad Bhavan, Dargahgate, Sylhet, Sylhet"
1742,BOIRAGIBAZAR IDEAL COLLEGE,bbidc.edu.bd@gmail.com,01309134344,"VILL- KHOSHIR BOND, P.O- BOIRAGIBAZAR, P,S- BEANIBAZAR, DIST- SYLHET, Sylhet"
1743,KUSHIARA COLLEGE,kushiara130301@gmail.com,01309130301,"ALOMPUR, DEPUTY BAZAR, GOLAPGONJ, SYLHET, Sylhet"
1744,UTTAR BISHWANATH AMJOD ULLAH COLLEGE,ubaucollege@gmail.com,01711954958,"POST-RAMPASHA, UAZILLA-BISHWANATH, DIST. SYLHET., Sylhet"
1745,ZAKIGONJ GOVT. COLLEGE,zgcsylhet@yahoo.com,01789625172,"ZAKIGONJ, SYLHET,"
1746,MALIK NAHAR MEMORIAL COLLEGE,mn_academy39@yahoo.com,01728573048,"SARaker Bazar, kanaighat ,sylhet,"
1747,SHIMANTIK COLLEGE,shimantikcollege@gmail.com,08212860781,"BEER MUKTI JUDDHA  DR. AHMAD AL KABIR- SHIMANTIK COMPLEX, UPASHAHAR POINT, MASIMPUR, SYLHET,"
1801,BRINDABAN GOVT. COLLEGE,brindabangovt.college@yahoo.com,8802996606321,"HABIGANJ, Habiganj"
1802,CHUNARUGHAT GOVT. COLLEGE,chunarughatcollage@yahoo.com,02996608459,"CHUNARUGHAT SHOWDHUR, Habiganj"
1803,SAISTAGANJ DEGREE COLLEGE,scollege1803@gmail.com,0833256637,"WORKSHOP AREA SHAISTAGONJ POURSOVAHOBIGONJ., Habiganj"
1804,JANAB ALI GOVT. COLLEGE,janabali.college@gmail.com,01712942145,"JATRAPASHA. BANIACHONG, Habiganj"
1805,SYED SAYEEDUDDIN DEGREE COLLEGE,m.asadalicollege@gmail.com,0832756152,"MADHABPUR, Habiganj"
1806,HABIGANJ MAHILA COLLEGE,hgmcollege@yahoo.com,02996605232,"RAJNAGOR, HABIGANJ, Habiganj"
1807,NABIGANJ DEGREE COLLEGE,nabigonjdegreecollege@gmail.com,01712358332,"NABIGANJ, HABIGANJ, Habiganj"
1808,INATHGANJ COLLEGE,inatganjcollege1@gmail.com,01798131060,"Po:Inatganj.Uz:Nabiganj.Dist:Habiganj, Habiganj"
1809,ALIF SUBHAN CHOWDHURY GOVT. COLLEGE,alifsubhancollege@gmail.com,01309129342,"MIRPUR BAZAR,bahubal,hasbigonj, Habiganj"
1810,"SHACHINDRA COLLEGE, NAGURA",SHACHINDRACOLLEGE98@YAHOO.COM,01798391234,"NAGURA, P.O-PUKHRA, Habiganj"
1811,SHAHJALAL GOVT. COLLEGE,shahjalalcollegem@yahoo.com,01716346471,"AFZAL PUR, Habiganj"
1812,AJMIRIGANJ DEGREE COLLEGE,collegeajmiriganj@yahoo.com,0832256078,"P.O- AJMIRIGANJ,Upzila-Ajmiriganj, Dist-Hobiganj, Habiganj"
1813,HABIGANJ LAW COLLEGE,habiganjlawcollege@gmail.com,083162440,"SHASHANGHAT ROAD HABIGANJ, Habiganj"
1814,BAHUBAL COLLEGE,bahubalcollege2003@gmail.com,01309129343,"BAHUBAL,PO+PS-BAHUBAL DIST-HABIGANJ., Habiganj"
1815,SUFIA MATIN MOHILA COLLEGE,sufiamotinmohilacollege@gmail.com,0832456187,"JATRAPASHA, Habiganj"
1816,DHARMAGHAR COLLEGE,dharmaghardc@gmail.com,01918844232,"DHARMAGHAR, Habiganj"
1817,MUKTIJODDHA ZIA COLLEGE,mokj.zia.college@gmail.com,01309129462,"Bamoi,  Lakhai, Habiganj, Habiganj"
1901,SUNAMGANJ GOVT. COLLEGE,sgovc@yahoo.com,02996600726,"HASANNAGOR, SUNAMGANJ, Sunamganj"
1902,JAMALGANJ GOVT. COLLEGE,www.jamalgonjdc1985@gmail.com,0872856065,"P.O- SACHNA, Sunamganj"
1903,DERAI GOVT. COLLEGE,deraicollege@gmail.com,0872456073,"P.O.DERAICHANDPUR.UPZILLA:DERAI.DIST. SUNAMGONJ, Sunamganj"
1904,CHHATAK MAHABIDDYALAYA,chhatakcollege@gmail.com,0872356351,"P.O. CHHATAK, Sunamganj"
1905,GOBINDOGANJ ABDUL HAQUE SMRITI COLLEGE,gobindaganjcollege@yahoo.com,087131055,"P.O. GOBINDAGANJ NAYA BAZAR, Sunamganj"
1906,DIGENDRA BARMAN DEGREE COLLEGE,dbdc.bpur@gmail.com,0872256132,"UPAZILA SADAR PO : BISWAMBHARPUR,PS :BISHWAMBHARPUR,UPAZILA : BISWAMBHARPUR,DISTRICT:SUNAMGANJ,BANGLADESH., Sunamganj"
1907,DHARMA PASHA GOVT. COLLEGE,dharmapashadegreecollege@gmail.com,01712192028,"ধর্মপাশা, Sunamganj"
1908,BADSHAGANJ COLLEGE,bcollege1994@gmail.com,01716901133,"BADSHAGANJ, Sunamganj"
1909,JAGANNATHPUR DEGREE COLLEGE,jpdc1987@gmail.com,0872756115,"JAGANNATHPUR, Sunamganj, Sunamganj"
1910,JAWA BAZAR COLLEGE,jbdc95@gmail.com,01711327369,"JAWA BAZAR, CHHATAK, SUNAMGANJ, Sunamganj"
1911,JANATA COLLEGE,atikali02@gmail.com,01713815678,"VILL. PO: MOYEENPUR, Chhatak, Dist: Sunamganj, Sunamganj"
1912,BADAGHAT GOVT. COLLEGE,bdcollege1994@gmail.com,01717259011,"VILL: MOLLA PARA, P O: BADAGHAT , UPZILA-TAHIRPUR, ZILA- SUNAMGONJ, Sunamganj"
1913,SUNAMGANJ GOVT. WOMENS COLLEGE,principalgwcs@gmail.com,02996600307,"MADANI MOHALLA ROAD, BADHANPARA, SUNAMGANJ., Sunamganj"
1914,DUARABAZAR DEGREE COLLEGE,duarabazarcollege@gmail.com,01720504718,"P.O - DUARABAZAR,  DIST:  SUNAMGANJ, Sunamganj"
1915,BIBIANA MODEL COLLEGE,bibianamdcollege@gmail.com,01720560964,"BOALIA BAZAR, Sunamganj"
1916,ISLAMGONJ COLLEGE,islamgonjcollege@gmail.com,01716465753,"GOURARANG, SUNAMGANJ SADAR, Sunamganj"
1917,SULLA GOVT. COLLEGE,sullacollege1986@gmail.com,01746115494,"GHUNGERGHOAN, Sunamganj"
1918,MOINUL HAQUE COLLEGE,mhcollege7@gmail.com,01789518828,"POST-JOYNAGAR BAZAR,Sunamgonj Sadar,Sunamgonj, Sunamganj"
1919,SUNAMGANJ POURA COLLEGE,spcs1995@gmail.com,087161853,"SUNAMGANJ POURA COLLEGE, SUNAMGANJ SADAR,SUNAMGANJ-3000., Sunamganj"
1920,JOYNEL ABEDIN COLLEGE,jac130078@gmail.com,01749480072,"vill: Takatokia , post. Tahirpur, Up: Tahirpur, Zilla: Sunamgonj,"
2001,MOULVIBAZAR GOVT. COLLEGE,mbgovtcollege@yahoo.com,086152220,"COURT ROAD, MOULVIBAZAR, Moulvibazar"
2002,BARALEKHA DEGREE COLLEGE,barlekhadegreecollege@yahoo.com,0862256101,"GRAMTALA, BARLEKHA, Moulvibazar"
2003,MOULVIBAZAR MAHILA COLLEGE,mbgwc.bd@gmail.com,0241110046,"COURT ROAD, MOULVIBAZAR, Moulvibazar"
2004,RAJNAGAR GOVERNMENT COLLEGE,rajnagarcollege@gmail.com,01325215981,"RAJNAGAR,MOULVIBAZAR, Bangladesh, Moulvibazar"
2005,KOMOLGANJ GOVT. GANO COLLEGE,kggcollege1972@gmail.com,01723637501,"KOMOLGANJ, Moulvibazar"
2006,SREEMANGAL GOVT. COLLEGE,sreemangalgcol@yahoo.com,0862671340,"P.O.- SREEMANGAL, Moulvibazar"
2007,KULAURA DEGREE COLLEGE,kdc.for.nu@gmail.com,0862456024,"KULAURA, MOULVIBAZAR, Moulvibazar"
2008,TAIBUNNESSA KHANOM ACADEMY DEGREE COLLEGE,tnkad.college@yahoo.com,01711983592,"NORTH BABANIPUR, Moulvibazar"
2009,YAKUB TAJUL MAHILA COLLEGE,eakubtajulmohilacollege@gmail.com,0862456147,"KULAURA, Moulvibazar"
2010,"DWARIKA PAUL MOHILA COLLEGE, SRIMANGAL",dpmc_srimangal@yahoo.com,02996685677,"HOBIGANJ ROAD, SRIMANGAL, Moulvibazar"
2011,NARI SHIKKA ACADEMY DEGREE COLLEGE,nsadcollege@gmail.com,0862256236,"PANIDHAR,  BARLEKHA, Moulvibazar"
2012,LUNGLA ADHUNIK DEGREE COLLEGE,lunglaadhunikdegreecollege@gmail.com,01715358407,"PO.- PRITHIMPASSA
PS.: Kulaura, Moulvibazar, Moulvibazar"
2013,MOULANA MOFAZZAL HOSSAIN MAHILA COLLEGE,moulanaraj@gmail.com,01716073482,"PONCHGON, Moulvibazar"
2014,SYED SHAH MOSTAFA COLLEGE,shahmostafacollege@gmail.com,086164956,"SHAMSHER NAGAR ROAD, MOULVIBAZAR, Moulvibazar"
2015,ALHAJ MD MOKLISUR RAHMAN DEGREE COLLEGE,mrcollegembazar@gmail.com,01733377785,"YOUSUFNAGAR (RATGAON), SHAMSHERGANJBAZAR, Moulvibazar Sadar., Moulvibazar"
2016,SHAH- NIMATRA SAGORNAL- FULTOLA COLLEGE,info.sfcollege@gmail.com,0307013102,"Fultola, Juri, Moulvibazar., Moulvibazar"
2017,BHATERA COLLEGE,bhateracollege1995@gmail.com,01716946740,"BHATERA-3118,"
2101,GOVT. EDWARD COLLEGE,edwardcollegebd@yahoo.com,02588846126,"PABNA, Pabna"
2102,SHAHID BULBUL GOVT. COLLEGE,govt.shaheedbulbulcollegepabna@yahoo.com,0,"ATAIKULA ROAD, PABNA, Pabna"
2103,BASHER BADA COLLEGE,BASHERBADACOLLEGE@YAHOO.COM,073164146,"BANSHER BADA, ISHWARDI, PABNA, Pabna"
2104,PABNA COLLEGE (DAY/NIGHT),pabnacollege@yahoo.com,073165350,"SHA ALAM ROAD, pabna., Pabna"
2105,PABNA GOVT. MAHILA COLLEGE,mohilacollegepab@yahoo.com,02588805088,"DILALPUR, Pabna"
2106,GOVT. HAJI JAMALUDDIN COLLEGE,hajijamaluddincollege@gmail.com,0732856044,"CHAWBARIA, P.O. BHANGOORA ,, Pabna"
2107,GOVT. MOHAMMAD YASIN COLLEGE,yasincollage@gmail.com,01712643470,"BANWARINAGAR, FARIDPUR, PABNA., Pabna"
2108,BERA GOVERNMENT COLLEGE,beracollege@ymail.com,0732375028,"POST : BERA, UPAZILLA : BERA, DISTRICT : PABNA, Pabna"
2109,SANTHIA GOVT. COLLEGE,santhiadegreecollege@gmail.com,0732756188,"BOILMARI,  PO:  SANTHIA,  UPAZILA: SANTHIA,
 DIST: PABNA . , Pabna"
2110,SHAHEED NURUL HOSSAIN COLLEGE,snhcollege@gmail.com,01309125744,"KASHINATHPUR, Pabna"
2111,MADHPUR AMENA KHATUN COLLEGE,ataikuladegreecollege1970@gmail.com,01309125745,"POST. & THANA : ATAIKULA, DIST. : PABNA, Pabna"
2112,GOVERNMENT ISWARDI COLLEGE,ishurdi.govt.college@gmail.com,02588846618,"MOSURIA PARA,ISHWARDI,PABNA., Pabna"
2113,PAKSHI RAILWAY COLLEGE,pakseycollege@yahoo.com,01711020835,"PAKSEY, ISHWARDI, PABNA, Pabna"
2114,CHATMOHAR GOVT. COLLEGE,chatmohar.govcollege@gmail.com,0732456145,"VILLAGE: NARIKELPARA, POST: CHATMOHAR, DIST: PABNA, Pabna"
2115,ISWARDI MAHILA DEGREE COLLEGE,principalimc1989@gmail.com,0732663324,"Pabna Road, Mordho Aronkhola, Ishwardi, Pabna., Pabna"
2116,DASHURIA COLLEGE,mcdashuria@gmail.com,0732663770,"post : dashuria, upazilla : ishwardi, district: pabna, Pabna"
2117,MIRZAPUR COLLEGE,mirzapurcollege2013@gmail.com,01717890568,"POST: ASTOMONISHA, PS: CHATMOHAR, DIST: PABNA., Pabna"
2118,MANJUR KADER MAHILA COLLEGE,mkmcollege@hotmail.com,0732375132,"Monjur kader mohila college, POST: BERA, DIST: PABNA, Pabna"
2119,DEBOTTAR COLLEGE,ddcpab@gmail.com,0732256036,"DEBOTTAR, Pabna"
2120,HAJI JASHIMUDDIN COLLEGE,hjudc@yahoo.com,01712152964,"DUBLIA.PABNA, Pabna"
2121,CHAIKOLA DEGREE COLLEGE,chhaikola.college@yahoo.com,01720433214,"POST: CHAIKOLA, Pabna"
2122,SAMSUL HUDA DEGREE COLLEGE,SAMSULHUDACOLLEGE@GMAIL.COM,01715921284,"VILL- TEBUNIA,  UNION- MALIGACHA, UPOZILA- PABNA SADAR, DISTRICT-PABNA, Pabna"
2123,DR. ZAHURUL KAMAL DEGREE COLLEGE,dzkdc.pabna@yahoo.com,01716155923,"DULAI,SUJANAGAR, PABNA., Pabna"
2124,PROFESSOR BOYEN UDDIN DEGREE COLLEGE,pr.budc@gmail.com,01718541134,"POST: PANCHURIA, Upzilla: Chatmohar, Dist: Pabna, Pabna"
2125,KHIDIRPUR DEGREE COLLEGE,khidirpurcollege9@gmail.com,01727394089,"KHIDIRPUR BAZAR, Pabna"
2126,SHAHID M. MANSUR ALI COLLEGE,mdismailhossaion53@gmail.com,073164002,"SHALGARIA, BYPASS MORE, HOSPITAL ROAD, PABNA, Pabna"
2127,PARKHIDIR PUR DEGREE COLLEGE,parkhidirpurdegreecollege@gmail.com,01717890890,"POST- PARKHIDIRPUR, Pabna"
2128,CHATMOHAR WOMEN'S DEGREE COLLEGE,chatmohiladegcollege@yahoo.com,0732456210,"POST: CHATMOHAR NBAZAR, DIST. PABNA, Pabna"
2129,PABNA ISLAMIA (DEGREE) COLLEGE,pidcpabna@gmail.com,073164559,"LASKAR PUR pabna, Pabna"
2130,SANTHIA MOHILA DEGREE COLLEGE,santhiamohiladegreecollage@gmail.com,01712892929,"SANTHIA, PABNA, Pabna"
2131,SHAHID AMINUDDIN LAW COLLEGE,lawcollegepabna@gmail.com,01777632365,"RUPKOTHA ROAD, PABNA SADAR, PABNA, Pabna"
2132,PABNA B. ED. COLLEGE,pabnabedcollege@gmail.com,01718878583,"DAGBANGLA, BERA,PABNA, Pabna"
2133,PABNA ADARSHA B. ED. COLLEGE,0,,"0, Pabna"
2134,GOVT. TEACHERS' TRAINING COLLEGE,ttcpabna@yahoo.com,02588845329,"CALLICO COTON MILLS,RAJAPUR,PABNA SADER,PABNA, Pabna"
2135,"PAKSHI COLLEGE OF PHYSICAL EDUCATION, PAKSHI",rkbabu01718@gmail.com,0732663648,"PAKSHI, ISHURDI, PABNA, Pabna"
2136,"SELIM REZA HABIB DEGREE COLLEGE, MALIFA",srhdc01@gmail.com,01712517488,"MALIFA. SUJANAGAR. PABNA, Pabna"
2137,PABNA AL-AMANA ADARSHA LIBRARY AND INFORMATIO,0,,"0, Pabna"
2138,DULAURI DEGREE COLLEGE,dhulauricollege@gmail.com,01753613647,"DHULAURI, Pabna"
2139,CITY COLLEGE,pabnacitycollege@yahoo.com,073164027,"GOPALPUR, Pabna"
2140,EUNUS ALI DEGREE COLLEGE,tpeadc1993@gmail.com,01711908579,"DHANUAGHATA, FARIDPUR, PABNA, Pabna"
2141,ATGHORIA GOVT. COLLEGE,atghoriacollege@gmail.com,01309125300,"P.O: CHANDVA, Pabna"
2142,DENGERGRAM DEGREE COLLEGE,dangergram1997@yahoo.com,01716218652,"Kodomtola, Kacharipara, Pabna, Pabna"
2143,MASHUNDIA BHAWANIPUR K. J. B. DEGREE COLLEGE,kjbdc.mashundia@gmail.com,00,"VILL: MASHUNDIA , POST: MASHUNDIA BAZAR,, Pabna"
2144,NIZAMUDDIN ASGAR ALI COLLEGE,n.a.college84@gmail.com,0732956118,"SUJANAGAR, Pabna"
2145,JORGACHA COLLEGE,jorgasadegreecollege@yahoo.com,01719860660,"JORGACHA, Pabna"
2146,KASHINATHPUR WOMENS COLLEGE,kwomenscollege@gmail.com,0733254080,"Haridebpur, Kashinathpur, Bera, Pabna"
2147,NAKALIA MONJUR KADER COLLEGE,nakaliamonjurkadercollege@yahoo.com,01716043459,"NAKALIA, BERA, PABNA, Pabna"
2148,SUJANAGAR WOMENS COLLEGE,sujanagarmcollege@yahoo.com,01309125788,"POST. SUJANAGAR, Pabna"
2149,MOHILA COLLEGE BHANGOORA,mohilacollegebhangoora@gmail.com,01715101996,"POST- BHANGOORA, Pabna"
2150,SATBARIA DEGREE COLLEGE,satbariacollege@gmail.com,01712604971,"SATBARIA, Sujanagar, Pabna, Pabna"
2151,SALIMPUR DEGREE COLLEGE,salimpur_college@yahoo.com,02588846916,"JOYNAGAR, ISHWARDI, PABNA, Pabna"
2201,SIRAJGANJ GOVT. COLLEGE,srgovc@gmail.com,02588830063,"SIRAJGANJ  SADAR, Sirajgonj"
2202,ISLAMIA GOVT. COLLEGE,islamia_govt_college_sirajganj@yahoo.com,075162184,"DHANBANDHI, J.C. ROAD, SIRAJGANJ, Sirajgonj"
2203,RASHIDAZZOHA GOVT. MAHILA COLLEGE,principalgrwc@yahoo.com,8802588830324,"SIRAJGONJ, Sirajgonj"
2204,MAULANA BHASANI COLLEGE,mbhac.siraj@yahoo.com,02588831334,"MUJIB SARAK, Sirajgonj"
2205,GOVT. HAJI KORAP ALI COLLEGE,hkmc_70@yahoo.com,0752456024,"P.O: BOIDYAJAMTOIL, UPPAZILA; KAMARKHAND
DIST : SIRAJGANJ., Sirajgonj"
2206,CHOWHALI GOVT. COLLEGE,chowhalidegreecollege@gmail.com,01309128074,"CHOWHALI GOVT. COLLEGE,upazilla-chowhali, Dist-sirajgonj., Sirajgonj"
2207,KAZIPUR MANSUR ALI GOVT. COLLEGE,govtmonsuralicollege69@gmail.com,0752556123,"Road- Meghai, Post- Meghai (6710)Upazilla- Kazipur, Dist- Sirajgnaj, Sirajgonj"
2208,ABDULLAH AL MAHMUD DEGREE COLLEGE,aalmdcollege@gmail.com,01309128457,"ABDULLAH AL-MAHMUD DEGREE COLLEGEBAGBATI,SIRAJGANJ SADAR,SIRAJGANJ., Sirajgonj"
2209,RAFATULLAH IFAZUDDIN MEMORIAL COLLEGE,rimdegreeco@yahoo.com,01717880908,"POST.TENGLAHATA, DIST.SIRAJGONJ, Sirajgonj"
2210,GOVT. AKBAR ALI COLLEGE,govtakbaralicollege@gmail.com,0752956130,"ULLAPARA, SIRAJGANJ, Sirajgonj"
2211,HAJI WAHED MARIAM COLLEGE,hwmcollege@gmail.com,01556573823,"CHANDAIKONA.RAIGONJ. SIRAJGONJ, Sirajgonj"
2212,SALONGA COLLEGE,salanga.hcollege@yahoo.com,01770035812,"SALONGA, RAYGONJ, SIRAJGONJ., Sirajgonj"
2213,TARASH COLLEGE,tarashdc@gmail.com,01740994989,"UPAZILA. TARASH, DISTICT : SIRAJGONJ, Sirajgonj"
2214,SHAHJADPUR GOVT. COLLEGE,shahzadpur.govt.college@gmail.com,02588833583,"SHAHZADPUR, SIRAJGONJ, Sirajgonj"
2215,JAMIRTA COLLEGE,jamirtadegreecollege@gmail.com,01718774297,"JAMIRTA,  P.O: JAMIRTA, P.S: SHAHZADPUR. DIST: SIRAJGANJ., Sirajgonj"
2216,BELKUCHI GOVERNMENT COLLEGE,belkuchicollege@yahoo.com,0752256404,"Vill: MUKUNDAGANTI, P.O:SHOHAGPUR, UPAZILA: BELKUCHI, DIST: SIRAJGANJ., Sirajgonj"
2217,GOVERNMENT NURUNNAHAR TARKABAGISH COLLEGE,bntc2217@gmail.com,01309128274,"POURASHOVA & UPAZILA SADAR RAIGONJ , SIRAJGONJ., Sirajgonj"
2219,SATBARIA DEGREE COLLEGE,satbaria.degree.college.shah.siraj@gmail.com,01309128360,"KHAS SATBARIA, Sirajgonj"
2220,GHORASAL SAHITTIK BARKAT ULLAH COLLEGE,gsbcollege93@gmail.com,01740578561,"BETKANDI, Sirajgonj"
2221,AFZAL HOSSAIN MEMORIAL COLLEGE,ahmdc94@gmail.com,01309128182,"Vill- chalitadanga, Post-Chalitadanga
Upazilla- Kazipur, Dist- Sirajganj, Sirajgonj"
2222,JAMUNA COLLEGE,jamunacollege2013@gmail.com,01309128467,"P.O- SAROTIA, U.P- SAYADABAD, SIRAJGONJ, Sirajgonj"
2223,NATUARPARA COLLEGE,npdcoll@gmail.com,01716320400,"NATUAR PARA, Sirajgonj"
2224,MOWLANA SAIFUDDIN YAHIA COLLEGE,ahiacollegeshahzadpur@gmail.com,0752764413,"Mowlana Sifuddin Ahia Degree College, Post. Shahzadpur, Up. Shahzadpur, Dist. Sirasgonj, Sirajgonj"
2225,CHOWBARI DR. SALAM JAHANARA COLLEGE,chowbarisj.college@yahoo.com,01758755882,"CHOWBARI , KAMARKHAND , SIRAJGONJ ., Sirajgonj"
2226,KONABARI SHAHIDUL BULBUL COLLEGE,vpmamin@gmail.com,01756877366,"Shahidnagar,Kamarkhand,Siajgonj-6700,Bangladesh., Sirajgonj"
2227,TARASH MAHILA COLLEGE,tarashwomensdegreecollege@gmail.com,01767485260,"UPAZILA. TARASH, DISTICT : SIRAJGONJ, Sirajgonj"
2228,GULTA BAZAR SHAHID M. MANSUR ALI COLLEGE,gultacollege2017@gmail.com,01717328831,"VILL:- GULTA BAZAR, P.O- GULTA BAZAR P.S-TARASH DIS-SIRAJGONJ., Sirajgonj"
2229,NEEM GACHHI COLLEGE,neemgachhi_college@yahoo.com,01711451839,"NEEM GACHHI, RAYGONJ, SIRAJGONJ, Sirajgonj"
2230,ZINDANI COLLEGE,zindanicollegets@yahoo.com,01761577834,"P/O-SHARIFABAD,P/S-TARASH,DIST-SIRAJGONJ, Sirajgonj"
2231,DOBILA ISLAMPUR COLLEGE,dobilaislampurdegreecollege@yahoo.com,01773581728,"VILLAGE : DOBILA, UPAZILA : TARASH,  DISTRICT : SIRAJGONJ, Sirajgonj"
2232,AMINA MANSUR DEGREE COLLEGE,aminamansur2232@gmail.com,01825077756,"POST.- HARINATHPUR, Sirajgonj"
2233,SHIMLA COLLEGE,simlacollege@yahoo.com,00,"SHAHANGASA-POST-SHAHANGASA-SIRAJGONJ, Sirajgonj"
2234,KAMARKHAND WOMEN'S DEGREE COLLEGE,kwdc128115@gmail.com,0752456259,"BAYDA JAMTOIL, Sirajgonj"
2235,ALHAJ FORHAD ALI MEMORIAL COLLEGE,pr.akazaddhaka@gmail.com,01309128179,"KUMARIABARI, MUNSURNAGAR, (SHARISHABARI-JAMALPUR), Sirajgonj"
2236,JATIYO TARUN SANGO BARA PANGASHI COLLEGE,jts_college@yahoo.com,01724085055,"VILL: BARAPANGASHI, P.O: BARAPANGASHI
P.S: ULLAPARA, DIST: SIRAJGANJ., Sirajgonj"
2237,FULJORE DEGREE COLLEGE,shahed19710208@gmail.com,01716207345,"NALKA,RAIGONJ,SIRAJGONJ, Sirajgonj"
2238,SIMANTA BAZAR MAHILA DEGREE COLLEGE,smdcollege95@gmail.com,01711000777,"POST-KURALIA,SIRAJGANJ., Sirajgonj"
2239,SHAHZADPUR WOMEN'S COLLEGE,swdc97@gmail.com,075276167,"BISIC BUS STAND,SHAHZADPUR,SIRAJGONJ, Sirajgonj"
2240,MOHAMMAD NASIM CHALITADANGA WOMEN'S COLLEGE,cmcchalitadanga13@gmail.com,01322821864,"Post: CHALITADANGA, Upazila: KAZIPUR, District: SIRAJGANJ, Sirajgonj"
2241,GANDHAIL IDEAL COLLEGE,gidcollege@gmail.com,01711182129,"POST OFFICE-GANDHAIL, Sirajgonj"
2242,DOWLATPUR DEGREE COLLEGE,dowlatpurdegreecollege@gmail.com,01714256213,"Dowlatpur, Belkuchi, Sirajganj., Sirajgonj"
2243,GOVT. BANGABONDHU COLLEGE,bangabandhuc@yahoo.com,01719537366,"SONAMUKHI HAT, KAZIPUR,SIRAJGONJ, Sirajgonj"
2244,ULLAPARA BIGGAN COLLEGE,masudfakir266@gmail.com,1917159368,"dhaka bangladesh, Sirajgonj"
2245,UDGARI COLLEGE,udgaricollege1998@gmail.com,01922802040,"UDGARI.kazipur SIRAJGONG, Sirajgonj"
2246,SIRAJGONJ LAW COLLEGE,siranjganjlawcollage@gmail.com,01911923928,"B. A. COLLAGE ROAD, Sirajgonj"
2247,SIRAJGONJ B. ED. COLLEGE,sirajgonjbedcollege@gmail.com,0751,"B.A COLLEGE ROAD, Sirajgonj"
2248,RAJAB ALI MEMORIAL BIGGAN COLLEGE,ramsc999@gmail.com,075164596,"SOYADHANGORA,SIRAJGONJ., Sirajgonj"
2249,RAJAPUR DEGREE COLLEGE,rdcollegesirajganj@gmail.com,01309128024,"RAJAPUR, Belkuchi, Sirajganj, Sirajgonj"
2250,BELKUCHI BAHUMUKHI WOMEN'S COLLEGE,bbwdc2250@gmail.com,01309128025,"BELKUCHI, SIRAJGONJ, Sirajgonj"
2251,H. T. IMAM DEGREE COLLEGE,htimamdegreecollege@gmail.com,00,"ULLAPARA R.S, SIRAJGONJ, Sirajgonj"
2252,GOVT. BANGABANDHU MOHILA DEGREE COLLEGE,bangabandhu.m.college.shah.siraj@gmail.com,01718412031,"VILLAGE-SHERKHALI, P.O & P.S-SHAHZADPUR., Sirajgonj"
2253,KARATOA COLLEGE,karatoa.dct@gmail.com,01724660099,"TALGACHI, Sirajgonj"
2254,PRINCIPAL ABUL HOSSAIN COLLEGE,pah_college@yahoo.com,01719751688,"POST: KALIAKAIR, ULLAPARA, SIRAJGONJ, Sirajgonj"
2255,D.K.B.U COLLEGE,dkbu.college@yahoo.com,075163255,"BOHULY, SIRAJGONJ, Sirajgonj"
2256,GAZAIL COLLEGE,GAZAILCOLLEGE@YAHOO.COM,01761593327,"GAZAIL BAZAR,POST-KHORDO GAZAIL., Sirajgonj"
2257,SALAP COLLEGE,salapcollege128672@gmail.com,01735497029,"SALAP, Sirajgonj"
2258,RAIGONJ UPAZILA SADAR DHANGRARA WOMENS DEGREE COLLEGE,raigonjdmc@yahoo.com,01309128281,"DHANGHARA, RAIGONJ, SIRAJGONJ., Sirajgonj"
2259,GHONA KUCHIAMARA COLLEGE,gkdc1993@gmail.com,01824627755,"KUCHIAMARA, ULLAPARA, SIRAJGONJ., Sirajgonj"
2260,KHAMARGRAM COLLEGE,khamargramcollege@yahoo.com,01781886305,"VILL: KHAMARGRAM,POST: BETIL HATKHOLA, P.S: ENAYETPUR, UPAZILA: CHOWHALI, DIST: SIRAJGANJ., Sirajgonj"
2261,DADPUR G R COLLEGE,pn.dgr.college@gmail.com,01916847150,"VILL: DADPUR, POST:SHABGONJ, THANA: SALANGA, UPZALA: RAYGONJ, DIST: SIRAJGONJ, Sirajgonj"
2262,RAJMAN COLLEGE,college_rajman@yahoo.com,01716147497,"RAJMAN, Sirajgonj"
2263,GRAMPANGASHI COLLEGE,grampangashicollege@gmail.com,01309128278,"POST. BOALIAR CHAR, Sirajgonj"
2264,JANNAT ARA HENRY SCIENCE & TECHNOLOGY COLLEGE,jhstc2015@gmail.com,075164040,"16, MUJIB SARAK, SIRAJGONJ., Sirajgonj"
2265,BELKUCHI MODEL COLLEGE,belkuchimodelcollege.98@gmail.com,01718785340,"CHALA, SOHAGPUR,"
2301,N. S. GOVT. COLLEGE,ns_college_natore@yahoo.com,02588871616,"N.S GOVT. COLLEGE, NATORE-6400, Natore"
2302,KHUBJIPUR MOZAMMEL HAQUE COLLEGE,khubjipurmhaquecollege@gmail.com,0772474002,"KHUBJIPUR MOZAMMEL HAQUE COLLEGE, Natore"
2303,RANI BHAWANI GOVT. MAHILA COLLEGE,rbmohillagovtcollege@gmail.com,02588871352,"NATORE SADAR, NATORE, Natore"
2304,DIGHAPATIA M. K. COLLEGE,principaldmkc@gmail.com,077166867,"DIGHAPATIA, NATORE., Natore"
2305,GOL-E-AFROZ GOVT. COLLEGE,ga_govtcollege@yahoo.com,0772663004,"SINGRA, NATORE, Natore"
2306,BONPARA COLLEGE,bonparacollege@yahoo.com,0772356033,"BONPARA, HAROA, BARAIGRAM, NATORE, Natore"
2307,BAGATIPARA GOVT. COLLEGE,bagatiparadegreecollege@gmail.com,0772272024,"BAGATIPARA, NATORE, Natore"
2308,BILCHALAN SHAHID SHAMSUZZOHA GOVT. COLLEGE,bcsscollege@rocketmail.com,01711233125,"GURUDASPUR, Natore, Natore"
2309,ABDULPUR GOVT. COLLEGE,abdulpurcollege@gmail.com,01309124115,"abdulpur gov.college,natore., Natore"
2310,GOPALPUR COLLEGE,gdcnat@gmail.com,0772575013,"GOPALPUR, LALPUR, NATORE-6420., Natore"
2311,BARAIGRAM GOVERNMENT COLLEGE,baraigramcollege@gmail.com,01309123970,"BARAIGRAM, NATORE, Natore"
2312,SHAHID NAZMUL HAQUE DEGREE COLLEGE,snhdc.natore@gmail.com,0773251014,"NALDANGA, NATORE, Natore"
2313,KALAM COLLEGE,principal.kalamdegreecollege@gmail.com,01309124313,"MIRZAPUR, Natore"
2314,MOHORKOYA COLLEGE,mohorkayacoll@yahoo.com,01716437841,"VILL: MOHORKAYA, POST: BILMARIA, THANA: LALPUR, DIST: NATORE., Natore"
2315,TAMALTALA KRISHI & KARIGARI COLLEGE,tatcbagatipara@gmail.com,0772272325,"TAMALTALA, BAGATIPARA, NATORE., Natore"
2316,JAMNAGAR COLLEGE,jamnagarcollege@gmail.com,01740610390,"VIL: JAMNAGAR, P.O:JAMNAGAR, Natore"
2317,BANSHBARIA DEGREE COLLEGE,bdc_nat@yahoo.com,01743946183,"BANSHBARIA, BAGATIPARA, NATORE., Natore"
2318,GOPALPUR WOMEN'S DEGREE COLLEGE,principal.gamdc@gmail.com,02588875464,"Gopalpur, Lalpur, Naotre, Natore"
2319,ROHMOT IQBAL DEGREE COLLEGE,rohmotiqbaldegreecollege@yahoo.com,01718617735,"BAMIHA, Natore"
2320,MOUKHARA ISLAMIA WOMEN'S DEGREE COLLEGE,moukharacollege@yahoo.com,0172278459,"MOUKHARA, Natore"
2321,RAZAPUR DEGREE COLLEGE,collegerazapurdegree@gmail.com,00000,"RAJAPUR HAT, Natore"
2322,SHEIKH FAZILATUNNESA MUZIB GOVT.  WOMEN'S DEGREE COLLEGE,sfmwhc_1997@yahoo.com,0772356079,"BOANPARA,HAROYA,BARAIGRAM,NATORE., Natore"
2323,BAGATIPARA MOHILA DEGREE COLLEGE,bmc.natore@yahoo.com,0772272099,"BAGATIPARA, NATORE, Natore"
2324,DATTAPARA MODEL DEGREE COLLEGE,dattaparacollegebd@yahoo.com,077166269,"DATTAPARA, DHARAIL, NATORE, Natore"
2325,BILL HALTI TRIMOHONI DEGREE COLLEGE,bilhaltitrimohonidegreecollege@yahoo.com,01713775989,"VILL: NAGRMAJGRAM, POST: DANGAPARA, Natore"
2326,NAZIRPUR DEGREE COLLEGE,principalndc@ymail.com,01309124031,"NAZIRPUR,POST-NAZIRPUR HAT,PS-GURUDASPUR,DIST-NATORE, Natore"
2327,MADHNAGAR DEGREE COLLEGE,mdc.natore@gmail.com,01713814221,"MADHNAGAR, NALDANGA, NATORE, Natore"
2328,ROSEY MOZAMMEL WOMEN'S COLLEGE,roseycollege@gmail.com,0772474356,"KHAMARNACHKOIR, GURUDASPUR, NATORE., Natore"
2329,AHAMMEDPUR DEGREE COLLEGE,mhkabir@yahoo.com,01718627425,"AHAMMEDPUR, Baraigram, Natore., Natore"
2330,ZONAIL DEGREE COLLEGE,jonailcollege@gmail.com,01716499745,"ZONAIL, BARAIGRAM, NATORE, Natore"
2331,NATORE CITY COLLEGE,natorecitycollege@yahoo.com,01715170671,"Hugolbaria, Natore powrosova, Natore., Natore"
2332,SAILKONA COLLEGE,sailkonadegreecollege1@gmail.com,01711575559,"BAGATIPARA, NATORE, Natore"
2333,NATORE TEACHERS' TRAINING COLLEGE,nttc.natore@gmail.com,01716961346,"RAMAIGACHI, NATORE, Natore"
2334,NATORE MOHILA COLLEGE,nmcnatore98@gmail.com,01711954757,"BONBELGHORIA,NATORE, Natore"
2335,SINGRA CHALANBIL WOMEN'S DEGREE COLLEGE,scwdc2335@gmail.com,01718775350,"AUKURI, SINGRA, NATORE., Natore"
2336,KHALISHA DANGA DEGREE COLLEGE,khalishadangacollege@yahoo.com,01710243806,"Vill: DHANAIDAH P.O: Panchbaria Thana: Baraigram
Dist: Natore Post code 6623, Natore"
2337,KAFURIA DEGREE COLLEGE,kafuriadegreecollegenatore@yahoo.com,01714943547,"KAFURIA, Natore"
2338,LALPUR COLLEGE,principalldc72@gmail.com,0772575169,"VILL. JATDOYBOKY p.o: Lalpur, P.S: Lalpur, Dist: Natore., Natore"
2339,AZAM ALI COLLEGE,collegeazamali@gmail.com,01783481704,"AHMEDPUR BAZAR, BARAIGRAM, NATORE, Natore"
2340,QADIRABAD CANTONMENT SAPPER COLLEGE,sapper_college@yahoo.com,02589143485,"QADIRABAD CANTONMENT, DAYARAMPUR-6431, BAGATIPATA, NATORE., Natore"
2341,RAHIM UDDIN AHMED MEMORIAL COLLEGE,ruamcollege@gmail.com,01856488000,"KUSUMBI, SINGRA, Natore"
2342,BANGABANDHU SHAIKH MUJIB COLLEGE,bbsmojibcollege.nat@gmail.com,01719751538,"POST. CHATNI,"
2343,CHAMARI DEGREE COLLEGE,c124311c@gmail.com,01740934620,"CHAMARI, SINGRA, NATORE, Natore"
2344,JAHANARA & LATIFAR RAHMAN SPECIAL EDUCATION TEACHERS TRAINING COLLEGE,jlrcollege2019@gmail.com,01848052125,"Mohorkaya, Bilmaria, Lalpur, Natore,"
2401,NAOGAON GOVT. COLLEGE,principalngc62556@gmail.com,8802587747410,"BANGABARIA, NAOGAON, Naogaon"
2402,NAZIPUR GOVT. COLLEGE,ngcol2009@gmail.com,0742863063,"PATNITALA, NAOGAON., Naogaon"
2403,BANGABANDHU GOVT. COLLEGE,bangabandhugovtcollege@gmail.com,0742356030,"BADALGACHHI, NAOGAON., Naogaon"
2404,GOVT. BASIR UDDIN MEMORIAL CO-OPERATIVE WOMEN'S COLLEGE,bmcnaogaon@yahoo.com,074162413,"NAOGAON SADAR, Naogaon"
2405,MOLLAH AZAD MEMORIAL GOVERNMENT COLLEGE,mamcollege.atrai@gmail.com,0742271041,"KHOLAPRA, AHSANGANJ, ATRAI, NAOGAON, Naogaon"
2406,SAPAHAR GOVT. COLLEGE,sapaharcollege73@yahoo.com,02588885321,"SAPAHAR, NAOGAON, Naogaon"
2407,MANDA MOMEN SAHANA GOVT. COLLEGE,mandamominshahanacollege@yahoo.com,0742562051,"Gosaipur, Manda, Naogaon., Naogaon"
2408,NEAMATPUR GOVT. COLLEGE,niamatpurcollege@gmail.com,0742756064,"Vill+P.O+Upozila- NIAMATPUR,Dist- NAOGAON, Naogaon"
2409,JAHANGIRPUR COLLEGE,jgovtcoll@yahoo.com,0742675059,"MOHADEVPUR, NAOGAON, Naogaon"
2410,PORSHA DEGREE COLLEGE,porsha.clg@gmail.com,01309123701,"PORSHA GOVT. DEGREE COLLEGE, VILL & POST: PORSHA,THANA: PORSHA,DIST:NAOGAON,BANGLADESH., Naogaon"
2411,GOVT. DHAMOIRHAT M. M. COLLEGE,dhamoirhatmmcollege@gmail.com,0742456046,"DHAMOIRHAT GOVT. M. M. DEGREE COLLEGE, Upazila: Dhamoirhat, District: Naogaon., Naogaon"
2412,GANGURIA DEGREE COLLEGE,ganguriadcpn@gmail.com,01714604415,"VILL:GANGURIA,POST: GANGURIA,UZ: PORSHA,DIST:NAOGAON, Naogaon"
2413,UTTARA COLLEGE,uttaradegreecollege@gmail.com,01712313903,"KALIGRAM , MANDA, Naogaon"
2414,CHOWDHURY CHAND MOHAMMAD MAHILA COLLEGE,ccmdcollege@yahoo.com,01309123827,"SAPAHAR,Naogaon, Naogaon"
2415,CHAKULI COLLEGE,chakulidegreecollege123318@gmail.com,01713722866,"CHAKULI,MANDA,NAOGAON, Naogaon"
2416,RANINAGHAR MAHILA COLLEGE,raninagarwcollege@yahoo.com,0743356090,"RANINAGAR, NAOGAON, Naogaon"
2417,BANDAIKHARA DEGREE COLLEGE,bandaikharadcollege@ymail.com,01713776956,"POST-BANDAIKHARA,, PS-ATRAI,, DIST- NAOGAON.., Naogaon"
2418,BALIHAR DEGREE COLLEGE,balihardegreecollege94@gmail.com,01309123486,"P.O. - BALIHAR, NAOGAON SADAR, NAOGAON, Naogaon"
2419,CHANDASH COLLEGE,chandash.degree.college15@gmail.com,01309123409,"CHANDASH DEGREE COLLEGE, MOHADEBPUR, NAOGAON, Naogaon"
2420,FOYEZ UDDIN MEMORIAL COLLEGE,fayezuddinmc@gmail.com,01717516526,"DURGAPUR, NAOGAON, Naogaon"
2421,CHOWRAT SHIBPUR BARANDRA COLLEGE,chowratshibpurbarandracollege@gmail.com,01721032025,"CHOWRAT SHIBPUR, Naogaon"
2422,NAOGAON LAW COLLEGE,nlcnaogaon379@gmail.com,x,"K.D HIGH SCHOOL MORE, Naogaon"
2423,BALATOIR SIDDIQUE HOSSAIN COLLEGE,bshdegreecollege1970@gmail.com,01714762346,"VILL: BALATOIR, P.O: BALATOIR, Naogaon"
2424,DHAMOIRHAT WOMEN'S COLLEGE,rabby7114@yahoo.com,01717076321,"CHAKJADU, Naogaon"
2425,BADALGACHI MOHILA COLLEGE,bwdc2418@gmail.com,0742356096,"BADALGACHHI, NAOGAON., Naogaon"
2426,DASHPARA COLLEGE,dasparacollege@gmail.com,01716254037,"JOKAHAT, MANDA, NAOGAON, Naogaon"
2427,SHER-E-BANGLA MAHAVIDYALAYA,pathickkhan@gmail.com,02588885608,"RANINAGAR, Naogaon"
2428,NAOGAON ASTAN MOLLAH COLLEGE,astanmollacollege123489@gmail.com,02588881064,"KD MORE, NAOGAON, Naogaon"
2429,ATRAI WOMEN'S COLLEGE,atraimohilacollege@gmail.com,0742271337,"AHASANGONJ, ATRAI, NAOGAON, Naogaon"
2430,GOBAR CHAPAHAT COLLEGE,degreecollegegobarchapahat@yahoo.com,01716961120,"POST: JABARIPURHAT, Naogaon"
2431,RAIGOAN COLLEGE,raigaoncollege@yahoo.com,01716239790,"POST : RAIGAON ,MOHADEVPUR, NAOGAON, Naogaon"
2432,KOLA ADORSHO COLLEGE,kolaadarshacollege@yahoo.com,01734193116,"KOLA HAT, BADALGACHI,NAOGAON, Naogaon"
2433,NAZIPUR MOHILA COLLEGE,raj123646@gmail.com,0,"Palsha, Patnitala, Naogaon., Naogaon"
2434,TILNA COLLEGE,tilnacollege@gmail.com,01309123826,"TILNA, Naogaon"
2435,KRISHNAPUR COLLEGE,krishdcollege@gmail.com,01719734695,"KRISHNAPUR, MODHOIL, PATNITALA, NAOGAON., Naogaon"
2436,DIGHIRHAT COLLEGE,dhhc123824@gmail.com,01309123824,"NISCHINTAPUR, SAPAHAR, NAOGAON, Naogaon"
2437,PANIAL ADARSHA COLLEGE,pac123319@gmail.com,01712247606,"PANIAL, MANDA, NAOGAON, Naogaon"
2501,RAJSHAHI COLLEGE,rajshahicollegebd@gmail.com,02588855475,"RAJSHAHI College
PS-Boalia,Po-GPO
Rajshahi-6000, Rajshahi"
2502,RAJSHAHI GOVT. CITY COLLEGE,prin2388@yahoo.com,0721772388,"RAJARHATA, GPO-6000, BOALIA, RAJSHAHI, Rajshahi"
2503,SHAH MAKHDUM COLLEGE,shahmakhdumcollege@gmail.com,0721772783,"Shekher Chak, Post : Ghoramara, Ps : Boalia, District : Rajshahi 6100, Rajshahi"
2504,"ADARSHA COLLEGE, SHYAMPOR",adarshacollegerajshahi@gmail.com,750728,"VILL: SHYAMPOR, Rajshahi"
2505,RAJSHAHI COURT COLLEGE,courtcollege01@yahoo.com,02588850857,"P.O : Rajshahi Court, Thana : Rajpara, Dist : Rajshahi., Rajshahi"
2506,RAJSHAHI NEW GOVT. DEGREE COLLEGE,ngdcrajbd@yahoo.com,8802588850630,"KAZIHATA, Rajshahi"
2507,RAJSHAHI GOVT. MAHILA COLLEGE,rgwcollege@yahoo.com,0721772028,"KADIRGONG, BOALIA, RAJSHAHI., Rajshahi"
2508,MADARBAKSH HOME ECONOMICS COLLEGE,mbhecollege@yahoo.com,02588861651,"PADMA R/A, BOALIA, RAJSHAHI-6207, Rajshahi"
2509,BHABANIGANJ GOVERNMENT COLLEGE,bdc56017@gmail.com,01309126422,"BHABANIGANJ-6250, BAGMARA, RAJSHAHI., Rajshahi"
2510,TAHERPUR COLLEGE,tofazzalpincipal@gmail.com,0723563001,"TAHERPUR, BAGMARA, RAJSHAHI., Rajshahi"
2511,DURGAPUR COLLEGE,durgapurdegreecollege@yahoo.com,0722456030,"VILLAGE: SINGA, POST: DURGAPUR, Rajshahi"
2512,DAOKANDI GOVT. COLLEGE,daodcraj@gmail.com,01735758333,"Daokandi Govt. College, Daokandi, Durgapur, Rajshahi, Rajshahi"
2513,TANOR ABDUL KARIM SARKAR COLLEGE,principalaks@yahoo.com,0722956014,"VILL: TANORE, Rajshahi"
2514,LALIT MOHAN COLLEGE,principaltlmdc@gmail.com,01719669244,"TALANDA, TANORE, RAJSHAHI., Rajshahi"
2515,GODAGARI GOVT. COLLEGE,Godagaricollege1500@gmail.com,0247856100,"GODAGARI, RAHSHAHI, Rajshahi"
2516,MOHANPUR GOVT. COLLEGE,modc.mr@gmail.com,0722656015,"P.o:MOHANPUR, Mohanpur,RAJSHAHI, Rajshahi"
2517,BANESWAR GOVT. COLLEGE,baneswarcollege@gmail.com,00,"BANESWAR COLLEGEE, Rajshahi"
2518,SHAHDOWLA GOVERNMENT COLLEGE,sgc.bagha@gmail.com,01309126255,"POST.-BAGHA,UPAZILA: BAGHA, DISTRICT: RAJSHAHI-6280, Rajshahi"
2519,PUTHIA LASKARPUR COLLEGE,ldcputhia@gmail.com,0722856130,"PUTHIA, Rajshahi"
2520,ARANI COLLEGE,college.arani.68@gmail.com,01731484818,"POST: ARANI, THANA: BAGHA, DIST: RAJSHAHI., Rajshahi"
2521,SARDAH GOVT. COLLEGE,aminulislam50322@gmail.com,01309126582,"SARDAH , CHARGHAT, RAJSHAHI, Rajshahi"
2522,PRAMTALI COLLEGE,premtalicollege@gmail.com,01309126761,"PREMTALI, GODAGARI,RAJSHAHI, Rajshahi"
2523,NOWHATA GOVERNMENT COLLEGE,nowhatadc2523@gmail.com,02588867910,"VILL: NOWHATA, P.O: NOWHATA, UPAZILLA: PABA, DIST. RAJSHAHI., Rajshahi"
2524,CHARGHAT M. A. HADI COLLEGE,charghatmahadicollege@gmail.com,07210722356052,"CHARGHAT,RAJSHAHI, Rajshahi"
2525,TANOR MAHILA COLLEGE,principaltmdc@gmail.com,01724268214,"VILL: CHAPRA, P.O: TALANDA, Rajshahi"
2526,MACHMAIL COLLEGE,avmdc1987@gmail.com,01718777261,"MACHMAIL DEGREE COLLEGE, Rajshahi"
2527,PANIA NARDASH COLLEGE,panianordashdegreecollege@yahoo.com,01716175641,"POST OFFICE: NORDASH, BAGMARA, RAJSHAHI, Rajshahi"
2528,GODAGARI MAHILA COLLEGE,godagarimahilacollege@gmail.com,0247856055,"Mohishalbari, word-2, Po-Mohishalbari,U.Z-Godagari, Dist-Rajshahi., Rajshahi"
2529,DHOKRAKUL COLLEGE,dhokrakulcollege@yahoo.com,01727011427,"DHOKRAKUL,PUTHIA, RAJSHAHI., Rajshahi"
2530,PUTHIA MOHILA COLLEGE,puthiamohiladegreecollege0@gmail.com,0722856208,"VILLAGE.KATHALBARIA.POST.PUTHIA,UPZILLA.PUTHIA.DIST.RAJSHAHI, Rajshahi"
2531,IDEAL COLLEGE,idealcollege95@gmail.com,01701757111,"Belpukuria,PO-jamira, via Sordoh,Upozila-Puthia Dist: Rajshahi-6271, Rajshahi"
2532,PUTHIA ISLAMIA MAHILA COLLEGE,pimdcpr1995@gmail.com,072156161,"PUTHIA, RAJSHAHI, Rajshahi"
2533,HATKANPARA JOBEDA COLLEGE,hatkanpara.j.d.c2533@gmail.com,01711014350,"HAT KAN PARA , Durgapur,Rajshahi, Rajshahi"
2534,SHOLUA COLLEGE,sholuacollegecharghatrajshahi@yahoo.com,01718487872,"SHOLUA, CHARGHAT, RAJSHAHI, Rajshahi"
2535,KESHARHAT COLLEGE,keshorhatdegreecollege@yahoo.com,01717624290,"POST. KESHORHAT,P/S: MOHANPUR, DISTRICT:RAJSHAHI, Rajshahi"
2536,METROPOLITAN COLLEGE,metcollraj@gmail.com,0721862002,"PABA NATUN PARA, Rajshahi"
2537,ISLAMIA COLLEGE,Islamiacollege.raj2537@yahoo.com,0721751279,"BINODPUR BAZAR, MOTIHER, RAJSHAHI., Rajshahi"
2538,"BANGABANDHU COLLEGE, BOALIA",bangabandhucollege.rajbd@yahoo.com,02588862771,"CHANDRIMA R/A;  P.O. PADMA Resident,Boalia,Rajshahi, Rajshahi"
2539,INSTITUTE OF BUSINESS ADMINSTRATION (IBA),ibaraj2@yahoo.com,751193,"87/A, DEBISHINGPARA, MADRASA MORH, KAZLA, RAJSHAHI-6204, Rajshahi"
2540,HATGANGOPARA DEGREE COLLEGE,hatgangoparadegreecollege@gmail.com,01740643667,"P.O. HATGANGOPARA, BAGMARA, RAJSHAHI-6250, Rajshahi"
2541,SREEPUR RAMNAGAR DEGREE COLLEGE,sreepurcollege@gmail.com,01716844974,"POST:SAIPARA, BAGMARA, RAJSHAHI, Rajshahi"
2542,MOHONGONJ DEGREE COLLEGE,mohongonjcollegebd@gmail.com,01309126427,"POST : ALIABAD, UPAZILA: BAGMARA, DIST: RAJSHAHI., Rajshahi"
2543,MATIKATA ADARSHA DEGREE COLLEGE,matikatacollege@gmail.com,01718017706,"MATIKATA, GODAGARI, RAJSHAHI,"
2544,KALIGONJ HAT DEGREE COLLEGE,kaligonghatcollege@yahoo.com,01716290458,"P.O: KALIGONJ HAT, Tanore, Rajshahi, Rajshahi"
2545,NAOHATA WOMEN'S COLLEGE,nwdcpaba1996@gmail.com,0721800022,"NAOHATA ,PABA,RAJSHAHI, Rajshahi"
2546,HAT RAMCHANDRAPUR DEGREE COLLEGE,hrdegreecolleg@yahoo.com,01713744850,"VILL: RAMCHANDRAPUR, P.O: HATGODAGARI,, Rajshahi"
2547,ATRAI AGRANI DEGREE COLLEGE,atraiagranidegreecollege@gmail.com,00,"VILL: ATRAI, P0ST: GOCHA, UPAZILLA/THANA: MOHONPUR, DIST: RAJSHAHI., Rajshahi"
2548,POCHAMARIA DEGREE COLLEGE,pdcollege09@yahoo.com,01715008351,"VILL & P.O: POCHAMARIA. UNION: SHILMARIA. U.Z: PUTHIA, DIST: RAJSHAHI-6260. E-MAIL:pdcollege09@yahoo.com. WEBSITE:www.pochamariacollege.edu.bd, Rajshahi"
2549,BAKTIARPUR DEGREE COLLEGE,bakhtiarpurcollege@yahoo.com,01740866395,"POST- BAKHTIARPUR, UPAZILA: DURGAPUR, DIST: RAJSHAHI., Rajshahi"
2550,NANDANGACHHI DEGREE COLLEGE,ndcollege2550@gmail.com,01718889838,"NANDANGACHHI . CHARGHAT. RAJSHAHI, Rajshahi"
2551,SARANJAI DEGREE COLLEGE,saranjai.d.c@gmail.com,01712166400,"POST- SARANJAI, Rajshahi"
2552,DHOPAGHATA DEGREE COLLEGE,ddcmohonraj@yahoo.com,01711904534,"DHOPAGHATA, Rajshahi"
2553,BHBANIGONJ WOMEN'S DEGREE COLLEGE,bmc56062@yahoo.com,0722256062,"BHABANIGANJ, BAGMARA, RAJSHAHI, Rajshahi"
2554,MOZAHAR HOSSAIN MOHILA DEGREE COLLEGE,mhmc.bagha@gmail.com,01719550438,"MILIK BAGHA,POST-BAGHA,PS- BAGHA, MILIK BAGHA,POST- BAGHA, PS- BAGHA,DIST- RAJSHAHI, Rajshahi"
2555,DAKRA DEGREE COLLEGE,dakra.college@gmail.com,01309126579,"DAKRA. CHARGHAT. RAJSHAHI., Rajshahi"
2556,KAMELA HAQUE DEGREE COLLEGE,kamela.haque@yahoo.com,0721751192,"BINODPUR BAZAR, Rajshahi"
2557,MOHANPUR GIRL'S DEGREE COLLEGE,mgdc.principal@gmail.com,01726730989,"MOHANPUR GIRLS DEGREE COLLEGE, Post : Mohanpur, Upozila : Mohanpur, District : Rajshahi., Rajshahi"
2558,AKIJ INSTITUTE OF TECHNOLOGY RAJSHAHI,0,,"0, Rajshahi"
2559,DURGAPUR MOHILA COLLEGE,arabdmcollege95@gmail.com,0722456119,"POST- DURGAPUR, Rajshahi"
2560,MOHABBATPUR KHANPUR COLLEGE,mkd.college@gmail.com,01740541921,"VILL: KHANPUR, PO: DHURAIL, MOHANPUR, RAJSHAHI, Rajshahi"
2561,SHYAMPUR HAT DEGREE COLLEGE,shyampurhatcollege@gmail.com,0,"POST: GOCHA, THANA: MOHANPUR, DIST: RAJSHAHI, Rajshahi"
2562,YOUSUFPUR COLLEGE,yousufpur.college@gmail.com,01712517321,"P.O. YOUSUFPUR, Rajshahi"
2563,RAJSHAHI LAW COLLEGE,hvsbvsvnskn@gmail.com,95336522,"RAJSHAHI, Rajshahi"
2564,CENTRAL LAW COLLEGE,sohel.softnvsv@gmail.com,256852,"bjvsvsvb jk, Rajshahi"
2565,PUNGU SHISU NIKATON SHAMONNITO ABOYTONIK COLLEGE,psnsadc.raj@gmail.com,01721955669,"SADONPUR, PUTHIA, RAJSHAHI, Rajshahi"
2567,HAJI JAMIR UDDIN SHAFINA WOMEN'S COLLEGE,hjshafinamohila_college@yahoo.com,+8802588860224,"LUXMIPUR VATAPARA, GPO-6000, RAJPARA, RAJSHAHI., Rajshahi"
2568,AL-HAJ ERSHAD ALI WOMEN'S COLLEGE,aeawcollege95@gmail.com,01712233693,"ARANI, Rajshahi"
2569,ADARSHA SHIKKHAK PROSHIKHAN COLLEGE,attc2569raj@gmail.com,0721770637,"HATEMKHAN, Boalia, Rajshahi-6000., Rajshahi"
2570,GOVT. TEACHERS' TRAINING COLLEGE,ttcrajshahi@yahoo.com,0721772188,"LAXMIPUR.BOALIA,RAJSHAHI, Rajshahi"
2571,PROGRESSIVE TEACHERS TRAINING COLLEGE,0,,"0, Rajshahi"
2572,UTTARBANGA TEACHERS' TRAINING COLLEGE,uttc2572@gmail.com,750907,"UPOR VODRA (AMBAGAN), KAZLA, Rajshahi"
2573,CHARGHAT WOMENS DEGREE COLLEGE,charghatwomensdegreecollege@gmail.com,01711303076,"CHARGHAT,RAJSHAHI, Rajshahi"
2574,SAGRAM MAJHI MEMORIAL TEACHERS TRAINING COLL,0,,"0, Rajshahi"
2575,GOVT. PHYSICAL EDUCATION COLLEGE,rpec_ds@yahoo.com,01712216245,"PABA PARA, SOPURA, RAJSHAHI., Rajshahi"
2576,ALI IMAM PHYSICAL EDUCATION COLLEGE,0,,"0, Rajshahi"
2577,SHAHID ZIAUR RAHMAN PHYSICAL EDUCATION COLLEGE,princbiplob@gmail.com,01969751759,"KATAKHALI, SHYMPUR, MOTIHAR  RAJSHAHI., Rajshahi"
2578,INSTITUTE FOR LIBRARY AND INFORMATION STUDIES (ILIS),ilisrajshahi2578@gmail.com,02588866787,"Talaimari (Adjacent of Badurtola Jame Mosjid),  Rajshahi., Rajshahi"
2579,BANGLADESH COLLEGE OF TECHNOLOGY AND EDUCATIO,0,,"0, Rajshahi"
2580,RAJSHAHI ART COLLEGE,rajshahiartcollege@yahoo.com,0721770088,"J-42, SHEROIL, GHORAMARA, Rajshahi"
2581,DHOPAPARA MEMOREAL COLLEGE,dhopaparamocollege@gmail.com,01309127021,"DHOPAPARA,PUTHIA,RAJSHAHI., Rajshahi"
2582,PARAGON INSTITUTE OF BUSINESS & ARTS (PIBA),pibarajshahi@gmail.com,0721771196,"627 /  Ramchandrapur  (kedurmore), natore road, Ghoramara,Boalia, Rajshahi, Rajshahi"
2583,RAJABARI DEGREE MAHABIDDALAYA,rajabari.college@gmail.com,01774852422,"BOJAYNAGAR ,RAJABARIHAT,GODAGARI,RAJSHAHI., Rajshahi"
2584,SHAHID A.H.M. KAMARUZZAMAN DEGREE COLLEGE,kamaruzzamandegreecollege@yahoo.com,0247860890,"CANTONMENT- 6202, Boalia, Rajshahi., Rajshahi"
2585,MONDUMALA WOMEN'S DEGREE COLLEGE,mwdctr99@gmail.com,01750231361,"SADIPUR,MONDUMALA,TANORE,RAJSHAHI, Rajshahi"
2586,SALEHA-EMARAT DEGREE COLLEGE,shankoco@gmail.com,01711020676,"SHANKOA,POST:KAMARBARI, Rajshahi"
2587,KAKONHAT COLLEGE,kakoncollege@yahoo.com,01724399686,"KAKONHAT, GODAGARI, RAJSHAHI, Rajshahi"
2588,FAZAR ALI MOLLA DEGREE COLLEGE,rabbanifmc@yahoo.com,0723552021,"MUNDUMALA, Rajshahi"
2589,ALHAJ SUJAUDDAWLA COLLEGE,sujauddaula126493@gmail.com,01309126493,"TAROKHADIA, Rajshahi"
2590,BAGMARA COLLEGE,bagmaracollege@gmail.com,0722256152,"BAGMARA, Rajshahi"
2591,NASIRGONJ DEGREE COLLEGE,nasirgonjcollege@yahoo.com,01730834207,"P.O. NASIRGONJ.BAGMARA.RAJSHAHI., Rajshahi"
2592,SAYEDPUR MOCHMOIL WOMENS DEGREE COLLEGE,smwc95@yahoo.com,01714459248,"VILL: SAYEDPUR, POST: MOCHMOIL, Rajshahi"
2593,KRISHNAPUR ADARSHA WOMENS COLLEGE,kamcbd@gmail.com,01824195173,"KRISNAPUR, Rajshahi"
2594,HAROGRAM MODEL BUSINESS INSTITUTE (HMBI),hmbirajshahi@gmail.com,0721774808,"RAJSHAHI COURT, RAJPARA, RAJSHAHI, Rajshahi"
2595,MOHANPUR MOHILA DEGREE COLLEGE,mohanpur.mdc@gmail.com,01723427317,"MOHANPUR,POST: MOHANPUR (6220),UPAZILA:MOHANPUR, DIST: RAJSHAHI., Rajshahi"
2596,JHALUKA DEGREE COLLEGE,jhalukacollege.raj@gmail.com,01715665917,"Vill: Jhaluka, P.O: Amgacihat, P.S: Durgapur, Rajshahi, Rajshahi"
2597,KOYEL ADARSHA COLLEGE,koyeladarshacollege96@gmail.com,01712362960,"VILL: KOYAL, POST OFFICE: KOYAL HAT, Rajshahi"
2598,ORIENTAL INSTITUTE OF BUSINESS ADMINISTRATION (OIBA),oriental.iba@gmail.com,0721774736,"HOLDING # 08, SAGARPARA, GHORAMATRA,"
2601,NAWABGANJ GOVT. COLLEGE,nawabganjgcc@gmail.com,078152261,"NAWABGANJ GOVT. COLLEGE CHPAINAWABGANJ, Chapainawabganj"
2602,SHAH NEAMATULLAH COLLEGE,snc.cnj@gmail.com,078152260,"POST- CHAPAI NAWABGONJ, Chapainawabganj"
2603,CHAPAI NAWABGANJ MAHILA COLLEGE,cngwcbd@yahoo.com,02588892264,"KATHAL BAGICHA, Chapainawabganj"
2604,NACHOLE GOVT. COLLEGE,nacholecollege@yahoo.com,0782456017,"NACHOLE, Chapainawabganj"
2605,ADINA FAZLUL HAQUE GOVT. COLLEGE,adinacollege2013@yahoo.com,02588879760,"SHIBGONJ, CHAPAINAWABGONJ, Chapainawabganj"
2606,BINODPUR COLLEGE,binodpurcollege1986@gmail.com,01772055080,"Binodpur, Shibganj, Chapainawabganj, Chapainawabganj"
2607,SHIBGANJ MAHILA COLLEGE,shibganjmahilacollege@yahoo.com,0782575110,"COLLEGE ROAD, SHIBGANJ (6340), CHAPAI NAWABGANJ, Chapainawabganj"
2608,KANSAT SOLEMAN COLLEGE,kansat.college@gmail.com,01740650261,"KANSAT, Chapainawabganj"
2609,SHIBGANJ COLLEGE,shibganjcollege85@gmail.com,0782575097,"SHIBGONJ,CHAPAINAWABGONJ, Chapainawabganj"
2610,KRISHNA GOBINDAPUR COLLEGE,kgpurcollege2610@gmail.com,01309124600,"RAMCHANDRAPUR HAT, CHAPAINAWABGANJ SADAR, CHAPAINAWABGANJ, Chapainawabganj"
2611,ALLAHBAKSH MEMORIAL COLLEGE,alaboxcollege@gmail.com,01309124737,"SATRAJITPUR, Chapainawabganj"
2612,ROHANPUR YUSUF ALI GOVT. COLLEGE,rohanpuryusufalicollege@yahoo.com,0782374020,"Rohanpur, Gomastapur, Chapai-Nawabganj., Chapainawabganj"
2613,MAHIPUR COLLEGE,mahipurdegreecollege@yahoo.com,01711411070,"MAHIPUR, POST: MAHIPUR, Chapainawabganj"
2614,GOMOSTAPUR SOLEMAN MIAH COLLEGE,gsmdcollege@gmail.com,01309124420,"GOMASTAPUR, Chapainawabganj"
2615,BHOLAHAT MOHBULLAH DEGREE COLLEGE,mohbullahcollegebht@gmail.com,0782256022,"SANNASITALA, Chapainawabganj"
2616,SHAHBAJPUR SONAMASHJID DEGREE COLLEGE,shasudcollege@gmail.com,01711481912,"SHAHBAJPUR.KANSAT ,SHIBGANJ,CHAPAINAWABGANJ, Chapainawabganj"
2617,BALUGRAM ADORSHA COLLEGE,balugramcollege@gmail.com,078153494,"VILL- BALUGRAM,  POST- NAYAGOLA, DIST.CHAPAINAWABGANJ., Chapainawabganj"
2618,BIRSHERSTHA CAPTAIN MOHIUDDIN JAHANGIR DEGREE COLLEGE,bcmjdcollege@gmail.com,01712089958,"POST-SONAMOSJID, PS-SHIBGANJ, DIST- CHAPAINAWABGANJ, Chapainawabganj"
2619,BHOLAHAT GOVT. MOHILA COLLEGE,bholahatmohilacollege@yahoo.com,0782256015,"BHOLAHAT,CHAPAI NAWABGANJ, Chapainawabganj"
2620,RADHAKANTAPUR COLLEGE,rdcshibganj@yahoo.com,01309124747,"SHIBGANJ, CHAPAINAWABGANJ, Chapainawabganj"
2621,NACHOLE WOMEN'S COLLEGE,nacholewcollege@gmail.com,0782456040,"NACHOLE, Chapainawabganj"
2622,NAMOSONKARBATI COLLEGE,nscollege.chapai@gmail.com,01720297791,"NAMOSHANKARBATI  COLLEGE, NAMOSHANKARBATI, CHAPAINAWABGANJ, Chapainawabganj"
2623,NAWABGONJ LAW COLLEGE,0,,"0, Chapainawabganj"
2624,ROHANPUR MOHILA COLLEGE,rohanpurmohilacollege@yahoo.com,0782374050,"ROHANPUR, GOMASTAPUR, CHAPAI NAWABGANJ., Chapainawabganj"
2625,SHYAMPUR HAZI MOMTAJ MIAH DEGREE COLLEGE,shyampurhmdcollege@gmail.com,01713824226,"SHYAMPUR KANSAT,SHIBGANJ,CHAPAINAWABGANJ, Chapainawabganj"
2626,NAWABGANJ CITY COLLEGE,ncitycollege@gmail.com,000,"PURATON C&B GHAT, CHAPAINAWBGANJ SADAR, CHAPAINAWABGANJ-6300, Chapainawabganj"
2627,ALHAJ ABDUS SAMAD COLLEGE,alhajjabdussamaddeg.college@yahoo.com,01714549686,"SUNAM BAGICHA, SUNDORPUR, CHAPAI NAWABGANJ, Chapainawabganj"
2628,RANIHATI COLLEGE,ranihaticollege@yahoo.com,01713727967,"POST OFFICE-RANIHATI, THANA-SHIBGANJ, DISTRICT-NAWABGANJ, Chapainawabganj"
2629,SHAHID SRETI COLLEGE,sscollege124488@gmail.com,01733178784,"HATBAKOIL, NACHOL , CHAPAINAWABGONJ, Chapainawabganj"
2630,JAMBARIA COLLEGE,jambariacollege@gmail.com,01728403040,"BARGACHHIHAT, BHOLAHAT, CHAPAINAWABGANJ., Chapainawabganj"
2631,RADHANAGAR BARENDRA COLLEGE,radhanagarbc95@gmail.com,01309124421,"POST- KAYEMPUR, P.S- GOMASTAPUR, DIST.-CHAPAINAWABGONJ, Chapainawabganj"
2632,ROHANPUR P.M. IDEAL COLLEGE,rpmic124419@gmail.com,01721664534,"BEGUNBARI,ROHANPUR,GOMASTAPUR,CHAPAINAWABGANJ, Chapainawabganj"
2701,GOVT. AZIZUL HAQUE COLLEGE,ahcollege@gmail.com,05161793,"KAMARGARI, Bogura Sadar, Bogura, Bogra"
2702,GABTALI COLLEGE,principalggcbog@gmail.com,0502575025,"GABTALI, Bogra"
2703,GOVT. NAZIR AKHTER COLLEGE,govtnac@gmail.com,0503279054,"GORFOTEPUR, SONATALA, BOGRA, Bogra"
2704,ADAM DIGHI RAHIMUDDIN DEGREE COLLEGE,adamdighirudc@gmail.com,074169238,"ADAMDIGHI, Bogra"
2705,BOGRA GOVT. MUJIBUR RAHMAN MAHILA COLLEGE,bogramrcollege@yahoo.com,05165375,"Fulbari, Bogura Sadar, Bogura, Bogra"
2706,"CANTT. PUBLIC COLLEGE, BOGRA",abdul.alimas3@gmail.com,1797760681,"bogra, Bogra"
2707,GOVT. SHAH SULTAN COLLEGE,govtshahsultancollege@yahoo.com,05165249,"BOGRA, Bogra"
2708,SHIBGANJ GOVT. MOZAFFAR HOSSAIN COLLEGE,shibganjmhdegreecollege@yahoo.com,01721105028,"SHIBGANJ UPAZILLA SADAR, POST: SHIBGANJ, UPAZILLA: SHIBGANJ, DISTRICT: BOGRA, Bogra"
2709,MAHASTHAN MAHISAWAR COLLEGE,mohastancollege1972@gmail.com,01713739781,"MAHASTHAN, Bogra"
2710,NAMUJA DEGREE COLLEGE,namujadegreecollege69@gmail.com,01716178548,"NAMUJA, BURIGONJ BOGRA SADAR BOGRA, Bogra"
2711,SHERPUR GOVERNMENT COLLEGE,sherpurcollege67@gmail.com,0502977001,"SREERAMPUR PARA, SHERPUR, BOGRA, Bogra"
2712,"SYED AHMED COLLEGE, SUKHANPUKUR",sacollege70@gmail.com,01712942223,"SYED AHMED COLLEGE , SUKHANPUKUR , GABTOLI,  BOGRA., Bogra"
2713,SANTAHAR GOVT. COLLEGE,santahargovcollege@gmail.com,02588887409,"SANTAHAR, BOGRA, Bogra"
2714,NASRATPUR DEGREE COLLEGE,ntpcollege10@yahoo.com,074169064,"NASRATPUR, Bogra"
2715,KAHALU DEGREE COLLEGE,c2715@nu.ac.bd,0502656032,"PO & PS: KAHALOO, DIST.: BOGURA, Bogra"
2716,DHUNAT DEGREE COLLEGE,dhunatdegreecollege@yahoo.com,01309119401,"DHUNAT GOV. COLLEGE,DHUNAT, BOGURA., Bogra"
2717,SARIAKANDI COLLEGE,shariakandidcollege@yahoo.com,0502856213,"BALUAHATA,SARIAKANDI,BOGRA., Bogra"
2718,CHANDAN BAISHA COLLEGE,chandanbaishadegreecollege@yahoo.com,01390119714,"Vill-CHANDANBAISHA ,Po-Chandanbaisha,Up-Shariakandi,Dist- Bogra., Bogra"
2719,DUP CHANCHIA MAHILA COLLEGE,dupmcollege@gmail.com,0502451142,"P.O: DUPCHANCHIA, Upazila: Dupchanchia, Dist| Bogra., Bogra"
2720,BOGRA COLLEGE,bogracollege@yahoo.com,05161986,"NARULI DHAOWAPARA,BOGRA, Bogra"
2721,TOWN CLUB PUB. LIB. MAHILA COLLEGE,shonourscollege@yahoo.com,0502977320,"Village:Ramchandrapurpara, Post & Thana:Sherpur, Dist:Bogra., Bogra"
2722,"MANSUR HOSSAIN COLLEGE, NANDIGRAM",nandimhcollege@yahoo.com,0502776009,"NANDIGRAM, BOGRA, Bogra"
2723,JOYLAJUAN DEGREE COLLEGE,joylajuancollege@gmail.com,01309119806,"POST: KALLYANI, THANA: SHERPUR, DISTRICT: BOGURA., Bogra"
2724,GOSHAIBARI COLLEGE,goshaibaridegreecollege@gmail.com,01716237029,"GOSAIBARI, DHUNAT, BOGRA, Bogra"
2725,SHAHID AHSANUL HAQUE COLLEGE,sahc2725@gmail.com,074169690,"KALSHA (RATHBARI) , SANTAHAR, Bogra"
2726,ADARSHA COLLEGE,adarsha.d.college@gmail.com,05178961,"PURAN BOGURA, Bogra"
2727,DARGAHAT COLLEGE,dargahhatcollege@yahoo.com.sg,0502656123,"POST-NARHATTA, UPAZILA- KAHALOO,DIST-BOGRA, Bogra"
2728,MOKAMTALA MAHILA DEGREE COLLEGE,mokamtalacollege@yahoo.com,01717517177,"MOKAMTALA, Bogra"
2729,SHAHID M. MANSUR ALI DEGREE COLLEGE,smalidegreecollege@gmail.com,01718409000,"ALTAFNAGAR, Bogra"
2730,COMPUTER SCIENCE AND BUSINESS STUDIES INSTITU,0,,"0, Bogra"
2731,NOONGOLA DEGREE COLLEGE,ndc119254@gmail.com,01309119254,"NOONGOLA, BOGURA SADAR, BOGURA., Bogra"
2732,SHAHID ZIA DEGREE COLLEGE,ZIA260371@YAHOO.COM,0504455055,"BAGBARI, GABTALI, BOGRA., Bogra"
2733,AZIZUL HOQUE MEMORIAL DEGREE COLLEGE,ahmdcollege2733@gmail.com,01309119611,"POST- AGHORE MALONCHA, PS-KAHALOO, DIST-BOGURA, Bogra"
2734,KAHALU ADARSHA MOHILA DEGREE COLLEGE,kamc4626@yahoo.com,01711571671,"LATIF BAG KAHALOO, Bogra"
2735,BALUAHAT DEGREE COLLEGE,bdc.bogra@gmail.com,01711007937,"BALUAHAT, SONATOLA, Bogra"
2736,DHUNAT MAHILA COLLEGE,dhunatwomenscollege95@gmail.com,0502356152,"DHUNAT THANA ROAD, DHUNAT, BOGRA., Bogra"
2737,"G. M. C. DEGREE COLLEGE, MOTHURAPUR",gmccollege@yahoo.com,01309119400,"MOTHURAPUR. PIRHATI, Bogra"
2738,DURGAHATTA DEGREE COLLEGE,durgahattadegreecollege@yahoo.com,01716961536,"DURGAHATTA, GABTALI, BOGRA., Bogra"
2739,CHHAIHATA DEGREE COLLEGE,chhaihatadc@yahoo.com,01309119715,"CHHAIHATA,POST:NEW SONATOLA,P/S:SHARIAKANDI,BOGRA, Bogra"
2740,HATKARI COLLEGE,hatkaraidegreecollege1989@yahoo.com,01307624958,"post-HATKARAI ,ps-NANDIGRAM,dist-BOGRA, Bogra"
2741,"PIROB UNITED DEGREE COLLEGE, SHIHALI",pirobuniteddegreecollegeshihali@yahoo.com,01718689141,"PIROB UNITED DEGREE COLLEGE, SHIHALI, SHIBGANJ, BOGRA, Bogra"
2742,NANDIGRAM MOHILA DEGREE COLLEGE,nmdcbogra1997@gmail.com,0502776092,"NANDIGRAM POUROSAVA, Bogra"
2743,ZAHIDUR RAHMAN MOHILA COLLEGE,jrmdcollege@gmail.com,05162087,"ARULIA, Bogra"
2744,BOGRA LAW COLLEGE,bogralawcollage@gmail.com,05166254,"NAWAB BARI ROAD, BOGURA, Bogra"
2745,RAHIMA-NAWSHER ALI DEGREE COLLEGE,rndcollege@yahoo.com,01716844624,"SONKA,SHERPUR,BOGRA., Bogra"
2746,SHAHID MOSTAFIZUR RAHMAN B. ED. COLLEGE,0,,"0, Bogra"
2747,SHAHID MUNAYEM HOSSAIN B. ED. COLLEGE,0,,"0, Bogra"
2748,BOGRA B. ED. COLLEGE,c2748@nu.ac.bd,01712128868,"KARATOA ROAD, CHALKLOOK MAN, COLONY, BOGURA SADAR, BOGURA-5800., BOGRA SADAR - 5800, Bogra"
2749,SHAHID MOSTAFIZUR RAHMAN B. P. ED. COLLEGE,raiyanmostafiz@gmail.com,05161722,"SAZAPUR MAJHIRA BOGRA, Bogra"
2750,BOGRA T. H. B. P. ED. COLLEGE,,,","
2751,BOGRA B. P. ED. COLLEGE,c2751@nu.ac.bd,01712128868,"KARATOA ROAD, CHALK LOOK MAN, COLONY, BOGURA SADAR, BOGURA-5800., Bogra"
2752,"S. B. SCIENCE AND TECHNOLOGY COLLEGE, BOGRA",nuetbogra@gmail.com,1712748879,"sadharon bima vabon, shibbati, bogra, Bogra"
2753,BOGRA ART COLLEGE,bogura.art.college20@gmail.com,01301472312,"CHALKLOKMAN,SAJAHANPUR.BOGRA, Bogra"
2754,BOGRA LIBRARY SCIENCE COLLEGE,c2754@nu.ac.bd,01712128868,"KAROTOA SAKAR, CHALKLOKMAN, COLONY, BOGURA SADAR. BOGRA, Bogra"
2755,INSTITUTE OF NORTH BENGAL B. ED. COLLEGE,inbbec@gmail.com,04459740500,"NISHINDARA, UPASHAHAR, BOGRA., Bogra"
2756,DUP CHANCHIA J. K. COLLEGE,dupchanchiajkdegreecollege@gmail.com,01309119471,"DUPCHANCHIA,BOGRA., Bogra"
2757,TASLIM UDDIN TARAFDER DEGREE COLLEGE,taslimcollege@yahoo.com,01712217968,"POST: SONARAY, Bogra"
2758,SONAHATA COLLEGE,sonahatacollege95@gmail.com,01718023453,"SONAHATA, Bogra"
2759,JALSUKA HABIBUR RAHMAN COLLEGE,jhrcbd@gmail.com,01712531787,"PENCHIBARI, DHUNAT, BOGRA, Bogra"
2760,DUBLAGARI COLLEGE,digitalmedia52@yahoo.com,05182280,"SHAJAHANPUR, BOGRA, Bogra"
2761,TARANIRHAT COLLEGE,taranirhatdegreecollege@gmail.com,01711803532,"BALIADIGHI, Bogra"
2762,GOVT. KAMAR UDDIN ISLAMIA COLLEGE,kamaruddinidc1988@gmail.com,01715974216,"DEMAJANI, SHAJAHANPUR, BOGRA, Bogra"
2763,NORTH INSTITUTE OF BUSINESS & SCIENCE (NIBS),nibsbogra@gmail.com,05163649,"Aieze Tower, Fuldighi, Banani, Bogra, Bangladesh., Bogra"
2764,DR. ENAMUL HAQUE COLLEGE,dehcollege@gmail.com,01711135740,"VELURPARA, Bogra"
2765,JANATA DEGREE COLLEGE,collegejanata@gmail.com,01760435544,"PANCHBARIAHAT, POLLIMANGALHAT,, Bogra"
2766,CHOWDHURI ADARSHA WOMENS DEGREE COLLEGE,chowdarimohilacollege@gmail.com,01716364497,"SHIBGANJ, Bogra"
2767,SONATOLA BEGUM FOJILATUNNECHHA MUJIB MOHILA COLLEGE,collegesbfmm@gmail.com,0503279037,"SONATOLA,BOGRA, Bogra"
2768,PROFESSIONAL COLLEGE,pro.collegebogra@gmail.com,01818773665,"MEDICAL COLLEGE ROAD, BALAEL, BOGRA., Bogra"
2769,SARIAKANDI ABDUL MANNAN MOHILA DEGREE COLLEGE,college.samm@gmail.com,0502856177,"SARIAKANDI, BOGRA, Bogra"
2770,GABTOLI MOHILA COLLEGE,gabtolimohilacollege4328@gmail.com,01716153313,"GABTOLI, BOGRA, Bogra"
2771,KOHINOOR BEGUM LIBRARY SCIENCE AND DIPLOMA COLLEGE,kldcb2016@gmail.com,01717662916,"SHAHEED TARIQ ROAD, HANNAN BUILDING (5TH FLOOR) DATTABARI, BOGRA SADAR, BOGRA.,"
2772,POPULAR LIBRARY AND INFORMATION SCIENCE COLLEGE,popularliscollege@gmail.com,01711478935,"COLLEGE ROAD, BATTOLA, Bogra"
2773,BOGRA WOMEN'S COLLEGE,bwcbogra@gmail.com,01749123500,"Maloti Nagar, Bogra, Bogra"
2774,JAMUR ISLAMIA COLLEGE,asaduddoula2016@gmail.com,01309119805,"JAMUR, sHERPUR,BOGURA, Bogra"
2801,JOYPURHAT GOVT. COLLEGE,prin_jgc_joy@yahoo.com,02589915728,"JOYPURHAT SADAR, Joypurhat"
2802,MAHIPUR HAJI MOHSIN GOVT. COLLEGE,mhmgcpj@gmail.com,057175041,"PANCHBIBI, JOYPURHAT, Joypurhat"
2803,JOYPURHAT GOVT. MOHILA COLLEGE,mohilacollege.jaipurhat@gmail.com,02589915741,"JOYPURHAT SADAR, Joypurhat"
2804,GOVT. SAYEED ALTAFUNNESA COLLEGE,collegesyeedaltafunnesa@yahoo.com,0572356004,"KHETLAL, Joypurhat"
2805,AKKELPUR MUJIBAR RAHMAN GOVT. COLLEGE,akkelpurmrcollege@yahoo.com,0572264063,"AKKELPUR, JOYPURHAT., Joypurhat"
2806,MONGOLBARI M. M. COLLEGE,mmmcollege72@gmail.com,01309121892,"MONGOLBARI M.M. COLLEGE, MONGOLBARI, JOYPURHAT., Joypurhat"
2807,KALAI COLLEGE,kalaidegreecollege@yahoo.com,0572556188,"KALAI, JOYPURHAT, Joypurhat"
2808,AMDOI UNITED COLLEGE,amdaicollege@gmail.com,01309121894,"AMDAI, Joypurhat"
2809,KALAI GOVT. MOHILA COLLEGE,kalaimohilacollege@gmail.com,0572556060,"KALAI, Joypurhat"
2810,PANCHBIBI DEGREE COLLEGE,pdc5177@gmail.com,052475271,"HORIHORPUR,PANCHBIBI, JOYPURHAT, Joypurhat"
2811,NURNAGAR UNITED DEGREE COLLEGE,nudcollege@gmail.com,01745500962,"NURNAGAR,  POST-TILAKPUR, Joypurhat"
2812,JOYPURHAT LAW COLLEGE,joypurhatlawcollege2812@gmail.com,01729751749,"PANCHBIBI ROAD BISWASPARA, Joypurhat"
2813,CONFIDENCE TEACHERS TRAINING COLLEGE,0,,"0, Joypurhat"
2814,JOYPURHAT B. ED. COLLEGE,joybedcollege@gmail.com,01736204413,"PURANAPOIN, Joypurhat"
2815,JOYPURHAT MOHABIDYALAYA,joypurhatmohabidalaya@gmail.com,057162335,"SADOR, JOYPURHAT, Joypurhat"
2816,AKKELPUR WOMEN'S COLLEGE,akkelpurmohiladegreecollege@gmail.com,01740869610,"AKKELPUR, AKKELPUR, JOYPURHAT, Joypurhat"
2817,JAMALGANJ COLLEGE,jamalgonjcollege1993@gmail.com,057162964,"Post: Jamalgonj, Thana:Akkelpur. District: Joypurhat, Joypurhat"
2818,JAIPURHAT WOMEN'S COLLEGE,joypurmdc@yahoo.com,057163153,"MUSLIM NOGAR, JOYPURHAT, Joypurhat"
2819,TILAKPUR COLLEGE,collegetilakpur@gmail.com,01718993534,"TILAKPUR, Joypurhat"
2820,SARAIL ADARSHA COLLEGE,sacollege97@gmail.com,01712147848,"POST-SARAIL, P.S-PANCHBIBI, DIST.-JOYPURHAR, Joypurhat"
2821,MODERN INSTITUTE OF LIBRARY & INFORMATION SCIENCE,milisjoy14@gmail.com,057151121,"HOUSING ESTATE, Joypurhat"
2901,LALMONIRHAT GOVT. COLLEGE,lalmonirhatgc@yahoo.com,02589986091,"TALUK, KHUTAMARA, LALMONIRHAT SADAR, Lalmonirhat"
2902,MAJIDA KHATUN MAHILA COLLEGE,mkgwclal@yahoo.com,02589986609,"STATION ROAD, P.O- LALMONIRHAT, PS: LALMONIRHAT SADAR, DIST.- LALMONIRHAT, Lalmonirhat"
2903,ADITMARI GOVT. COLLEGE,aditmaridegreecollege@yahoo.com,0592256010,"ADITMARI, LALMONIRHAT., Lalmonirhat"
2904,GOVT. KARIMUDDIN PUBLIC COLLEGE,kupc1972@yahoo.com,0592456007,"P0.KARIMPUR,PS.KALIGONJ, Lalmonirhat"
2905,JASUMUDDIN KAZI A. GHANI COLLEGE,gjkagcollege@gmail.com,0592556231,"RASULGONJ, Lalmonirhat"
2906,HATIBANDHA ALIMUDDIN COLLEGE,alimuddindegreecollege.bd@gmail.com,01309122829,"GOVT. ALIMUDDIN DEGREE COLLEGE, HATIBANDHA, LALMONIRHAT., Lalmonirhat"
2907,"UTTAR BANGLA COLLEGE, KAKINA",uuc.1994@gmail.com,09639122891,"Post Office: Kakina, Post Code: 5520; Upazila: Kaliganj, District: Lalmonirhat, Lalmonirhat"
2908,SHAMSUDDIN KAMARUDDIN COLLEGE,dulalict22@gmail.com,01712597353,"CHAPARHAT, KALIGONJ, LALMONIRHAT., Lalmonirhat"
2909,SAPTIBARI COLLEGE,principalsaptibari1992@gmail.com,01712808314,"SAPTIBARI, Lalmonirhat"
2910,TEESTA COLLEGE,tistacollege@yahoo.com,01557480000,"TEESTA,LALMONIRHAT, Lalmonirhat"
2911,HATIBANDHA WOMEN'S COLLEGE,hatibandhawomencollege1@yahoo.com,0592356127,"SIGGIMARI,hatibandha, lalmonirhat, Lalmonirhat"
2912,LALMONIRHAT ADARSHA DEGREE COLLEGE,laladcollege@gmail.com,632,"SAPTANA ROAD, Lalmonirhat"
2913,PATGRAM ADARSHA DEGREE COLLEGE,patadarshadegreecollege@gmail.com,01714802233,"PATGRAM,LALMONIRHAT, Lalmonirhat"
2914,PATGRAM WOMEN'S COLLEGE,patgramwomenscollege@gmail.com,01309123028,"PATGRAM,LALMONIRHAT, Lalmonirhat"
2915,LALMONIRHAT LAW COLLEGE,lalmonirhatlawcollege@gmail.com,01715204018,"KHORDDO SAPTANA, LALMONIRHAT., Lalmonirhat"
2916,SHAHED ABUL KASHEM COLLEGE,sakcollege@yahoo.com,01915766771,"BARABARI,LALMONIRHAT, Lalmonirhat"
2917,BEGUM KAMRUNNESSA COLLEGE,begumkamrunnessacollege@gmail.com,01309122987,"VILLAGE: DURAKUTI,  Post Office: Bhalabari, Post Code:5510, Thana: Lalmonirhat Sadar, District: Lalmonirhat., Lalmonirhat"
2918,DAIKHAWA ADERSHA COLLEGE,dadcollege@gmail.com,01716556070,"DAIKHAWA, Lalmonirhat"
2919,BARAKHATA DEGREE COLLEGE,barakhata.college@gmail.com,01710823859,"BARAKHATA DEGREE COLLEGEVILL: BARAKHATA, POST: BARAKHATA, UPAZILLA: HATIBANDHA, DRIST: LALMONIRHAT, POST CODE: 5530, Lalmonirhat"
2920,UTTRAN COLLEGE,uttarancollege122890@gmail.com,01716572193,"VILL: BHOTMARI, Lalmonirhat"
2921,TUSHBHANDAR MOHILA COLLEGE,twcmahababub@gmail.com,0592456155,"TUSHBHANDAR, KALIGANJ, LALMONIRHAT, Lalmonirhat"
3001,KURIGRAM GOVT. COLLEGE,principal_kgc@yahoo.com,058161659,"KURIGRAM, Kurigram"
3002,ULIPUR GOVT. COLLEGE,ulipurgovtcollege@gmail.com,0582956026,"ULIPUR, KURIGRAM, Kurigram"
3003,RAJIBPUR DEGREE COLLEGE,principalrckgm@gmail.com,0582356066,"BORAY DANGI, Kurigram"
3004,ULIPUR MAHILA COLLEGE,umdc_ulipur@yahoo.com,0582956267,"ULIPUR POUROSABHA,ULIPUR, KURIGRAM., Kurigram"
3005,KURIGRAM GOVT. MAHILA COLLEGE,principalkgwc@gmail.com,02589950748,"KURIGRAM SADAR, KURIGRAM, Kurigram"
3006,GOVT. MIR ISMAIL HOSSAIN COLLEGE,c3006@nu.ac.bd,0582756215,"RAJARHAT, KURIGRAM, Kurigram"
3007,NAGESHWARI GOVT. COLLEGE,ndc.kuri@gmail.com,0,"PASCHIM NAGESWARI, Nageswari, Kurigram, Kurigram"
3008,NAGESWARI MAHILA COLLEGE,nmc_nag@yahoo.com,01719547726,"NAGESWARI, KURIGRAM, Kurigram"
3009,BHURUNGAMARI GOVT. COLLEGE,bh.deg.collage@gmail.com,0582256021,"DEWANAR KHAMAR, BHURUNGAMARI, KURIGRAM., Kurigram"
3010,ROWMARI GOVT. COLLEGE,zibonrdc@gmail.com,0582856085,"ROWMARI,, Kurigram"
3011,CHILMARI COLLEGE,chilmaricollege@gmail.com,0582456083,"POST:CHILMARI, UPOZILLA: CHILMARI, ZILLA: KURIGRAM, Kurigram"
3012,PHOOLBARI COLLEGE,fulbaridegreecollege@gmail.com,01718565560,"FULBARI, KURIGRAM., Kurigram"
3013,MAJIDA ADARSHA DEGREE COLLEGE,majidaadc@ymail.com,058161320,"MOLLAPARA, KURIGRAM, Kurigram"
3014,BHETERBANDH COLLEGE,bhitorbandcollege@gmail.com,01719401921,"BHITARBANDH, Kurigram"
3015,CHILMARI MAHILA COLLEGE,chilmarimohiladegreecollege@gmail.com,0582456246,"CHILMARI, KURIGRAM, Kurigram"
3016,GOLAM HABIB MAHILA COLLEGE,golamhabibmc@gmail.com,01714605300,"VILLAGE-SABUJ PARA, P.O.-CHILMARI, THANA-CHILMARI, ZILLA-KURIGRAM., Kurigram"
3017,KOTCHAKATA COLLEGE,kachakata.degree.college@gmail.com,01714333006,"KOCHAKATA, NAGESWARI, KURIGRAM ., Kurigram"
3018,PULLBARI MAHILA COLLEGE,fulbarimahilacollege@gmail.com,0582556130,"VILL: CHANDRAKHANA, POST: FULBARI, UPAZILA: FUBARI,DIST: KURIGRAM., Kurigram"
3019,RAIGONJ COLLEGE,raygonjdegreecollege@gmail.com,01710605068,"RAYGONJ, NAGESWAR,  KURIGRAM  , Kurigram"
3020,PANCHPIR DEGREE COLLEGE,pdc_panchpir.ulipur@yahoo.com,01716438188,"POST: PANCHPIR, Kurigram"
3021,BHURUNGAMARI MOHILA DEGREE COLLEGE,bhurungamarimohilacollege@gmail.com,0582256277,"DEWANAR KHAMAR, BHURUNGAMARI, KURIGRAM., Kurigram"
3022,RAJARHAT MOHILA DEGREE COLLEGE,rajarhatwomensdegreecollege@gmail.com,0582756241,"VILLAGE : CHAKIR PASAR TALUK, POST : RAJARHAT,UPOZILA;RAJARHAT,ZILA;KURIGRAM, Kurigram"
3023,KURIGRAM LAW COLLEGE,kurigramlawcollege@gmail.com,01721350986,"KURIGRAM-CHILMARI ROAD, KURIGRAM, Kurigram"
3024,KANTHAL BARI COLLEGE,kanthalbaridc97@yahoo.com,01712524362,"POST: KANTHAL BARI, Kurigram"
3025,KURIGRAM TEACHERS' TRAINING COLLEGE,bed3025@gmail.com,01714558264,"KURIGRAM SADER. KURIGRAM., Kurigram"
3026,ROWMARI WOMEN'S COLLEGE,principalrwdc@gmail.com,0582856129,"POST OFFICE_ ROWMARI, Kurigram"
3027,KASHIPUR DEGREE COLLEGE,kashipurdgrcllg@gmail.com,01718972722,"POST- GONGERHAT. THANA- FULBARI. DIST- KURIGRAM, Kurigram"
3028,SHONAHAT COLLEGE,shonahatdccollege@gmail.com,01740567540,"BHURUNGAMARI, KURIGRAM, Kurigram"
3029,CHARSHOULMARI DEGREE COLLEGE,charshoulmari3029@gmail.com,01997309001,"CHAR SHOUL MARI, ROWMARI,KURIGRAM , Kurigram"
3030,GUNAIGACHH DEGREE COLLEGE,gunaigachhdigreecollege@gmail.com,01725317830,"GUNAIGACHH, JUMMAHAT, Ulipur, Kurigram, Kurigram"
3031,BOZRA L K AMIN DEGREE COLLEGE,bozralkamincollege@gmail.com,01819686190,"VILL : BOZRA HAT, Upazila : ulipur, Dist : Kurigram, Kurigram"
3032,JADURCHAR DEGREE COLLEGE,jadurcharcollege1999@gmail.com,01927157147,"JADURCHAR, ROWMARI, KURIGRAM, Kurigram"
3033,JADUR CHAR MODEL DEGREE COLLEGE,jadurcharmodelcollege@gmail.com,01917171002,"JADUR CHAR, ROWMARI, KURIGRAM, Kurigram"
3034,BALDIA COLLEGE,baldiacollege97@gmail.com,01718208193,"KOCHAKATA, BHURANGAMARI, KURIGRAM, Kurigram"
3035,RAJARHAT ADARSHA MOHILA DEGREE COLLEGE,college122535@gmail.com,+8801720334132,"Rajarhat, Kurigram, Rangpur, Kurigram"
3101,NILPHAMARI GOVT. COLLEGE,principalnilgc@yahoo.com,02587742300,"HAROWA, NILPHAMARI, Nilphamari"
3102,CHILAHATI GOVT. COLLEGE,govt.chilahaticollege@gmail.com,01721685784,"POST: CHILAHATI,DOMAR,NILPHAMARI, Nilphamari"
3103,NILPHAMARI GOVT. MAHILA COLLEGE,nilgovwc@gmail.com,01733390704,"SHAHI PARA, NILPHAMARI, Nilphamari"
3104,DOMAR GOVT. COLLEGE,domarcollege@gmail.com,01309124892,"DOMAR GOVT. COLLEGE, TAHANA : DOMAR, POST : DOMAR, UPAZILLA : DOMAR, DIST :  NILPHAMARI., Nilphamari"
3105,JOLDHAKA GOVT. COLLEGE,jaldhakadc@yahoo.com,0552464049,"VILL+POST-JALDHAKA, Nilphamari"
3106,SAIDPUR GOVT. COLLEGE,saidpur.college1953@gmail.com,0552672266,"KUNDOL, SAIDPUR , NILPHAMARI, Nilphamari"
3107,DIMLA ISLAMIA COLLEGE,dimlaislamiacollege@yahoo.com,0552256025,"VILL: SOUTH TIT PARA, Nilphamari"
3108,MASHIUR RAHMAN DEGREE COLLEGE,nilmrc1986@yahoo.com,055161733,"SAIDPUR ROAD, NILPHAMARI, Nilphamari"
3109,SHIMUL BARI BANGABANDHU GOVERNMENT COLLEGE,bangabandhucollegeshimulbari@gmail.com,01716107679,"Arazishimulbari,post-shimulbari,jaldhaka,nilphamari, Nilphamari"
3110,CHANDERHAT COLLEGE,chanderhatcollege@yahoo.com,01712215130,"CHANDERHAT,, Nilphamari"
3111,SONAROY SONGOLSHI COLLEGE,c3111@nu.ac.bd,0552673028,"POST SONGOLSHI, Nilphamari"
3112,DOMAR WOMEN'S DEGREE COLLEGE,domarmohilacollege@gmail.com,01712347548,"CHIKONMATI,DOMAR POURASHAVA Word no 06,, Nilphamari"
3113,KAMARPUKUR COLLEGE,kamarpukurcollegesdp@gmail.com,0552672686,"KAMARPUKUR, SAIDPUR, NILPHAMARI, Nilphamari"
3114,DIMLA GOVT. MOHILA COLLEGE,mahilacollege.dimla@gmail.com,0552256001,"VILL: BABURHAT, PO: DIMLA, PS: DIMLA, DIST: NILPHAMARI., Nilphamari"
3115,JANATA COLLEGE,janata_14@yahoo.com,01726737721,"BANDHOR KHAGRI BARI,KHAGAKHARIBARI,DIMLA,NILPHAMARI, Nilphamari"
3116,SAIDPUR MOHILA COLLEGE,saidpurmohilacollege81@yahoo.com,0552672385,"Saidpur, Nilphamari, Nilphamari"
3117,RABEYA CHAWDHURY WOMEN'S DEGREE COLLEGE,rabeya1994college@gmail.com,0552464113,"MATHAVANGA, JALDHAKA, NILPHAMARI, Nilphamari"
3118,KISORIGONJ DEGREE COLLEGE,kdc.nil@gmail.com,01716483309,"KISHOREGANJ, Nilphamari"
3119,NILPHAMARI TEACHERS' TRAINING COLLEGE,nilphamarittcollege@gmail.com,01748951390,"SADAR, Nilphamari"
3120,TISTA COLLEGE,tistadegreecollege@gmail.com,no,"VILL.CHOTOKHATA POST.DALIA UPAJELA .DIMLA NILPHAMARI, Nilphamari"
3121,MIRGONJ HAT COLLEGE,mir.col.jal901@gmail.com,01717362616,"POST:MIRGONJHAT, Nilphamari"
3122,PALASHBARI COLLEGE,polashbaricollege@yahoo.com,01309125192,"PALASHBARI,NILPHAMARI., Nilphamari"
3123,TENGONMARI COLLEGE,tengonmaricollege@gmail.com,01715138568,"Post - Khutamara, Upzilla- Jaldhaka, District- Nilphamari., Nilphamari"
3124,RADHARANI MOHILA DEGREE COLLEGE,radharanimohiladegreecollege@yahoo.com,0522856136,"KELLABARI, KISHORGONJ, NILPHAMARI., Nilphamari"
3125,GOMNATI MOHABIDDALAY,gomc94@hotmail.com,01714624075,"GOMNATI,DOMAR,NILPHAMARI, Nilphamari"
3126,ANORMARI DEGREE COLLEGE,principal1699@gmail.com,01740951929,"KAIMARI, KISHOREGONJ, NILPHAMARI., Nilphamari"
3127,SHAHID ZIAUR RAHMAN COLLEGE,ziacollege14@yahoo.com,01715748505,"CHAPANIHAT, DIMLA, NILPHAMARI,"
3128,IDEAL COLLEGE,idealcollege6601@gmail.com,01309124981,"AMRULBARI, JALDHAKA, NILPHAMARI., Nilphamari"
3201,CARMICHAEL COLLEGE,carmichaelcollege@gmail.com,052161959,"Rangpur, Rangpur"
3202,SHYAMPUR COLLEGE,shyampurdegreecollege@yahoo.com,01309127490,"SHYAMPUR, Rangpur"
3203,GANGACHARA GOVT. COLLEGE,gcdcollege@gmail.com,0522356016,"VILL : NABONIDASH, P.O : GANGACHARA, Rangpur"
3204,DHAPERHAT MONIKRISHNA SEN COLLEGE,monikrishnasencollege@yahoo.com,01719709455,"Dhaperhat, Pirganj, Rangpur.,, Rangpur"
3205,"CANTT. PUBLIC COLLEGE, RANGPUR",cpscr_1978@yahoo.com,1913632119,"Rangpur Cantonment, Rangpur, Rangpur"
3206,GOVT. BEGUM ROKEYA COLLEGE,gbrcrangpur@yahoo.com,052163689,"SHALBON, RANGPUR, Rangpur"
3207,RANGPUR GOVT. COLLEGE,rangpurcollege1984@gmail.com,02588809093,"RANGPUR SADAR, RANGPUR, Rangpur"
3208,MAHIGANJ COLLEGE,mahigonjcollege@yahoo.com,052152245,"Mahigonj, Po;Mahigonj,Ps; Sadar.Dist; Rangpur, Rangpur"
3209,ANONDALOK COLLEGE,anandalokecollege@gmail.com,052153483,"BURIRHAT FARM RANGPUR, Rangpur"
3210,"GOVT. SHAH ABDUR ROUF COLLEGE, PEERGANJ",sarcpir@yahoo.com,01309127938,"PIRGANJ.RANGPUIR., Rangpur"
3211,BADARGANJ GOVT. COLLEGE,badarganjdegc@yahoo.com,0522256555,"BADARGANJ, RANGPUR, Rangpur"
3212,KAUNIA COLLEGE,kauniadegreecollege1971@gmail.com,0522456014,"HARISWAR, KAUNIA, RANGPUR, Rangpur"
3213,PEERGACHHA GOVT. COLLEGE,pirgachhacollege@gmail.com,0522656007,"PIRGACHHA, RANGPUR-5450, Rangpur"
3214,TARAGANG WAQF ESTATE GOVT. COLLEGE,taragonj.dcollege@gmail.com,0522856016,"TARAGONJ, RANGPUR, Rangpur"
3215,MITHAPUKUR COLLEGE,mithapukurcollege@gmail.com,0522556238,"MITHAPUKUR,RANGPUR., Rangpur"
3216,HARAGACHH GOVT. COLLEGE,hdc1973@yahoo.com,052162996,"HARAGACH, KAUNIA, RANGPUR, Rangpur"
3217,SATHIBARI COLLEGE,collegeshathibari@gmail.com,0,"SATHIBARI-5460, MITHAPUKUR, RANGPUR., Rangpur"
3218,KAUNIA MAHILA COLLEGE,kauniamohiladegreecollege@yahoo.com,0522456133,"SHAHABAJ, OPOSITE OF KAUNIA THANA., Rangpur"
3219,PEERGANJ MAHILA COLLEGE,pwdc1994@gmail.com,01712778129,"PIRGANJ, Rangpur"
3220,BADARGANJ MAHILA COLLEGE,bwd.college@gmail.com,0522256281,"POST--BADARGANJ (5430),UPOZILA-BADARGANJ, DIST-RANGPUR., Rangpur"
3221,RANGPUR MODEL COLLEGE,rangpurmodelcollege@yahoo.com,052164084,"POST- CADET COLLEGE, KOTWALI, RANGPUR, Rangpur"
3222,MAWLANA KERAMAT ALI COLLEGE,maulanakeramatalicollege@gmail.com,052168082,"PIRZABAD, Rangpur"
3223,SHUKURERHAT COLLEGE,shukurerhatcollege@yahoo.com,01309127662,"SHUKURER HAT, Rangpur"
3224,MIRZAPUR BASIRUDDIN COLLEGE,mirzapurbdcollege@yahoo.com,01718783856,"Village: Mirzapur, Post Office: Deulpara Via Bamandanga, Upazila: Mithapukur, District: Rangpur., Rangpur"
3225,CHAWKESABPUR COLLEGE,chakisabpurdegreecollege@yahoo.com,01716355704,"CHANDANPAT, Rangpur"
3226,BHENDA BARI COLLEGE,bhendabaricollege@yahoo.com,01730165196,"P.O.:BHENDABARI,Upazill: Pirganj, Dist.: Rangpur, Rangpur"
3227,PAIRABANDH GOVT. BEGUM ROKEYA SMRITI COLLEGE,pbrscollege@gmail.com,01714524020,"Vill: Khorddo Muradpur, Post: Begum Rokeya Smrite, Upazilla: Mithapukur, Dist: Rangpur., Rangpur"
3228,CHATRA COLLEGE,Chatra_college@yahoo.com,01718826948,"CHATRA DEGREE COLLEGE, PIRGANJ, RANGPUR, Rangpur"
3229,RADHAKRISHNAPUR COLLEGE,priradhakrishnapurc@gmail.com,01712554775,"VILL-RADHA KRISHNAPUR, Post-kerinirhat,Sadar Rangpur., Rangpur"
3230,KUTUBPUR COLLEGE,college.kutubpur@gmail.com,01712932727,"POST-NATARAM, UPAZILLA-BADARGONJ, RANGPUR ., Rangpur"
3231,PEERGACHHA MAHILA COLLEGE,pirgachamohilacollege.pir_rang@yahoo.com,01309127770,"PEERGACHHA MAHILA COLLEGE, PEERGACHHA, RANGPUR, Rangpur"
3232,BALARHAT ADARSHA DEGREE COLLEGE,balarhatadarshacollege@gmail.com,01714516791,"BALARHAT, MITHAPUKUR, RANGPUR, Rangpur"
3233,MIRBAGH DEGREE COLLEGE,mirbaghdegreecollege@yahoo.com,01309127359,"Mirbagh, Post: Mirbagh, P.S; Kaunia, Dist: Rangpur., Rangpur"
3234,DEVI CHOWDHURANI DEGREE COLLEGE,dcdcollege@gmail.com,01747836991,"CHOWDHURANI, Rangpur"
3235,BAKSHIGANJ DEGREE COLLEGE,bakshiganjcollege@yahoo.com,01715249475,"POST-AFTABABAD, UPAZILLA-BADARGANJ, DIST-RANGPUR, Rangpur"
3236,BAIRATI DEGREE COLLEGE,bairaticoll@yahoo.com,01716110964,"BAIRATI HAT, UPA ZILLA : MITHAPUKUR, DIST. : RANGPUR., Rangpur"
3237,KHALASHPIR GOVT. BANGABANDHU COLLEGE,kbdc97@gmail.com,01714333112,"LAXIMPUR TAKURDAS. KHALASHPIR, Rangpur"
3238,AKHIRAHAT DEGREE COLLEGE,ahc.college93@gmail.com,01309127667,"LALPUKUR, MITHAPUKUR, RANGPUR, Rangpur"
3239,DELTA COMPUTER SCIENCE COLLEGE,gm.rangpur@yahoo.com,052165992,"DELTA MORE, R.K. ROAD, RANGPUR CITY, RANGPUR., Rangpur"
3240,GANGACHARA WOMEN'S DEGREE COLLEGE,gwcollege1997@gmail.com,0522356113,"VILL : GANGACHARA, Rangpur"
3241,EKARCHALI COLLEGE,ikarchalidegreecollege@gmail.com,01713731183,"EKARCHALI, Rangpur"
3242,RANGPUR LAW COLLEGE,rangpurlaw64@gmail.com,01713768660,"GOPTOPARA,, Rangpur"
3243,RANGPUR ADARSHA B. ED. COLLEGE,0,,"0, Rangpur"
3244,GOVT. TEACHERS' TRAINING COLLEGE,rangpurttc98@gmail.com,02588809091,"DHAP, LALKHUTHI, RANGPUR, Rangpur"
3245,RANGPUR TEACHERS TRAINING COLLEGE,0,,"0, Rangpur"
3246,RANGPUR B. P. ED. COLLEGE,principal8686@gmail.com,01714120246,"MODERN MORE, Rangpur"
3247,PAKURIA SHARIF COLLEGE,pakuriasharifcollege@gmail.com,01716305441,"VILL : PAKURIA SHARIF, Rangpur"
3248,HARAGACH MODEL DEGREE COLLEGE,hmdc1998@gmail.com,01719710078,"HARAGACH POUROSHAVA, Rangpur"
3249,RAHIM UDDIN BHARASA WOMEN'S COLLEGE,ruvwcpr@gmail.com,01309127771,"PIRGACHHA, RANGPUR, Rangpur"
3250,CHHARAN COLLEGE,chharancollege045@gmail.com,01719360039,"Vill: Hasia Chharan, Post: Chharan-5460, P.S: Mithapukur, Rangpur, Rangpur"
3251,LALDIGHI PIRPAL COLLEGE,laldighipirpalcollege05@gmail.com,01718200850,"POST: MONDOL PARA, Rangpur"
3252,NORTHBENGAL INSTITUTE OF DEVELOPMENT STUDIES (NIDS),sarkarshital@gmail.com,052155512,"NIDS Bhaban, Road 2/3, R. K Road, Dorshona mour, Rangpur, Rangpur"
3253,UPOMA INSTITUTE OF SCIENCE AND TECHNOLOGY,uist2016@gmail.com,01765002740,"MODERN MORE, CADET COLLEGE, Rangpur"
3254,MADARGONJ DEGREE COLLEGE,madarjongdegreecollege1987@gmail.com,01712160020,"MADARGONJ, PIRGONJ, RANGPUR., Rangpur"
3255,RANGPUR INSTITUTE OF INFORMATION TECHNOLOGY,alam.rangpur@yahoo.com,01860068534,"CHARTOLA MOR, COLLEGE ROAD, RANGPUR,"
3301,GAIBANDHA GOVT. COLLEGE,gaibandhagovtcollege@yahoo.com,02588877379,"COLLEGE ROAD, THANA PARA, GAIBANDHA, Gaibandha"
3302,GAIBANDHA GOVT. MAHILA COLLEGE,info.ggmcg@gmail.com,02589980133,"D.B ROAD, Gaibandha"
3303,GAIBANDHA ADARSHA COLLEGE,gaibandhaadarshacollege3303@gmail.com,0541737,"GAIBANDHA, POUROSHOVA, Gaibandha"
3304,BONARPARA GOVT. COLLEGE,bonarparadegreecollege@yahoo.com,01718844748,"BONARPARA, SHAGHATA, GAIBANDHA, Gaibandha"
3305,SUNDARGANJ DEED WRITER GOVT. COLLEGE,sundarganjdwdc@gmail.com,0542764075,"SUNDARGANJ Pouroshova, Gaibandha., Gaibandha"
3306,KAMDIA NURUL HAQUE DEGREE COLLEGE,kamdianuralhaquedegreecollege@yahoo.com,01715804896,"KAMDIA, GOBINDAGANJ, GAIBANDHA, Gaibandha"
3307,GOBINDAGANJ MAHILA COLLEGE,gmc_3307gaibandha@yahoo.com,0542375087,"GOBINDAGANJ, Gaibandha"
3308,GOBINDAGANJ GOVERNMENT COLLEGE,principal.gc.1965@gmail.com,01770222129,"BORDHANKUTI, Gaibandha"
3309,SADULLAPUR GOVT. COLLEGE,principalsdc_72@yahoo.com,0542556086,"P.O & P.S. SADULLAPUR .DIST.GAIBANDHA, Gaibandha"
3310,NOLDANGA COLLEGE,naldanga121538degreecollege@gmail.com,01309121538,"NALDANGA, SADULLAPUR, Gaibandha"
3311,PALASHBARI GOVT. COLLEGE,palashbari.college@yahoo.com,0542456258,"PALASHBARI GOVT. COLLEGE, PALASHBARI, GAIBANDHA., Gaibandha"
3312,POLASH BARI ADARSHA COLLEGE,adarshacollege.palashbari@gmail.com,01719826994,"PALASHBARI,GAIBANDHA, Gaibandha"
3313,SHAH AJGAR ALI COLLEGE,rubel_pra@yahoo.com,01714750602,"DHAPERHAT, Gaibandha"
3314,SUNDARGANJ MAHILA COLLEGE,sundarganjmc@gmail.com,0542764292,"SUNDARGANJ POUROSHAVA, SUNDARGANJ, GAIBANDHA., Gaibandha"
3315,DHARMAPUR ABDUL JABBAR COLLEGE,collegedaj1986@gmail.com,01740815360,"Dhormopur, Sundorgon, Gaibandha, Gaibandha"
3316,BELKA COLLEGE,belkadc@gmail.com,01713864888,"BELKA, Gaibandha"
3317,SAGHATA COLLEGE,saghatacollege@yahoo.com,01715367482,"SAGHATA, Gaibandha"
3318,PHOOLCHHARI GOVT. COLLEGE,fdc1991@gmail.com,01718400596,"POST:BHARATKHALI,FULCHARI,GAIBANDHA., Gaibandha"
3319,SHAHARGACHI ADARSHA DEGREE COLLEGE,sadcollege86@yahoo.com,01737175050,"SHAHARGACHI,Gobindogonj, Gaibandha., Gaibandha"
3320,TULSHI GHAT SHAMSOL HAQUE DEGREE COLLEGE,tulshighat.sh.degreecollege@gmail.com,01749503015,"TULSHIGHAT, Gaibandha"
3321,SOBHAGANJ DEGREE COLLEGE,sobhagonjdegreecollege@gmail.com,01713783848,"SOBHAGANJ, Gaibandha"
3322,KONCHIPARA MAHABIDYALAY,kanchiparacollege@yahoo.com,01717852437,"Kanchipara , Bhowanigonj, Fulchhari, Gaibandha, Gaibandha"
3323,GAIBANDHA LAW COLLEGE,gaibandhalawcollege@gmail.com,01820969954,"DB ROAD, GAIBANDHA, Gaibandha"
3324,SADULLAPUR GIRL'S COLLEGE,sadullapurgirlscollege@gmail.com,0542556089,"SADULLAPUR, Gaibandha"
3325,GOBINDAGANJ SHIKKHAK PROSHIKHAN COLLEGE,ttcgobin@yahoo.com,0542375077,"51, SHAPTABARNA, THANA ROAD, GOBINDAGANJ, GAIBANDHA, Gaibandha"
3326,SAFIA-ASAB B. P. ED. & LIBRARY & INFORMATION SCIENCE COLLEGE,c3326@nu.ac.bd,01714751499,"Lincoln Point. Uttara Plaza.  Mohimagonj road, Gobindagonj . Gobindganj.  Gaibandha, Gaibandha"
3327,FAKIRHAT SHAHID SMRITI DEGREE COLLEGE,fssdegreecollege@gmail.com,01724932753,"VILL. BALABAMUNIA , P.O. FAKIRHAT-5730, Gaibandha"
3328,HAJI OSMAN GANI COLLEGE,hajiosmanganicollegedariapur@gmail.com,01712106064,"HAT DARIAPUR, Gaibandha"
3329,MOHIMAGONJ COLLEGE,mgdc1972@gmail.com,01717022777,"MOHIMAGONJ, Gaibandha"
3330,DHUBNI KANCHIBARI DEGREE COLLEGE,dhubnidc@gmail.com,01755566248,"DHUBNI BAZAR, Gaibandha"
3331,BAMANDANGA ABDUL HAQUE COLLEGE,bahcollage@gmail.com,0,"Village: Monmoth, Post Office: Bamandanga, Upazila: Sundarganj, District: Gaibandha., Gaibandha"
3332,MOHIPUR BAZAR COLLEGE,mohipurbdegreecollege121540@gmail.com,01718789453,"MOHIPUR BAZAR-5730, SADULLAPUR, GAIBANDHA, Gaibandha"
3333,UDAYAN WOMENS COLLEGE,udayanwomenscollege@gmail.com,01716083597,"PUTIMARI, KHAMAR DHANARUHA, Gaibandha"
3334,PALASHBARI WOMENS COLLEGE,palashbariwomenscollege@yahoo.com,017282490044,"PALASHBARI, Gaibandha"
3335,JUMARBARI ADARSHA COLLEGE,jumarbaridegreecollege@gmail.com,01820513752,"VILL: JUNGALIA POST: BAROKONA DIST: GAIBANDHA, Gaibandha"
3336,NAKAIHAT COLLEGE,nakaihatcollege@gmail.com,00,"Gobindaganj, Gaibandha, Gaibandha"
3401,DINAJPUR GOVT. COLLEGE,principal@dgc.edu.bd,02588817722,"SUIHARI, SADAR, DINAJPUR, Dinajpur"
3402,PARBATIPUR ADARSHA COLLEGE,parbatipuradarshacollege@yahoo.com,0533474261,"NUTONBAZAR , PARBATIPUR,  DINAJPUR, Dinajpur"
3403,DINAJPUR GOVT. MAHILA COLLEGE,dgmc7980@yahoo.com,01339469171,"SOUTH BALUBARI,, Dinajpur"
3404,NAWABGANJ MAHILA COLLEGE,nawabgonjcollege2010@gmail.com,01718774807,"NAWABGONJ, Dinajpur"
3405,K. B. M. COLLEGE,kbm_college@yahoo.com,053163303,"PULHAT SADAR DINAJPUR, Dinajpur"
3406,ADARSHA COLLEGE,c3406@nu.ac.bd,02589924296,"GHASHIPARA, DINAJPUR SADAR, DINAJPUR, Dinajpur"
3407,DAUDPUR COLLEGE,daudpurcollege7869@gmail.com,00,"Post: Daudpur, Dinajpur"
3408,PARBATIPUR DEGREE COLLEGE,pbtcdin@gmail.com,0533474356,"ABBASPARA, Dinajpur"
3409,BIROL GOVT. COLLEGE,birolcollegebd@gmail.com,01711033331,"Thana- Birol, Dist- Dinajpur, Dinajpur"
3410,PHOOLBARI GOVT. COLLEGE,PHULBARIGOVT.COLLEGE@YAHOO.COM,0532756217,"PHOOLBARI, Dinajpur, Bangladesh, Dinajpur"
3411,BIRAMPUR GOVT. COLLEGE,birampurgovt.college8818@gmail.com,0532256409,"CHANDPUR,BIRAMPUR. DINAJPUR., Dinajpur"
3412,"AFTABGANJ DEGREE COLLEGE, NAWABGANJ",aftabgonjcollege@gmail.com,01714690791,"AFTABGANJ. NAWAB GANJ. DINAJ PUR, Dinajpur"
3413,NAWABGANJ COLLEGE,ndc7726@gmail.com,0533356118,"POST- NAWABGANJ,UPAZILA-NAWABGANJ,DIST-DINAJPUR, Dinajpur"
3414,HAKIMPUR DEGREE COLLEGE,hakimpurdegreecollege@gmail.com,0532975015,"BANGLA HILI, HAKIMPUR, DINAJPUR., Dinajpur"
3415,GHORAGHAT GOVT. COLLEGE,gdcdinajpur@yahoo.com,0,"OSMANPUR, Dinajpur"
3416,RANIGANJ MAHILA COLLEGE,ranigonjclc@yahoo.com,01309120500,"VILL. SINGRA, POST. HATSHYAMGANJ, Dinajpur"
3417,BIRGANJ GOVT. COLLEGE,birgonjdegreecollege@gmail.com,01309120127,"BIRGANJ, DINAJPUR, Dinajpur"
3418,SETABGANJ GOVT. COLLEGE,setabganjdegreecollege@gmail.com,0532573074,"Post: Setabganj, Upazila: Bochaganj, Dist: Dinajpur., Dinajpur"
3419,"ICHHAMATI COLLEGE, RANIRBANDAR",ichhamaticollege1972@gmail.com,01714909936,"RANIRBANDAR. CHIRIRBANDAR. DINAJPUR, Dinajpur"
3420,CHIRIBANDER GOVT. COLLEGE,akhtarabegum1959@gmail.com,01726964077,"ABDULPUR, CHIRIRBANDAR, DINAJPUR, Dinajpur"
3421,PAKERHAT GOVERNMENT COLLEGE,pakerhatdegreecollage@yahoo.com,01724443426,"PAKERHAT/ KHANSHAMA/ DINAJPUR, Dinajpur"
3422,"BHABANIPUR COLLEGE, PARBATIPUR",bhabanipurcollege1690@gmail.com,01309121061,"BHABANIPUR BAZAR, PARBATIPUR, DINAJPUR, Dinajpur"
3423,AMBARI COLLEGE,ambaricollege@gmail.com,01718879279,"AMBARI,PARBATIPUR,DINAJPUR, Dinajpur"
3424,MOGARPARA DEGREE COLLEGE,mogarparacollege95@gmail.com,01715367391,"MOGARPARA, NAWABGONJ, DINajPUR.
, Dinajpur"
3425,BIRAMPUR MAHILA COLLEGE,womencollegebirampur@gmail.com,0532256566,"BIRAMPUR, Dinajpur"
3426,GHORAGHAT MAHILA COLLEGE,ghoraghatmohilacollege@yahoo.com,01714569593,"GHORAGHAT, DINAJPUR, Dinajpur"
3427,PANCHBARI MOKHLESUR RAHMAN COLLEGE,chief.pbc@gmail.com,01309120823,"POST. PANCHBARI  UPAZILLA-DINAJPUR SADAR DIST. DINAJPUR, Dinajpur"
3428,PHOOLBARI MAHILA COLLEGE,phulbarimohilacollege@yahoo.com,0532756355,"PHULBARI, DINAJPUR, BANGLADESH, Dinajpur"
3429,SHAHID SMRITI ADARSHA COLLEGE,shahidsmritydegreecollege@gmail.com,01711708979,"PHULBARI, DINAJPUR, Dinajpur"
3430,MAINUL HASSAN MAHABIDDALAYA,mainulhasancollege@yahoo.com,01714570122,"MANGALPUR,BIRAL,DINAJPUR, Dinajpur"
3431,KHOLAHATI COLLEGE,kholahaticollege1994@gmail.com,01716077763,"BIR UTTAM SHAHEED MAHBUB SHENANIBAS, Dinajpur"
3432,PARBATIPUR MAHILA COLLEGE,parbatipurmohilacollege@gmail.com,01717884014,"PARBATIPUR, DINAJPUR., Dinajpur"
3433,HAKIMPUR WOMEN'S COLLEGE,hakimpurmohilacollege@gmail.com,0532975212,"UTTAR BASHUDEBPUR, BANGLA HILI, HAKIMPUR, DINAJPUR., Dinajpur"
3434,JOYNANDA DEGREE COLLEGE,joynandadegreecollege3434@yahoo.com,01718409388,"POST:JOYNANDANHAT,U.P:KAHAROL,DIST:DINAJPUR, Dinajpur"
3435,DINAJPUR SANGEET COLLEGE,dsdc_dinajpur@yahoo.com,053164406,"CHAKBAZAR, DINAJPUR SADAR, DINAJPUR, Dinajpur"
3436,MONMATHPUR IDEAL COLLEGE,mideal.pbt@gmail.com,01309121057,"MONMATHPUR,"
3437,ICHHAMOTI WOMEN'S COLLEGE,ichamatimohilacollege@gmail.com,01712227611,"RANIRBANDAR, CHIRIRBANDAR, DINAJPUR,"
3438,KAHAROL WOMENS DEGREE COLLEGE,kaharolewomendegreecollege@gmail.com,01730990951,"KAROLE WOMENS DEGREE COLLEGE,"
3439,KATLA DEGREE COLLEGE,kdcbiram@yahoo.com,01712510212,"KATLAHAT,"
3440,HOSENPUR COLLEGE,hosenpurcollege3440@gmail.com,01197027401,"HOSENPUR,"
3441,DINAJPUR LAW COLLEGE,dinajpurlawcollege@gmail.com,053165182,"BALUBARI, DINAJPUR SADAR, DINAJPUR.,"
3442,PARBATIPUR B.ED. COLLEGE,hafizul_pbt@yahoo.com,01712933819,"NATUN BAZER, PO-Parbotipur, PS-Parbatipur,District-Dinajpur,"
3443,DINAJPUR SHIKKHAK PROSHIKHAN COLLEGE,MdKachi127@gmail.com,053151012,"BALUBARI, SADAR, DINAJPUR,"
3444,CHANDGANG DEGREE COLLEGE,chandganjcollege@gmail.com,01309120824,"MUJAHIDPUR,"
3445,KHANSAMA DEGREE COLLEGE,degckha@yahoo.com,01712534745,"GOBINDOPUR,"
3446,KAHAROL GOVT. COLLEGE,kaharolehscdcollege@gmail.com,01712709974,"PO. MOHARAJGONJ,"
3447,BIRGONJ MOHILA COLLEGE,birganjmohilacollege@gmail.com,01309120125,"BIRGANJ, DINAJPUR, Dinajpur"
3448,BIRAL MOHILA COLLEGE,birolmohilacollege@gmail.com,01309120201,"BIROL,DINAJPUR, Dinajpur"
3449,GOLAPGONJ DEGREE COLLEGE,golapgonjcollegebir@gmail.com,01715803793,"P.O. GOLAPGONJ HAT,, Dinajpur"
3450,KARENTHAT DEGREE COLLEGE,karenthatcollege@gmail.com,053152528,"CHIRIRBANDOR, DINAJPUR, Dinajpur"
3451,DEOGAON BOKULTALA COLLEGE,deogaonbokultalacollege@yahoo.com,01715508517,"VILLAGE- BATASON, POST- MURARIPUR, Dinajpur"
3452,KHANSAMA WOMENS COLLEGE,kwcdinajpur@gmail.com,01721461198,"POST+PS-KHANSAMA,Upazila-Khansama,Dist-Dinajpur., Dinajpur"
3453,PURBA MOLLIKPUR WOMENS COLLEGE,pmmdcollege@gmail.com,01717447882,"VILL: PURBBA MOLLIKPUR, P/O- SUNDARPURP.S: KAHAROLE, DIST: DINAJPUR., Dinajpur"
3454,KANCHAN NEW MODEL COLLEGE,knmc.principal@gmail.com,01712997950,"CHALK-KANCHAN,  P.O: KANCHAN, UPZ: BIROL, DIST: DINAJPUR, Dinajpur"
3455,JAGATPUR COLLEGE,jagatpurdegreecollege@gmail.com,01715138609,"BAZRAPUR, Dinajpur"
3456,AFTABGANJ MOHILA COLLEGE,aftabganjmohilacollege@gmail.com,01309120939,"CHAKMOHON, AFTABGANJ, NAWABGANJ, DINAJPUR., Dinajpur"
3457,BANGABANDHU GOVT. COLLEGE,bbcollege7678@gmail.com,0,"CHINTAMON, FULBARI, DINAJPUR, Dinajpur"
3458,HATRAMPUR COLLEGE,hatrampurcollege@gmail.com,01309120269,"HATRAMPUR, Dinajpur"
3459,DAXMIN KOTOALI COLLEGE,robiulhasan78@gmail.com,01309120817,"GODAGARI HAT, Dinajpur"
3460,S. F LIBRARY & INFORMATION SCIENCE COLLEGE,sflibrarycollegebd@gmail.com,01754165400,"BARA, MAGURA, B/KANCH DAH, NOYA PARA, Dinajpur"
3461,CHIRIRBANDAR WOMEN'S COLLEGE,chirirbandarwomencollege@gmail.com,,", Dinajpur"
3501,SHIBGANJ COLLEGE,shibganjcollege@gmail.com,056161541,"SHIBGANJ-5102, THAKURGAON SADAR.THAKURGAON.,"
3502,THAKURGAON GOVT. COLLEGE,thakurgaon_govt_college@yahoo.com,8802589932064,"THAKURGAON SADAR, THAKURGAON., Thakurgaon"
3503,THAKURGAON GOVT. MAHILA COLLEGE,tgmcprincipal@gmail.com,056153650,"HAZIPARA, THAKURGAON., Thakurgaon"
3504,RUHEA COLLEGE,ruheadegreecollege1972@yahoo.com,01309129304,"RUHEA,"
3506,RANISANKAIL COLLEGE,ranisankail.deg.college@gmail.com,01751026683,"RANISANKAIL COLLEGE, RANISANKAIL, THAKURGAON.,"
3507,GAREYA COLLEGE,gareyacollege.thakurgaon@yahoo.com,01717011166,"VILLAGE-GARYEA GOPALPUR, POST OFFICE-GAREYA,"
3508,SALONDER COLLEGE,salandar.college@yahoo.com,056152406,"VILLAGE-SALONDER, POST OFFICE-SALONDER,"
3509,PIRGANJ GOVT. COLLEGE,pgc_net@yahoo.com,02589933184,"P.O- PIRGANJ, P.S-PIRGANJ, DIST- THAKURGAON, Thakurgaon"
3510,BHULLI DEGREE COLLEGE,bhullydegreecollege@yahoo.com,01718616808,"VILLAGE-BHULLY, POST OFFICE-BHULLY,"
3511,ABDUR RASHID DEGREE COLLEGE,abdurrashiddegreecollege@gmail.com,01715455455,"VILLAGE: FARABARI, POST: FARABARI,"
3512,D. N. COLLEGE,dncollegethakurgoan3512@yahoo.com,01715547354,"P.O-NARAYANPUR. PIRGANJ. THAKURGAON.,"
3513,LAHIRI DEGREE COLLEGE,lahiridegreecollege@gmail.com,01710867879,"VILL: JAWNIA PO: LAHIRI,"
3514,RANISANKAIL WOMEN'S DEGREE COLLEGE,ranisankailwdcollege@gmail.com,01309129070,"RANISANKAIL. THAKURGAON,"
3515,CHANDARIA DEGREE COLLEGE,chandaria3515@gmail.com,01727976343,"PO: KARNAI,"
3516,"K. B. COLLEGE, HORIPUR",kbcollege1995@gmail.com,01739263165,"KATHALDANGI,"
3517,GAZIRHAT DEGREE COLLEGE,gazirhatcollege@gmail.com,01718272152,"VILL: GAZIRHAT, PO: BHORNIAHAT,"
3518,THAKURGAON SHIKKHAK PROSHIKHAN COLLEGE,,,","
3519,JABARHAT COLLEGE,jabarhatcollege@yahoo.com,01719666518,"PO: KARNAI, Upzilla: Pirganj, District: Thakurgaon., Thakurgaon"
3520,THAKURGAON LAW COLLEGE,thaklawcollege@gmail.com,056161782,"East Hazipara, Thakurgoan Sadar, Thakurgoan, Thakurgaon"
3521,SAMIRUDDIN SMRITY COLLEGE,samiruddinsmritycollege@gmail.com,0562256020,"BALIADANGI, Thakurgaon"
3522,THAKURGAON ROAD COLLEGE,thakurgaonroadcollege@yahoo.com,056161314,"THAKURGAON ROAD COLLEGE,POST-RAHIMANPUR,UPAZILA-THAKURGAON SADAR,DIST- THAKURGAON,POST CODE-5100., Thakurgaon"
3523,NEKMARAD BANGABANDHU GOVERNMENT COLLEGE,nbbc1972@gmail.com,01309129072,"VILL-NEKMARAD, POST-NEKMARAD, UPAZILA-RANISANKAIL, DIST-THAKURGAON, Thakurgaon"
3524,MOSLEMUDDIN DEGREE MOHABIDDALOY,moslemuddincollege@gmail.com,01716498953,"JIBONPUR, Thakurgaon"
3525,PIRGONJ MAHILA COLLEGE,bivutikumarroy5163@gmail.com,0562456383,"PIRGONJ MAHILA COLLEGE, Thakurgaon"
3526,LOHAGARA COLLEGE,lohagaracollege@yahoo.com,01716556702,"CHANDPUR, Thakurgaon"
3527,ABUL HOSSAIN SARKER COLLEGE,abulhossainsarkercollege@gmail.com,01718482098,"THAKURGAON SADAR, Thakurgaon"
3528,THAKURGAON SPECIAL TEACHERS TRAINING COLLEGE,bsed.thak@gmail.com,056161782,"Hazipara , Thakurgoan, Thakurgaon"
3601,MOQBULAR RAHMAN GOVT. COLLEGE,mrcollege@ymail.com,056861221,"DOCROPARA, PANCHAGARH, Panchagarh"
3602,PANCHAGARH GOVT. MAHILA COLLEGE,pgwc_bd85@yahoo.com,02587718163,"PANCHAGARH, Panchagarh"
3603,BHAJANPUR DEGREE COLLEGE,bhd.college.panchagarh@gmail.com,01309126192,"Post: Bhajanpur, Upazila: Tetulia, Dist: Panchagarh,"
3604,PATHRAJ GOVERNMENT COLLEGE,pathrajcollegeboda@gmail.com,01713788034,"COLLEGE PARA,"
3605,DEBIGANJ GOVT. COLLEGE,debiganjdegreecollege@gmail.com,0565456040,"COLLEGEPARA, DEBIGANJ, PANCHAGARH.,"
3606,MIRZA GOLAM HAFIZ COLLEGE,mghdcollege06@gmail.com,01716399951,"POST- CHOTODAP, ATWARI, PANCHAGARH.,"
3607,"AMLAHAR COLLEGE, PANCHAGARH",amla.d.college.panch@gmail.com,01710907358,"AMLAHAR,"
3608,SHAHID ZIAUR RAHMAN COLLEGE,principal.tu.pan@gmail.com,01722982367,"TUNIRHAT,"
3609,SAKOWA COLLEGE,sakeyacollege@gmail.com,07309125974,"Nagar Sakowa, Post: Sakowa, Thana: Boda, District: Panchagarh.,"
3610,BODA WOMEN COLLEGE,womencollegeboda@yahoo.com,0565356182,"THANAPARA, BODA, PANCHAGARH,"
3611,BALARAMPUR ADARSHA COLLEGE,bacollege99@gmail.com,01713760602,"VILL-CHAMESHORY. POST-ARAZI  MONDAL HAT,"
3612,BARRISTER JAMIR UDDIN SIRCAR INSTITUTE,barristerinstitute@gmail.com,056861414,"SHINGPARA,"
3613,TETULIA MAHABIDALAYA,tetuliacollege@gmail.com,01309126193,"Tetulia, Panchagarh,"
3614,MAIDANDIGHI DEGREE COLLEGE,mdighidegreecollege_panchagarh@yahoo.com,01848362401,"Post: Maidandighi, Upazila: Boda, Dist: Panchagarh., Panchagarh"
3615,JAGDAL COLLEGE,jagdalcollege456@gmail.com,01727960068,"JAGDAL, Panchagarh"
3616,MAJHIPARA MOHILA COLLEGE,mmd17.college@gmail.com,01309126194,"MAJHIPARA, Panchagarh"
3617,BAGDAHA COLLEGE,bagdahacollege3617@gmail.com,01712743730,"POST: BAGDAHA, Panchagarh"
3618,DEBIGANJ MOHILA COLLEGE,c.mostafiz@yahoo.com,0565456061,"DEBIGANJ .PANNCHAGORH, Panchagarh"
3619,ATWARI ADARSHA WOMENS COLLEGE,atwari.a.women.college@gmail.com,01309125865,"CHOTO DAP, ATWARI, PANCHAGARH, Panchagarh"
3620,BHAULAGONJ DEGREE COLLEGE,bhaulaganj126048@gmail.com,01740588341,"Village- Sarkar Para, Post- Bhaulaganj, Thana- Debiganj, Dirtricr- Panchagarh., Panchagarh"
3701,VICTORIA COLLEGE,principalvictoria962@yahoo.com,08165988,"COMILLA VICTORIA GOVT. COLLEGE COMILLA, Comilla"
3702,COMILLA GOVT. COLLEGE,comillacollegebd@yahoo.com,08168413,"POLICELINE, COMILLA-3500,"
3703,COMILLA GOVT. MAHILA COLLEGE,cgwc_1960@yahoo.com,08165853,"MONOHOR PUR, COMILLA., Chandpur"
3704,CHIORA GOVT. COLLEGE,cheoracollege@yahoo.com,01955981059,"Cheora, Chaddagram, Comilla.,"
3705,SHAHEBABAD COLLEGE,sdc105248@gmail.com,01919675184,"VILLAGE-SHAHEBABAD,POST-SHAHEBABAD,"
3706,BURICHANG ERSHAD COLLEGE,bedc1986@gmail.com,0802956132,"BURICHANG, COMILLA,"
3707,NAWAB FOYJUNNESA GOVT. COLLEGE,info@nfgc.edu.bd,0803251377,"PARCHIMGOAN, LAKSAM,"
3708,HASANPUR S. N. GOVT. COLLEGE,hasanpurcollege@yahoo.com,0802355556,"HASANPUR S. N. GOVT. COLLEGE, DAUDKANDI, COMILLA.,"
3709,DOLLAI NAWABPUR GOVT. COLLEGE,dollaicollege@yahoo.com,01309105403,"Chandina, Cumilla.,"
3710,AKBAR ALI KHAN KARIGARI & BANIJJA COLLEGE,akabam1985@gmail.com,01818227785,","
3711,POYALGACHHA COLLEGE,poyalgacha.degree.college@gmail.com,01718854281,"POST OFFICE: POYALGACHA BAZAR,"
3712,BORURA SHAHID SMRITI COLLEGE,bssgc.office@gmail.com,02334407035,"vill- Talagram, P.S- Barura, Dist.-Comilla.,"
3713,DEBIDDAR S. A. GOVT. COLLEGE,info@dsagc.edu.bd,0802453012,"DEBIDWAR UPZILLA HEAD QUARTERS,COMILLA,"
3714,DEBIDDAR ALHAJ JOBEDA KHATUN MAHILA COLLEGE,djkmcd37142@gmail.com,01818286528,"DEBIDWAR, Comilla"
3715,HOMNA DEGREE COLLEGE,degreecollegehomna@gmail.com,0802554065,"HOMNA, COMILLA,"
3716,BADIUL ALAM COLLEGE,badiulalamcollege@yahoo.com,01711208762,"Companigonj, Muradnagor, Comilla,"
3717,CHOWDDAGRAM GOVT. COLLEGE,chouddagramgovt.college@yahoo.com,0802056151,"CHOWDDAGRAM,"
3718,GUNABATI COLLEGE,gunabaticollege@yahoo.com,01309105509,"GUNABATI, CHOUDDAGRAM, COMILLA,"
3719,GOURIPUR MUNSHI FAZLUR RAHAMAN GOVT. COLLEGE,gouripurmfrcollege@gmail.com,01309105579,"GOURIPUR, Comilla"
3720,KAZI NOMAN AHMED COLLEGE,knac.college@gmail.com,01919476390,"MURADNAGAR, COMILLA,"
3721,JURANPUR ADARSHA COLLEGE,juranpur_college@yahoo.com,01818089769,"VILL- JURANPUR, POST- JURANPUR.DAUDKANDI, COMILLA.,"
3722,REDWAN AHMED COLLEGE,credwanah@gmail.com,0802256134,"CHANDINA,CUMILLA,"
3723,AJITGUHA COLLEGE,comilla.ajitguha.college@gmail.com,02334405121,"SUPARI BAGAN, CHATIPOTTY,CITY CORPORATION,COMILLA,"
3724,NIMSAR JUNAB ALI COLLEGE,nimsarjunabalicollege@yahoo.com,01819435558,"P.O. NIMSAR, P.S. BURICHANG, DIST. CUMILLA,"
3725,NANGALCOURT HASAN MEMORIAL DEGREE COLLEGE,nhmdc106161@yahoo.com,01309106161,"P.O+P.S: NANGALKOT,,"
3726,HYDARABAD BEGUM JAHANARA HOQUE COLLEGE,info@hbjhcollegebd.com,01712558435,"HYDARABAD, P.O. HYDARABAD  MORADNAGAR COMILLA., Comilla"
3727,SREEKAIL GOVT. COLLEGE,sreekailcollege@yahoo.com,01725900622,"VILL+PO:SREEKAIL UPAZILLA:MURADNAGAR, DIST: COMILLA.,"
3728,CHOWARA ADARSHA COLLEGE,chowaraadarshacollege@yahoo.com,01309105745,"BAZAR CHOWARA,"
3729,LALMAI GOVT. COLLEGE,lalmai_college@yahoo.com,01715203285,"Lalmai Govt. College, Lalmai, Cumilla Sadar South, Cumilla,"
3730,ADDA DEGREE COLLEGE,addadegreecollege@gmail.com,01309105192,"ADDA,"
3731,ISPAHANI PUBLIC SCHOOL AND COLLEGE,,,","
3732,CHAND MIAH MOLLA COLLEGE,cmmcollege@gmail.com,01750005036,"ALIRCHAR,"
3733,SHAH SHARIF COLLEGE,shasharif.degree@yahoo.com,01711474684,"MIRZAPUR-SATPUKURIA. P0: NORHORIPUR,"
3734,NILKANTA DEGREE COLLEGE,nilkantadegreecollege@yahoo.com,01309105954,"POST- AMTOLI BAZARPOST CODE-3623,"
3735,KASHINAGAR COLLEGE,principalickndc@yahoo.com,01309105515,"KASHINAGAR,CHOUDDOGRAM,COMILLA,"
3736,DHANUAKHALA ADARSHA PUBLIC DEGREE COLLEGE,dhanuakhala.apd_college@yahoo.com,01711205520,"DHANUAKHALA, P.O- SHARATNAGAR, P.S- ADARSHA SADAR, DIST- COMILLA.,"
3737,CHANDINA MOHILA DEGREE COLLEGE,chandinamohilacollege@gmail.com,01818588604,"CHANDINA,COMILLA.,"
3738,SANKUCHAIL DEGREE COLLEGE,sankuchailcollegebd@yahoo.com,01715706471,"VILLAGE: SANKUCHAIL, P.O: SANKUCHAIL BAZER-3500, 
UP-ZILLA: BURICHANG, DIST. COMILLA.,"
3739,ANANDAPUR COLLEGE,anandapurcollege@yahoo.com,01575019266,"P.O.-ANANDAPUR MOHILA COLLEGE, UPAZILLA-ADARSHA SADAR, DISTRICT-CUMILLA, BANGLADESH,"
3740,BANSKAIT BARRISTER RAFIQUL ISLAM MIA COLLEGE,106070@comillaboard.gov.bd,01818232157,"POST OFFICE: BANSKAIT, P.S : MURADNAGAR, DIST:  COMILLA,"
3741,ADDHAPAK ABDUL MAJID COLLEGE,aamcollege@gmail.com,01712110590,"RAMCHANDRAPUR, MURADNGAR, COMILLA,"
3742,NURUL AMIN MAZUMDER COLLEGE,collegenmd@gmail.com,01786664659,"CHITOSI ROAD, POST:-PANCHTHUBI.,"
3743,AGANAGAR COLLEGE,aganagarcollege@yahoo.com,01309105188,"P.O: BARA HARIPUR,BARURA,CUMILLA,"
3744,NATHER PETUA COLLEGE,npdc3744@gmail.com,01711175572,"NATHER PETUA DEGREE COLLEGE,"
3745,KALIKAPUR ABDUL MOTIN KHASRU GOVT. COLLEGE,kalikapurcollege@Gmail.com,01711340290,"VILL-KALIKAPUR, POST- KALIKAPUR,"
3746,FARID UDDIN SARKAR COLLEGE,fusdcollege@gmail.com,01819196883,"CHAPITALA,"
3747,REHANA COLLEGE,rehanacollege@gmail.com,01816313082,"Barura,Cumilla,"
3748,KURERPAR ADARSHA COLLEGE,kurerparadarshacollege@gmail.com,01841111511,"KURERPAR, PANDUGOR-3543,MURADNAGOR, CUMILLA.,"
3749,MUNSHIRHAT DEGREE COLLEGE,munshtcol@gmail.com,01819861091,"MESHTOLI BAZAR, CHOUDDAGRAM, COMILLA,"
3750,COMILLA LAW COLLEGE,comilla3750@gmail.com,88008171423,"NAZRUL AVENUE,"
3751,BANGABANDHU LAW COLLEGE,bangabandhulawcollege1995@gmail.com,01720641011,"Victoria College Road, Kandirpar, Adarsha Sadar, Comilla,"
3752,EDUCATION COLLEGE,,,","
3753,"GOVT. TEACHERS' TRAINING COLLEGE, KOTBARI",comilla_ttc@yahoo.com,08176063,"Govt. Teachers' Training College, Kotbari, Comilla, Comilla"
3754,COMILLA COLLEGE OF PHYSICAL EDUCATION,comillabped@gmail.com,01711396941,"Khan Complex, Salmanpur, Kotbari, Cumilla, Bangladesh,"
3755,AL-AMIN PHYSICAL EDUCATION COLLEGE,,,","
3756,AL-HAJ NOOR MIA COLLEGE,noormiadegreecollege@gmail.com,01712273296,"KANKAPYET. Chowddagram, Comilla,"
3757,DR. KHANDAKER MOSHARRAF HOSSAIN COLLEGE,hazihasan.mc@gmail.com,01847075777,","
3758,COMILLA MODEL EDUCATION RESEARCH CENTER,cmercbed2006@gmail.com,08167114,"610/GA "" SOUTH THAKUR PARA, COMILLA,"
3759,COMILLA TEACHERS' TRAINING COLLEGE,,,","
3760,COMILLA B. ED. COLLEGE,0,,"0, Comilla"
3761,MAINAMATI B. ED. COLLEGE,0,,"0, Comilla"
3762,BANGLADESH INSTITUTE OF TEACHERS TRAINING & R,0,,"0, Comilla"
3763,MEAH BAZAR COLLEGE,gmos75@yahoo.com,01711386305,"MIA BAZAR, POST:MIA BAZAR,PS: CHOUDDAGRAM< COMILLA, Comilla"
3764,AMIR HOSSAIN ZOBEDA COLLEGE,rumiuisc09@gmail.com,01712673167,"VILLAGE-SHIDLAI, POST OFIFCE-SHIDLAI, Comilla"
3765,MOSHARROF HOSSAIN KHAN CHOWDHURY DEGREE COLLEGE,mhkccollegebpara@yahoo.com,0802856018,"BRAHMANPARA, Comilla"
3766,CHOTA SHARIFPUR COLLEGE,farokapadc@gmail.com,0,"CHOTO SHARIFPUR COLLEGE, Comilla"
3767,CANTONMENT COLLEGE,cantonmentcollegecomilla@gmail.com,08171337,"COMILLA CANTONMENT, ADARSHA SADAR,COMILLA., Comilla"
3768,GOVT. MANIKARCHAR BANGABANDHU COLLEGE,manikercharbcollege@yahoo.com,01311398183,"VILL : MANIKERCHAR, P.O : MEGHNA, P.S : MEGHNA, DST : COMILLA, Comilla"
3769,MSB INSTITUTE OF FASHION DESIGN & TECHNOLOGY,mift2014@gmail.com,08173635,"HAKIM PLAZA,PADUAR BAZAR,BISHWA ROAD,COMILLA, Comilla"
3770,A. B. M. GHULAM MOSTAFA ADORSHA COLLEGE,abmgmadc2014@gmail.com,01712108408,"BARASHAGHAR, Comilla"
3771,RAMKRISHNAPUR COLLEGE,rdchomna@gmail.com,01309105696,"VILL-RAMKRISHNAPUR,P.O-RAMKRISHNAPUR,UPAZILLA-HOMNA, DISTRICT-COMILLA., Comilla"
3772,SONAR BANGLA COLLEGE,sbccomilla@gmail.com,01938284776,"GOBINDAPUR, POST OFFICE- POYAT, UPAZILLA- BURICHANG, DISTRICT- COMILLA, Comilla"
3773,MADHAIYA MUKTIJUDDHA SMRITY COLLEGE,mmsuc1999@gmail.com,01711307408,"MADAIYA, CHANDINA, COMILLA, Comilla"
3774,DIGIRPAR T.I.K MEMORIAL COLLEGE,pr.dtikmc@gmail.com,01309105748,"HEMJORA, P.O PIPULIA BAZAR, COMILLA SADAR SOUTH, COMILLA 3504, Comilla"
3775,PRINCIPAL ABUL KALAM MAZUMDER MOHILA COLLEGE,pakmmc1996femail@gmail.com,01309105961,"BAGMARA, LALMAI, CUMILLA, Comilla"
3776,PARUARA ABDUL MATIN KHASRU COLLEGE,pamkc01@gmail.com,01711021919,"PARUARA, BURICHANG, COMILLA., Comilla"
3777,JAFARGONJ MIR ABDUL GAFUR DEGREE COLLEGE,jafargonjcollegebd@gmail.com,01711963438,"POST: GANGAMONDAL, UPAZILA: DEBIDWAR, DISS: COMILLA, Comilla"
3778,HOMNABAD ADARSHA DEGREE COLLEGE,hoac.comillaboard@gmail.com,01757211777,"DHALUA, Nangalkot, Comilla, Comilla"
3780,HESHAKHAL BAZAR NAEM NIZAM COLLEGE,hbcollege1996@gmail.com,01711172708,"Heshakhal Bazar, Nangalkot, Comilla, Comilla"
3781,NANGALKOT MODEL MOHILA COLLEGE,nmmc1998@gmail.com,01712267405,"NANGALKOT CUMILLA, Comilla"
3782,INSTITUTE OF PROFESSIONAL EDUCATION,ipe.comilla69@gmail.com,01319289076,"Posted by: Ahmed Nagar, Comilla Sadar South, Upazila Comilla, Comilla"
3783,REHANA MAJID MOHILA COLLEGE,rmmc105697@gmail.com,01309105697,"Homna sadar, Homna, Cumilla,,"
3784,DR. MOSHARRAF FOUNDATION COLLEGE,dr.mfcollege@gmail.com,01819742318,"Eliotganj, Comilla"
3801,B-BARIA GOVT. COLLEGE,brahmanbariacollege@yahoo.com,02334428601,"MORAIL , BRAHMANBARIA, B.baria"
3802,ASHUGANJ SAR KARKHANA COLLEGE,collegezsk@gmail.com,0852874355,"ASHUGANJ, BRAHMANBARIA, B.baria"
3803,B-BARIA POURO COLLEGE,b_bariapouracollege@yahoo.com,01718670005,"B.BARIA SADAR, B.baria"
3804,B-BARIA GOVT. MAHILA COLLEGE,bgmcollege@yahoo.com,085158252,"HOSPITAL ROAD, BRAHMANBARIA, B.baria"
3805,KASBA T ALI COLLEGE,kasbatali1985@yahoo.com,0852473047,"KASBA, Brahmonbaria, B.baria"
3806,CHARGACHH N. I. BHUIYAN COLLEGE,cnibcollege@gmail.com,01816166398,"VILL: CHARGAS, P.O:CHARGAS, B.baria"
3807,GOVT. ADARSHA COLLEGE,aucskb@yahoo.com,01720658619,"P.O. Sayedabad, Upzilla- Kasba, Dist: Brahmanbaria, B.baria"
3808,AKHAURA SHAHID SMRITI COLLEGE,ssgovtcollegebd@gmail.com,0852256064,"RADHANAGAR, Akhaura, B.baria"
3809,NASIRNAGAR GOVT. COLLEGE,nasirnagardegreecollege@yahoo.com,0852656019,"NASIRNAGAR, B.baria"
3810,BANCHARAMPUR GOVT. COLLEGE,bandc.bbd@gmail.com,01913993276,"P.O.-BANCHARAMPUR, Upazila-BANCHARAMPUR, 
Dist.-BRAHMANBARIA, Div.-CHITTAGONG., B.baria"
3811,NABINAGAR GOVT. COLLEGE,nabinagarcollege@gmail.com,02334431278,"NABINAGAR, BRAHMANBARIA, B.baria"
3812,SARIAL DEGREE COLLEGE,sarailcollege@yahoo.com,0852756283,"P.O: KALIKACCHA, upazila: Sarail, district. Brahmanbaria., B.baria"
3813,SALIMGANJ COLLEGE,salimgonjcollege@yahoo.com,01309103440,"VILL:BARAIL, P.O. SALIMGANJ, B.baria"
3814,FIROZ MIAH GOVT. COLLEGE,fmcollege.ashuganj@gmail.com,02334432029,"ASHUGANJ, BRAHMANBARIA, B.baria"
3815,KAZI MOHAMMAD SHAFIQUL ISLAM COLLEGE,shafiqulislamcollege@yahoo.com,0832756136,"KAZI M0HAMMAD SHAFIQUL ISLAM COLLEGE, Islampur, Bijoynagar, Brahmanbaria., B.baria"
3816,"ABDUS SATTAR COLLEGE, SARAIL",abdussattarcollege3816@gmail.com,01309103489,"VILLAGE & POST OFFICE : ARUAIL,
POLICE STATION: SARAIL,
DISTRICT: BRAHMANBARIA., B.baria"
3817,GOPINATHPUR AL-HAJ SHAH ALAM DEGREE COLLEGE,gasadckasba@yahoo.com,0,"GOPINATHPUR, B.baria"
3818,MIA ABDULLAH WAZED WOMEN DEGREE COLLEGE,miaabdullahwwdcollege@yahoo.com,01712580471,"KUTI,kasba, Brahmanbaria., B.baria"
3819,BRAHMANBARIA LAW COLLEGE,brahmanbarialawcollege@gmail.com,085162866,"WEST MADDA, B.baria"
3820,BRAHMANBARIA SHIKKHOK PROSHIKHAN COLLEGE,0,,"0, B.baria"
3821,KASBA MOHILA DEGREE COLLEGE,kmdc_99@yahoo.com,0852473026,"KASBA,BRAHMANBARIA, B.baria"
3822,CHATALPAR DEGREE COLLEGE,chatalparcollege1995@yahoo.com,01713812871,"Chatalpar, Nasirnagar, Brahmanbaria., B.baria"
3823,CHINAIR BANGABANDHU SHEIKH MUJIB DEGREE COLLEGE,chinair.bsm.degree.college@gmail.com,01516020350,"Village-Chinair, Post Office- Bhatshala
Brahmanbaria Sadar, B.baria"
3824,KALSER NAYEEMA ALAM MOHILA COLLEGE,kalshercollege@yahoo.com,01924551867,"JAMSHERPUR, B.baria"
3825,ALIMUDDIN ZUBEDA COLLEGE,alimuddinzobeda@gmail.com,01780734844,"KAITALA NABINAGAR BRAHMANBARIA, B.baria"
3826,SUHILPUR ALHAJ HARUN AL RASHID COLLEGE,saharcollege103293@gmail.com,00000,"SUHILPUR, Sadar,  Brahmanbaria, B.baria"
3827,NABINAGAR MOHILA COLLEGE,nabinagarmohilacollege@gmail.com,0852575404,"NABINAGAR, BRAHMANBARIA, B.baria"
3828,SUR SAMRAT ALAUDDIN KHA COLLEGE,sursamrat1995@gmail.com,01718479113,"SHIBPUR, NABINAGAR, B.BARIA, B.baria"
3829,TAJUL ISLAM ADARSHA DEGREE COLLEGE,taijulislamc@gmail.com,01714501161,"JIBONGONJ BAZAR, B.baria"
3901,CHANDPUR GOVT. COLLEGE,Chandpurgovtcollege@yahoo.com,084163143,"COMILLA ROAD,CHANDPUR, Chandpur"
3902,CHANDPUR GOVT. MAHILA COLLEGE,mohilacl@gmail.com,084163374,"MOHILA COLLEGE ROAD, CHANDPUR, Chandpur"
3903,PURANBAZAR DEGREE COLLEGE,pbcollege.chandpur@gmail.com,084165986,"PURAN BAZAR , CHANDPURBANGLADESH, Chandpur"
3904,MATLOB DEGREE COLLEGE,1964mdc@gmail.com,0842656008,"MATLAB SOUTH, POST:MATLAB, CHANDPUR, Chandpur"
3905,NARAYANPUR COLLEGE,narayanpurdegreecollege@yahoo.com,0843253033,"NARAYANPUR BAZAR, Chandpur"
3906,ROYMONENNESSA MAHILA COLLEGE,matlabrmc@gmail.com,56158,"CHARMUKANDI, MATLAB SOUTH, CHANDPUR, Chandpur"
3907,HAJIGANJ COLLEGE,degreecollegehajigonj@yahoo.com,0842475356,"UPAZILLA: HAJIGONJ, P.O.HAJIGONJ (3610), DISTRICT: CHANDPUR, Chandpur"
3908,FARIDGONJ BANGABANDHU DEGREE COLLEGE,faridgonj.b.d.college@gmail.com,0842264050,"VILL- KACHIARA, P.O- FARIDGONJ, UPZILL: FARIDGONJ, DIST: CHANDPUR, DIVI: CHITTAGONG., Chandpur"
3909,MEHER DEGREE COLLEGE,M.DC13@YAHOO.COM,0842756060,"MEHER, SHAHRASTI, CHANDPUR., Chandpur"
3910,CHITOSHEE MAHABIDDYALAYA,chitoshidegreecollege@gmail.com,01309104001,"CHITOSHI, Chandpur"
3911,KOCHUA BANGABANDU GOVT. COLLEGE,kbbc3911@gmail.com,02334489348,"Kachua Pauroshava, P.O. Kachua, P.S. Kachua, Dist. Chandpur. Post Code-3630., Chandpur"
3912,SHEIKH MOJIBUR RAHMAN COLLEGE,smrdc1969@gmail.com,01309103838,"RAHIMANAGAR, KACHUA, CHANDPUR, Chandpur"
3913,BALAKHAL MAQBUL AHMED COLLEGE,bmacollege@yahoo.com,0842475242,"HAJIGONJ POURASHAVA, WARD NO- 2, P.O. BALAKHAL, Chandpur"
3914,SACHAR COLLEGE,sacharcollege_bm@yahoo.com,01813767933,"SACHAR,KACHUA,CHANDPUR, Chandpur"
3915,GRIDKALINDIA HAJERA HASMAT COLLEGE,ghhdc3915@yahoo.com,01725476773,"Gridakalindia, Faridganj, Chandpur, Chandpur"
3916,CHANGER CHAR POURO COLLEGE,cdcprincipal@gmail.com,0842851040,"P.O.CHANGERCHAR BAZAR,P.S.MATLAB UTTAR, DISTRICT.CHANDPUR., Chandpur"
3917,DHADDA MOAZZEM HOSSAIN CHOWDHURY COLLEGE,ddegreecollege@yahoo.com,00,"11 NO HATILA WEST UNION, WARD NO-03, Chandpur"
3918,DESHGAON COLLEGE,deshgaoncollege@yahoo.com,01741252366,"P.O:KASHIMPUR, Uz : Hajigonj, Dist. Chandpur, Chandpur"
3919,PALAKHAL ROSTAM ALI DEGREE COLLEGE,palakhalcollege@yahoo.com,01825343339,"P.O: PALAKHAL BAZAR, Chandpur"
3920,SUCHIPARA DEGREE COLLEGE,sdc103998@gmail.com,01734714144,"SUCHIPARA, Chandpur"
3921,CHANDPUR LAW COLLEGE,chandpurlawcollege@gmail.com,01912130399,"KABI KAZI NAZRUL ISLAM SARAK, Chandpur"
3922,HAJIGONJ MODEL GOVT. COLLEGE,hmc1987@yahoo.com,0842476232,"Mokimabad, Hajigonj, Chanppur, Chandpur"
3923,SEKANDAR TEACHERS TRAINING COLLEGE,0,,"0, Chandpur"
3924,HAJIGONJ IDEAL COLLEGE OF EDUCATION,hicehajigonj@gmail.com,01814385191,"HAJIGONJ, CHANDPUR, Chandpur"
3925,NISCHINTAPUR COLLEGE,nischintapurcollege2015@gmail.com,01309138006,"NISCHINTAPUR, MATLAB NORTH, CHANDPUR, Chandpur"
3926,NASIRKOT SAHID SMRITY COLLEGE,nsscollegebd@gmail.com,01309103755,"NASIRKOTE, HAJIGONJ,CHANDPUR., Chandpur"
3927,FARAKKABAD DEGREE COLLEGE,farakkabad.degreecollege@yahoo.com,01309103572,"FARAKKABAD, CHANDPUR., Chandpur"
3928,KARFULENNESSA GOVERNMENT WOMEN'S COLLEGE (RESIDENTIAL),kwdc25@yahoo.com,01819141653,"MEHER, SHAHRASTI, CHANDPUR, Chandpur"
3929,HAIMCHAR GOVT. COLLEGE,haimcharcollege@yahoo.com,01309103701,"HAIMCHAR, CHANDPUR, Chandpur"
3930,GALLAK ADARSHA COLLEGE,gallakcollege@yahoo.com,01309103675,"GALLAK BAZAR, FARIDGONJ, CHANDPUR, Chandpur"
3931,SUJATPUR COLLEGE,sujatpurdegreecollege@gmail.com,01866055434,"SUJATPUR COLLEGE, NANDALALPUR, MATLAB NORTH, CHANDPUR., Chandpur"
3932,NAORI ADARSHA COLLEGE,naoriadarshacollege@gmail.com,01309103941,"NAORI BAZAR, MATLAB UTTAR, CHANDPUR, Chandpur"
3933,DAFFODIL INTERNATIONAL COLLEGE,c3933@nu.ac.bd,01713493105,"14 No. Ward, Baburhat Model Town, Baburhat, Chandpur, Chandpur"
4001,LUXMIPUR GOVT. COLLEGE,laxmipurgovtcollege@gmail.com,61524,"SOMSERABAD, SADAR, LAKSHMIPUR., Luxmipur"
4002,A. S. M. ABDUR ROB GOVT COLLEGE,asmgovtcollege@yahoo.com,02334442810,"RAMGATI, LAXMIPUR, Luxmipur"
4003,RAIPUR DEGREE COLLEGE,raipurgovcollege@yahoo.com,0,"RAIIPUR(Municipality.3710 LAKSHMIPUR., Luxmipur"
4004,LUXMIPUR MAHILA COLLEGE,gmc.laxmipur@gmail.com,038161593,"POST: LAXMIPUR(3700), Luxmipur"
4005,DATTAPARA COLLEGE,dattaparacollege@gmail.com,01711908865,"DATTAPARA, LAXMIPUR., Luxmipur"
4006,RAMGANJ GOVT. COLLEGE,ramgonj_college@yahoo.com,0382475016,"Ramgonj Govt. College, Satarpara, Ramgonj, Lakshmipur, Luxmipur"
4007,"KAFIL UDDIN DEGREE COLLEGE, CHANDAGONJ",kafiluddinuc@gmail.com,01309106993,"CHANDRAGONJ, SADAR, LAKSHMIPUR., Luxmipur"
4008,DALAL BAZAR DEGREE COLLEGE,dalalbazarcollege1988@yahoo.com,01716017982,"DALAL BAZAR, SADAR, LAKSHMIPUR., Luxmipur"
4009,RAIPUR RUSTAM ALI COLLEGE,raipurrustamalicollege@yahoo.com,01716211002,"KANCHANPUR, RAIPUR, LAKSHMIPUR., Luxmipur"
4010,JANATA DEGREE COLLEGE,principaljanatacollege@yahoo.com,01720504030,"POST : RUPACHARA, U.Z : SADAR, DIST : LAKSHMIPUR-3705, Luxmipur"
4011,RAMGONJ MODEL DEGREE COLLEGE,rmdc1994@yahoo.com,0382475196,"RAMGONJ, LAKSHMIPUR, Luxmipur"
4012,LUXMIPUR TEACHERS' TRAINING COLLEGE,kazihbb@gmail.com,01712524804,"SAMSERABAD.LAKSHMIPUR, Luxmipur"
4013,LUXMIPUR LAW COLLEGE,0,,"0, Luxmipur"
4014,LUXMIPUR B. P. ED. COLLEGE,fazimprincipallakshmipurbped@yahoo.com,01711224045,"SAMSERABAD.LAKSHMIPUR, Luxmipur"
4015,LAKSHMIPUR IDEAL LAW COLLEGE,lakshmipurideallawcollege@gmail.com,01712237406,"MEGNA ROAD, LAKSHMIPUR, Luxmipur"
4016,HAZIRHAT UPAKUL GOVT. COLLEGE,upakulcollege@gmail.com,01309107175,"HAZIR HAT, KAMAL NAGAR, LAKSHMIPUR., Luxmipur"
4017,DALTA COLLEGE,daltadegreecollege@gmail.com,01712085480,"Dalta Degree College
VILL: DALTA, P/O: DALTA BAZAR-3725, UNION: BHATRA, UPAZILLA: RAMGONJ, DISTRICT: LAKSHMIPUR, DIVISION: CHITTAGONG., Luxmipur"
4018,BHABANIGONJ DEGREE COLLEGE,vhabanigonjcollege@yahoo.com,01716418132,"BHABANIGONJ, SADAR, LAKSHMIPUR., Luxmipur"
4019,RAMGOTI AHMADIA COLLEGE,ramgotiahmadiacollege1983bd@gmail.com,01309107174,"CHARLAKSHMI, Luxmipur"
4101,FENI GOVT. COLLEGE,fenigovcollege@yahoo.com,02334474049,"FENI SADAR, FENI, Feni"
4102,BAKTAR MUNSI SHEIKH SHAHIDUL ISLAM COLLEGE,bssicollege.sonagazi@yahoo.com,01714651346,"POST OFFICE : BAKHTERMUNSHI, Feni"
4103,GOVT. ZIA MAHILA COLLEGE,ZMC_sskroadfeni@yahoo.com,033174077,"Feni Sadar, S.S.K, ROAD, FENI, Feni"
4104,FULGAZI GOVT. COLLEGE,fulgazigovtcollege@gmail.com,01840251862,"FULGAZI, FENI, Feni"
4105,SONAGAJI GOVT. COLLEGE,sonagazigovtcollege7@gmail.com,0332576051,"Sonagazi, Feni"
4106,FENI SOUTH-EAST COLLEGE,southeastcollegefeni@gmail.com,01309106639,"P.O.- FAZILPUR, Feni Sadar, feni., Feni"
4107,PARSURAM GOVT. COLLEGE,pgc.feni1972@gmail.com,01309106702,"EAST ANANTAPUR, PARSHURAM, FENI, Feni"
4108,CHHAGALNAIA GOVT. COLLEGE,chhagalnaiya_govcollege@yahoo.com,0332278060,"CHHAGALNAIYA, FENI, Feni"
4109,IQBAL MEMORIAL GOVERNMENT COLLEGE,info@imc.edu.bd,0332379139,"ALAIYARPUR, Feni"
4110,ALHAJ ABDUL HAQUE CHOWDURY COLLEGE,abdulhaquecollege@gmail.com,01825158846,"VILL-WESTDEBPUR (MONURHAT), UP. CHHAGALNAIYA.FENI., Feni"
4111,JOYNAL HAZARI COLLEGE,j.hazaricollege@yahoo.com,01731840785,"P.O. - HAJIR BAZAR, Feni"
4112,GOVT. TEACHERS' TRAINING COLLEGE,ttcollegefeni@yahoo.com,0334472642,"Old Ranirhat, Foleshwor, Feni"
4113,FENI LAW COLLEGE,fenilawcollege@gmail.com,033163455,"SHISU NIKATON CAMPUS (2nd Floor), TRANK ROAD, FENI-3900.
Mobile : 01832884878., Feni"
4114,HAJEE MONIR AHAMED COLLEGE,hmac.feni@yahoo.com,01718688234,"POST OFFICE- G.M.HAT, Feni"
4115,FULGAZI MOHILA COLLEGE,fulgazimohilacollege@gmail.com,0332677345,"FULGAZI, Feni., Feni"
4116,RAMPUR NASIR MEMORIAL DEGREE COLLEGE,nasirmemorial@gmail.com,01873447035,"RAMPUR, Feni"
4201,NOAKHALI GOVT. COLLEGE,ngc_principal@yahoo.com,02334433585,"LAXMINARAYANPUR, MAIJDEE COURT, SADAR, NOAKHALI-3800, Noakhali"
4202,KABIRHAT GOVT. COLLEGE,kabirhat.govt.college@gmail.com,0323253101,"VILL.ANAYET NAGAR,POST.KABIRHAT.3807,U/P.KABIRHAT,DIST.NOAKHALI,, Noakhali"
4203,HATIA COLLEGE,hatiyadegreecollege@yahoo.com,01309107463,"BURERCHAR, Noakhali"
4204,NOAKHALI GOVT. MAHILA COLLEGE,noakhaligmc@gmail.com,02334433798,"MAIJDEE CORUT, NOAKHALI, Noakhali"
4205,SONAPUR COLLEGE,sonapurcollege@hotmail.com,032162202,"P.O- SONAPUR, SADAR, NOAKHALI, Noakhali"
4206,KHALILUR RAHMAN DEGREE COLLEGE,krdcollege_73@yahoo.com,01822855908,"AMISHAPARA,SONAIMURI,NOAKHALI, Noakhali"
4207,CHOUMUHANI GOVT. SALEH AHMED COLLEGE,cgsa.college@yahoo.com,032151030,"CHOWMOHANI. NOAKHALI, Noakhali"
4208,SONAIMURI GOVERNMENT COLLEGE,sonaimuricollege@yahoo.com,0322751099,"SONAIMURI COLLEGE, P.O. SONAIMURI, Noakhali"
4209,CHATKHIL PANCHGAON MAHABUB GOVT. COLLEGE,chatkhilcollege2023@gmail.com,0322275002,"CHATKHIL, Noakhali"
4210,GOVT. MUJIB COLLEGE,govt.mujibcollege.6175@gmail.com,0322356530,"BASURHAT, Noakhali"
4211,HATIADIP GOVT. COLLEGE,hatiyadwipgovtcollege@yahoo.com,"0322456065,","HATIYA., Noakhali"
4212,SENBAG GOVT. COLLEGE,senbaggovt.college@yahoo.com,01754640463,"senbag govt college, Noakhali"
4213,SAIKAT DEGREE COLLEGE,saikatcollege@gmail.com,01718575788,"VILL-CHARBATA,P.O-CHARBATA., Noakhali"
4214,CHAR JABBAR DEGREE COLLEGE,charjabbardegreecoll@gmail.com,01911431278,"CHAR JABBAR, SUBORNNOCHAR, NOAKHALI, Noakhali"
4215,NANDIAPARA BIR SHRESTHA SHAHID MOHAMMAD RUHUL AMIN COLLEGE,nbsmradc@yahoo.com,01740850159,"NANDIAPARA,sonaimuri, Noakhali, Noakhali"
4216,BHULUA COLLEGE,info@bhdc.edu.bd,01711006562,"P.O- PODDAR HAT, Noakhali"
4217,SULTAN MAHMUD DEGREE COLLEGE,arifa.nafila@gmail.com,01716957279,"BIJBAG, SENBAG, NOAKHALI., Noakhali"
4218,M. A. HASHEM COLLEGE,mahc1996@gmail.com,01711152826,"P/O-ALAIARPUR, BEGUMGONJ, NOAKHALI-3831., Noakhali"
4219,ISLAMIC INSTITUTE OF BUSINESS AND TECHNOLOGY,0,,"0, Noakhali"
4220,ABDUL WAHAB COLLEGE,wahab.college@gmail.com,01817401012,"KHILPARA, Noakhali"
4221,NOAKHALI LAW COLLEGE,nlawcollege@gmail.com,02334492225,"MUKTAR BAR BAHBON, MAIJDEE COURT, SADAR. NOAKHALI., Noakhali"
4222,"NOAKHALI TEACHERS' TRAINING COLLEGE, MIGHDY COURT",nttcnoakhali@yahoo.com,01711971915,"JUDGE COURT ROAD, MAIJDEE COURT, Noakhali"
4223,ZIA EDUCATION OF DEVELOPMENT INSTITUTE (ZEDI),0,,"0, Noakhali"
4224,BANDHERHAT ABDUL MALEK COLLEGE,bamdc_principal@yahoo.com,032161712,"BANDHERHAT, NOAKHALI SADAR, NOAKHALI, Noakhali"
4225,PROKOUSHOLI MOHAMMAD FAZLUL AZIM MOHILA COLLEGE,hamdcollege@ymail.com,0,"P.O. HATIYA, UPAZILLA: HATIYA, DIST. NOAKHALI, Noakhali"
4226,CHAPRASHIRHAT ISMAIL COLLEGE,cicollegebd@gmail.com,0323253153,"CHAPRASHIRHAT, Noakhali"
4227,BAMNI COLLEGE,bamni.college@yahoo.com,01715573975,"P.O-BAMNIA, VILL- RAMPUR, UP.ZILLA- COMPANIGONJ, DIST- NOAKHALI, Noakhali"
4228,JALAL UDDIN COLLEGE,jalaluddincollege@yahoo.com,02334493614,"ALIPUR, NAZIRPUR, Noakhali"
4229,KANKIRHAT COLLEGE,kankirhatcollege93@gmail.com,01913820171,"Post Office:Kankirhat,Upazilla:Senbag,District:Noakhali., Noakhali"
4230,CHOWDHURYHAT COLLEGE,collegechowdhuryhat@gmail.com,01936813150,"BASUR HAT, Noakhali"
4231,CHARMATUA COLLEGE,charmatua107665@gmail.com,01816879592,"CHARMATUA, Noakhali"
4232,CHATKHIL WOMEN'S COLLEGE,chatkhilwomencollege@gmail.com,01712231912,"Chatkhil, Noakhali, Noakhali"
4233,NOAKHALI MODERN INSTITUTE,noakhalimoderninstitute@gmail.com,01879670555,"MAIJDEE COURT SADAR NOAKHALI, Noakhali"
4234,NOAKHALI GRANTHAGAR & TOTHOBIGGAN COLLEGE,noakhali.lisc2015@gmail.com,01840223600,"Kayes Monjil, Chowmuhani, Begomgonj, Noakhali.,"
4279,DULAHAZARA COLLEGE,dulahazaracollege2050@yahoo.com,01819173530,"DULAHAZARA, CHAKARIA, COXS BAZAR, Coxsbazar"
4301,CHITTAGONG COLLEGE,ctgcollege@yahoo.com,615007,"COLLEGE ROAD, CHAWAKBAZAR, CHITTAGONG, Chattogram"
4302,CHITTAGONG GOVT. WOMEN'S COLLEGE,cgwc_edu@yahoo.com,02333336990,"Chittagong Govt. Women's College.Nasirabad,Khulshi, Chattogram"
4303,"HAZERA-TAJU DEGREE COLLEGE, CHANDGAON",info.htdc@gmail.com,02334471018,"CHANDGAON, CHITTAGONG, Chattogram"
4304,GOVT. CITY COLLEGE,principal@gccc.edu.bd,636051,"ICE FACTORY ROAD, CHITTAGONG, Chattogram"
4305,GOVT. HAZI MOHAMMAD MOHSIN COLLEGE,mohsincollege_ctg@yahoo.com,031614690,"Post:CHAWK BAZAR, P.S: Chwak Bazar, Dist: Chittagong., Chattogram"
4306,GOVT. COMMERCE COLLEGE,gov.commercecollegectg@gmail.com,02333321900,"POST OFFICE - BANDAR, Chattogram"
4307,OMARGANI M. E. S. COLLEGE,ogmes_college64@yahoo.com,617680,"Zakir Hossain Road,NASIRABAD, Chittagong., Chattogram"
4308,"MAHILA COLLEGE, ENAYET BAZAR",mohila_college@yahoo.com,031617750,"49, ENAYET BAZAR, CHATTOGRAM, Chattogram"
4309,AGRABAD MOHILA COLLEGE,amcchittagong@yahoo.com,031726171,"ROAD NO. 17, CDA R/A, AGRABAD, CHITTAGONG., Chattogram"
4310,ISLAMIA COLLEGE,principal_islamiacollege_ctg@yahoo.com,031615269,"178 DAROGAHAT ROAD, SADARGHAT, CHITTAGONG, Chattogram"
4311,CHITTAGONG CANTONMENT PUBLIC COLLEGE,hons.ccpc@gmail.com,0312584400,"P.O: BAYEZID BOSTAMI, P/S: BAYEZID BOSTAMI, CHITTAGONG-4210., Chattogram"
4312,HATHAZARI GOVT. COLLEGE,hathazaricollege@yahoo.com,03126010010312601281,"HATHAZARI, CHITTAGONG., Chattogram"
4313,QUAISH BURISCHAR SHEIKH MOHAMMED CITY CORPORATION DEGREE COLLEGE,ctgqbcollege@yahoo.com,031670026,"Kaptai Road, P.O: Nur Ali Bari-4337, Chittagong., Chattogram"
4314,RAOZAN GOVT. COLLEGE,raozan.gc@gmail.com,0302656005,"SULTANPUR, 4340, PO: RAOZAN, PS: RAOZAN, CHITTAGONG., Chattogram"
4315,GAHIRA COLLEGE,gohiracollege@yahoo.com,01712810311,"GOHIRA, Raozan, chittagong, Chattogram"
4316,KUNDESWARI BALIKA COLLEGE,kbm.info@yahoo.com,0302656159,"GOHIRA, P.O-KUNDESWARI BHABAN, Chattogram"
4317,NOAPARA COLLEGE,noaparacollege@gmail.com,01309104932,"VILLAGE: NOAPARA, POST OFFICE : GUZRA NOAPARA,"
4318,AGRASAR BALIKA MAHABIDDALAYA,agrasarabm1985@gmail.com,01817751541,"EAST GUZARA,GUZARA  NOAPARA, Chattogram"
4319,IMAM GAZZALI COLLEGE,imamgazzalidegreecollege@yahoo.com,01309104930,"POST- CUET (BIT),Upazilla:Raozan, Dis: Chittagong., Chattogram"
4320,NAZIRHAT COLLEGE,104466@bise-ctg.gov.bd,01819394731,"NAZIRHAT, hathazari, chittagong., Chattogram"
4321,RANGUNIA GOVERNMENT COLLEGE,info@ranguniacollege.edu.bd,0,"East Syed Bari, PO. & Upazilla-RANGUNIA, Chittagong-4360, Chattogram"
4322,DAKSIN RANGUNIA PADUA COLLEGE,srpaduadegreecollege@yahoo.com,01871546767,"P.O- UTTAR PADUA, RANGUNIA, CHITTAGONG., Chattogram"
4323,M. SHAH ALAM CHOWDHURY DEGREE COLLEGE,msacdegreecollege@gmail.com,01817713251,"SHILAK, RANGUNIA, CHITTAGONG., Chattogram"
4324,UTTAR RANGUNIA COLLEGE,urcollege@yahoo.com,01819333909,"LALANAGAR, Chattogram"
4325,SIR ASHUTOSH GOVERNMENT COLLEGE,sirashutoshgovcollege@yahoo.com,01309104152,"KANUNGOPARA, BOALKHALI, CHITTAGONG., Chattogram"
4326,BOALKHALI SIRAJUL ISLAM COLLEGE,bsicollege@yahoo.com,0303256060,"BOALKHALI, CHITTAGONG, Chattogram"
4327,BOALKHALI HAZI MD. NURUL HOQUE DEGREE COLLEGE,bhmnhdegreecollege@gmail.com,01819085990,"SHAKPURA, BOALKHALI, CHITTAGONG., Chattogram"
4328,GOVT. ALAOL COLLEGE,alaoldegreecollege@yahoo.com,01915336904,"JALDI, BANSKHALI, CHITTAGONG., Chattogram"
4329,BANSHKHALI COLLEGE,principal.bdc@gmail.com,01818773408,"GUNAGARI,, Chattogram"
4330,ANOWARA GOVT. COLLEGE,anwaracollege72@yahoo.com,0302956013,"ANWARA,CHITTAGONG, Chattogram"
4331,BARAMA COLLEGE,baramacollage@yahoo.com,01309104199,"BARAMA, Chattogram"
4332,SHAH MOHSEN AULIA COLLEGE,c4332@nu.ac.bd,01309104037,"BATTALI, Chattogram"
4333,PATIYA GOVT. COLLEGE,patiyagovtcollege@gmail.com,0303556391,"PATIYA, CHITTAGONG, Chattogram"
4334,SATKANIYA GOVT. COLLEGE,satkaniagovt.college@yahoo.com,02334458416,"SATKANIA, CHITTAGONG, Chattogram"
4335,SITAKUNDA COLLEGE,sitakundc@gmail.com,0302856109,"SITAKUNDA CHITTAGONG, Chattogram"
4336,LATIFA SIDDIQI DEGREE COLLEGE,latifasediquecollege@gmail.com,0304251013,"VILL+P.O- MASAJIDDA,, Chattogram"
4337,NIZAMPUR GOVERNMENT COLLEGE,nizampurcollege11@gmail.com,01711316639,"VILL- FORFORIA, POST OFFICE: NIZAMPUR COLLEGE, THANA: MIRSARAI, DISTRICT: CHITTAGONG., Chattogram"
4338,GOVT. HAZI A. B. COLLEGE,abcollege.sandwip@gmail.com,01816610904,"SANDWIP,CHITTAGONG, Chattogram"
4339,MUSTAFIZUR RAHMAN COLLEGE,mrcollege.sandwip@gmail.com,01816486008,"VILLAGE- KUCHIAMORA, P.O. MOULVI BAZAR, Chattogram"
4340,BARA AULIA DEGREE COLLEGE,baclgctg@gmail.com,0303456117,"VILL: AMIRABAD, P.O: PADUA, Chattogram"
4341,FATICKCHHARI GOVT. COLLEGE,fatickcharicollegectg@yahoo.com,09613004862,"FATIKCHHARI, CHATTOGRAM, Chattogram"
4342,PAHARTALI COLLEGE,pahartalicollege65@yahoo.com,02334466118,"WIRELESS, KHULSHI, CHITTAGONG., Chattogram"
4343,BARIAR HAT COLLEGE,baraiyahatcollege@yahoo.com,01819327657,"HINGULI, Chattogram"
4344,HULAIN SALEH NOOR COLLEGE,hsndc69@ymail.com,01309104779,"PATIYA, Chattogram"
4345,NANUPUR LAILA KABIR COLLEGE,lailakabircollege@yahoo.com,01711121328,"NANUPUR, FATIKCHHARI, CHITTAGONG, Chattogram"
4346,GACHHBARIA GOVT. COLLEGE,gachhbariagovt.college@gmail.com,8802334457672,"CHANDANAISH, CHITTAGONG, Chattogram"
4347,UTTAR SATKANYA JAFAR AHMED CHOWDHURY COLLEGE,satkaniazaccollege@gmail.com,01819510040,"rasulabad p.o-dohazary, SAtKANIA, CHITTAGONG, Chattogram"
4348,RAZANAGAR RANIRHAT COLLEGE,rrc_ctg@yahoo.com,01755193638,"RAZANAGAR RANIRHAT COLLEGE , PO:- THANDACHARI, UPazila:- RANGUNIA, DIS:- CHITTAGONG., Chattogram"
4349,UTTAR KATTALI AL-HAZ MUSTAFA HAKIM COLLEGE,principalmhdc@yahoo.com,01836388319,"UTTAR KATTALI, Akbar Shah (Pahartali), CHITTAGONG., Chattogram"
4350,MIRSARAI COLLEGE,mirsaraicollegectg@gmail.com,0302456140,"VILLAGE/POST: MIRSARAI, Chattogram"
4351,DR. FAZLUL HAZERA DEGREE COLLEGE,drfhcctg@gmail.com,02333311690,"P:O-CUSTOM ACADEMY, SOUTH KATTALI, Chattogram"
4352,BARRISTAR SULTAN AHMED CHOWDHURY COLLEGE,barristersultancollege@yahoo.com,02333340418,"SOUTH HALISHAHAR, Chattogram"
4353,HEYAKO BANANI DEGREE COLLEGE,heakocollege@yahoo.com,01823731452,"HEYAKO, POST-HEYAKO, THANA : BHUJPUR, UPAZILA : FATIKCHHARI, DISRICT : CHATTOGRAM., Chattogram"
4354,NARAYANHAT ADARSHA DEGREE COLLEGE,narayanhat.college@gmail.com,01817260312,"P.O-NARAYANHAT,P.S-BHUJPUR, Chattogram"
4355,"ALHAZ MOSTAFIZUR RAHMAN COLLEGE, LOHAGARA",amrclohagara@gmail.com,0303456670,"LOHAGARA, CHITTAGONG, Chattogram"
4356,AMANAT SAFA BADRUNNESA MOHILA COLLEGE,amanatsafabnesactg89@gmail.com,0303356089,"EAST JOARA, Chattogram"
4357,AL-HELAL ADARSHA DEGREE COLLEGE,alhelalcollege@gmail.com,01309105058,"VILL. & POST : TOLATALI, Chattogram"
4358,INSTITUTE OF BUSINESS STUDIES,likhonn@yahoo.com,02333326600,"Bropool Mor.(3rd Floor)  Block: G, HALISHAHAR, Chattogram, Chattogram"
4359,MUZAFFARABAD JOSHODA NAGENDRA NANDI COLLEGE,mjnnmdcollege@gmail.com,01818148769,"VILL & P.O:- MUZAFARABAD, PATIYA, CHITTAGONG, Chattogram"
4360,KHALILUR RAHMAN MAHILA COLLEGE,krmdc.ctg@gmail.com,01881749560,"PATIYA MUNICIPAL AREA, Chattagram., Chattogram"
4361,CHUNTI GOVERNMENT MAHILA COLLEGE,chunatimdc@yahoo.com,0,"VILL. CHUNATI, PS. LOHAGARA, CHITTAGONG, Chattogram"
4362,KARNAPHULI ABDUL JALIL CHOWDHURY COLLEGE,ppajcdc@gmail.com,01309104485,"SHIKALBAHA, KARNAPHULI , CHITTAGONG, Chattogram"
4363,GOVT. ASHEKAN AULIA COLLEGE,aadcollegectg@gmail.com,01814348462,"Shahid Nagar, Wazedia, Panchlaish 3no Ward, Bayezid Bostami, Chittagong, Chattogram"
4364,KATIRHAT MAHILA COLLEGE,kmdc85mhgh@yahoo.com,01716430402,"KATIRHAT, HATHAZARI, CHATTOGRAM., Chattogram"
4365,BIJOY SMARANI COLLEGE,bscollegectg@gmail.com,2781130,"BHATIARY,Sitakunda, CHITTAGONG., Chattogram"
4366,PASHCHIM BANSKHALI UPAKULIO COLLEGE,principalwbcc@gmail.com,01818573302,"P.O.CHAPACHARI,BANSKHALI,CHITTAGONG, Chattogram"
4367,ISAPUR BADSHA MEAH CHOWDHURY COLLEGE,bmccollegeisapur@yahoo.com,01815725843,"Vill: Jahanpur,PO: Fatehpur(4345),Upazilla: Fatikchhari, Dist: Chattogram, Chattogram"
4368,KHALILMIR COLLEGE,khalilmircollege@gmail.com,01818766776,"SAINDER-ZIRI, P.O. BUDHPURA, P.S. PATIYA, DIST. CHITTAGONG, Chattogram"
4369,RANGUNIA HASINA JAMAL COLLEGE,rhjdcollege@yahoo.com,01309104850,"RANGUNIA MUNICIPALTY AREA, P.O.-SWANIRVAR RANGUNIA, Chattogram"
4370,HAJEE M. A. KALAM DEGREE COLLEGE,0,,"0, Chattogram"
4371,GLOBAL COLLEGE OF MULTIMEDIA & TECHNOLOGY,0,,"0, Chattogram"
4372,ACADEMY OF SCIENCE &TECHNOLOGY,0,,"0, Chattogram"
4373,EDUCATION AND RESEARCH ACADEMY,0,,"0, Chattogram"
4374,"AKIJ INSTITUTE OF TECHNOLOGY, CHITTAGONG",0,,"0, Chattogram"
4375,NEURAL INSTITUTE OF SCIENCE & TECHNOLOGY,neural.bba@gmail.com,031639068,"115 RAHMAN PLAZA(4TH FLOOR), ISPAHANI SQUARE, LALKHAN BAZAR, Chittagong., Chattogram"
4376,BANGABANDHU LAW TEMPLE,bangabandhulawtemplectgac@gmail.com,01811871464,"JUBILEE ROAD, KOTWALI, CHITTAGONG, Chattogram"
4377,CHITTAGONG LAW COLLEGE,ctglawcollege@gmail.com,031628044,"NOZIR AHMAD CHOWDHURY ROAD, ANDARKILLA, CHATTOGRAM., Chattogram"
4378,GOVT. TEACHERS' TRAINING COLLEGE,gttcctg@yahoo.com,031613219,"BAKOLIA, Chattogram"
4379,"RESEARCH FOR EDUCATION AND MANAGEMENT ACADEMY, CHAKBAZAR",remattc@gmail.com,031625394,"116, CHATTESHWARI ROAD, CHAWKBAZAR, CHITTAGONG, Chattogram"
4380,NATIONAL TEACHERS' TRAINING COLLEGE,nttc_3010@yahoo.com,01869793084,"BAHADDARHAT,CHANDGAON, CHITTAGONG., Chattogram"
4381,CITY TEACHERS TRAINING COLLEGE CHATTAGRAM,0,,"0, Chattogram"
4382,MODERN TEACHERS' TRAINING COLLEGE,mttc4382@GMAIL.COM,0312553185,"1332/1475,C.D.A. AVENEEO,EAST NASIRABAD,CHITTAGONG., Chattogram"
4383,CHITTAGONG COLLEGE OF EDUCATION,0,,"0, Chattogram"
4384,CHATTOGRAM GOVT. PHYSICAL EDUCATION COLLEGE,ctg.gov.phy.edu.clg@gmail.com,01816613054,"HALISHAHOR HOUSING ESTATE, BOROPOOL, Chattogram"
4385,INSTITUTE OF LIBRARY AND INFORMATION SCIENCE,0,,"0, Chattogram"
4386,INSTITUTE OF LIBRARY AND INFORMATION TECHNOLO,0,,"0, Chattogram"
4387,GOVERMENT ART COLLEGE,0,,"0, Chattogram"
4388,BANGLADESH MILITARY ACADEMY,seorashed@gmail.com,1813619363,"Agrabad,Chittagong, Chattogram"
4389,BANGLADESH NAVAL ACADEMY,tareqsiddiqueek1@gmail.com,1825261194,"BANGLADESH NAVAL ACADEMY, Chattogram"
4390,MARINE FISHERIES ACADEMY,principalmfa@yahoo.com,031634375,"FISH HARBOUR, CHITTAGONG, Chattogram"
4391,MARINE ACADEMY,0,,"0, Chattogram"
4392,SCHOOL OF ARTILLERY,0,,"0, Chattogram"
4393,KAPASGOLA CITY CORPORATION MAHILA COLLEGE,kapasgolamohilacollege@yahoo.com,031656143,"CHAWKBAZAR, CHITTAGONG, Chattogram"
4394,PARASH PATHOR TEACHERS' TRAINING COLLEGE,ppttc@yahoo.com,031741391,"1276 AIR PORT ROAD, CEPZ, CHITTAGONG, Chattogram"
4395,INSTITUTE OF GLOBAL MANAGEMENT AND INFORMATION SYSTEM,info@igmis.edu.bd,0312868962,"IGMIS, 932/A, MEHEDIBAGH, POST OFFICE: DAMPARA, Police Station: Chakbazar, District: Chittagong., Chattogram"
4396,CHITTAGONG PHYSICAL EDUCATION COLLEGE,ziactg99@yahoo.com,01848337730,"BAHADDARHAT, CHANDGAON, CHITTAGONG., Chattogram"
4397,JARINA-MAFZAL CITY CORPORATION DEGREE COLLEGE,jarinamafzalccc@gmail.com,031710543,"HALISHAHOR MUNIR NAGOR, 37 NO WARD, Chattogram"
4398,COLONEL (RTD.) OLI AHMED BIR BIKROM COLLEGE,coloneloliahmedbbcollege@yahoo.com,01309105060,"VILL+POST- BAZALIA, Chattogram"
4399,KULGAON CITY CORPORATION COLLEGE,kulgaoncccollege@gmail.com,683516,"VILL: KULGAON, P.O-JALALABAD, P.S: BIEZID BOSTAMI, CHITTAGONG., Chattogram"
4401,COX'S BAZAR GOVT. COLLEGE,coxgcollege@gmail.com,034163710,"Zhilongja, Link Road, COX'S BAZAR, Coxsbazar"
4402,COX'S BAZAR GOVT. MAHILA COLLEGE,principal.cgmc@gmail.com,02333347140,"AIRPORT ROAD, COX'S BAZAR, Coxsbazar"
4403,CHAKARIA GOVERNMENT COLLEGE,chakariacollege@yahoo.com,0342256081,"P.O: CHERINGA, Coxsbazar"
4404,RAMU GOVERNMENT COLLEGE,ramucollege@yahoo.com,0342556118,"SIKDER PARA, FATHEKHARKUL, Coxsbazar"
4405,UKHIA COLLEGE,ukhiya_college@yahoo.com,01820298585,"Village - Shailerdheba, Post - Ukhiya, Upazilla - Ukhiya, District - Cox's Bazar, BANGLADESH., Coxsbazar"
4406,TEKNAF GOVERNMENT COLLEGE,teknafcollege@gmail.com,01811277322,"COLLEGE PARA,WARD # 06, TEKNAF POURASOVA, COX BAZAR, Coxsbazar"
4407,COX'S BAZAR CITY COLLEGE,coxcitycollege@gmail.com,034164725,"COXS BAZAR, Coxsbazar"
4408,HOANK COLLEGE,0,,"0, Coxsbazar"
4409,COX'S BAZAR LAW COLLEGE,coxlawcollege@gmail.com,034163962,"COURT HILL ROAD, COX'S BAZAR, Coxsbazar"
4410,COX'S BAZAR TEACHERS' TRAINNING COLLEGE,coxcttc@gmail.com,034164593,"COWDHURY PARA, ZILONJA, COX'SBAZAR, Coxsbazar"
4411,MOHESH KHALI COLLEGE,www.mcollege@gmail.com,0342474296,"P.O: GORAKGHATA-4710, P.S: MAHESHKHALI, DIST: COX'SBAZAR
college code: 4411, Coxsbazar"
4412,EIDGAH RASHID AHMED COLLEGE,efacollege@yahoo.com,0343258146,"MEHERGHONA, P/O: EIDGAON, Coxsbazar"
4413,CHAKARIA ABASHIK MOHILA COLLEGE,chakariaabashikmohilacollege@gmail.com,0342256328,"CHIRINGA, CHAKARIA, COX'SBAZAR., Coxsbazar"
4414,DULAHAZARA COLLEGE,DULAHAZARACOLLEGE2050@YAHOO.COM,01813396516,"DULAHAZARA,CHAKARIA,COX'SBAZAR.,"
4415,BADARKHALI COLLEGE,badarkhalicollege.nubd@gmail.com,01309106232,"POST:BADARKHALI-4742, P.S: CHAKARIA, DIST: COX'S BAZAR., Coxsbazar"
4416,MOIN UDDIN MEMORIAL COLLEGE,moinuddinmemorialcollege@gmail.com,01309137633,"Hnila, Coxsbazar"
4501,BANDERBAN GOVT. COLLEGE,bandarbancollege@gmail.com,036162411,"BANDARBAN HILL DISTRICT,"
4502,HAJI M. A. KALAM GOVT. COLLEGE,naicox09@yahoo.com,01881694897,"Naikhongchhari Sodar, Naikhongchhari, Bandarban,"
4503,GOVT. MATAMUHURI COLLEGE,matamuhuricollege01@gmail.com,00,"8 NO WARD, LAMA MUNICIPALITY,"
4601,RANGAMATI GOVT. COLLEGE,rgcchtbd@yahoo.com,035162215,"COLLEGE GATE, RANGAMATI SADAR, RANGAMATI, Rangamati"
4602,KACHALONG GOVERNMENT COLLEGE,kachalong.college@gmail.com,01553761706,"VILL-COLLEGE PARA, P.O-MARISHYA, P.S-BAGHAICHARI, DIST-RANGAMATI., Rangamati"
4603,KARNAPHULI GOVT. COLLEGE,karnafuli.college@gmail.com,378,"BARAICHARI, Rangamati"
4604,RANGAMATI LAW COLLEGE,0,,"0, Rangamati"
4605,KAWKHALI COLLEGE,kawkhalicollege.1999@gmail.com,01824248307,"Post: Kalampati, Upazila: Kawkhali, Dist: Rangamati., Rangamati"
4606,RANGAMATI GOVT. MOHILA COLLEGE,principalrgmc@yahoo.com,035163211,"PURATON  COURT  AREA,  RESERVE  BAZAR, Rangamati Sadar, Rangamati., Rangamati"
4607,LANGADU GOVERNMENT MODEL COLLEGE,lmc107764@gmail.com,01531120683,"Mainimukh(4500), Langadu, Rangamati Hill Tracts, Rangamati"
4701,KHAGRACHHARI GOVT. COLLEGE,khagracharicollege@yahoo.com,037161627,"KHAGRACHHARI SADAR, Khagrachhari"
4702,MATIRANGA GOVT. COLLEGE,matirangacollege@gmail.com,01553208892,"Vill:Muslimpara,P.o & P.s-MATIRANGA,Dist:KHAGRACHARI, Khagrachhari"
4703,RAMGARH GOVT. COLLEGE,ramgarhgc@yahoo.com,02333344714,"RAMGARH, KHAGRACHARI, Khagrachhari"
4704,MANIKCHARI GIRI MOITRI GOVT. COLLEGE,manikchari_college@yahoo.com,01533949253,"MANIKCHARI,KHAGRACHARI HILL DIST., Khagrachhari"
4705,DIGHINALA GOVT. COLLEGE,dighicollege@gmail.com,03716194850,"BABUPARA,DIGHINALA,KHAGRACHARI,"
4706,KHAGRACHHARI LAW COLLEGE,alamgir320@gmail.com,01558578922,"SANTINAGAR MUR, KHAGRACHARI SADAR, Khagrachhari"
4707,PANCHARI GOVT. COLLEGE,pancharicollege@gmail.com,01646817189,"P.O.Panchari,Upazill- Panchari,Dist. Khagrachari, Khagrachhari"
4708,MOHALCHARI COLLEGE,mohalchari.college@gmail.com,01839980825,"UPAZILLA: MAHALCHARI,DIST.KHAGRACHARI,, Khagrachhari"
4801,NETRAKONA GOVT. COLLEGE,netrakona_govt_college@yahoo.com,02998827258,"SATPAI, NETRAKONA, Netrokona"
4802,HAFEZ ZIAUR RAHMAN COLLEGE,habibkhandker95@gmail.com,01938565789,"SHYAMGONJ BAZAR, Netrokona"
4803,SHAH SULTAN COLLEGE,shahsultandegreecollege@gmail.com,01720473603,"MADANPUR, Netrokona"
4804,NETRAKONA GOVT. MAHILA COLLEGE,ngovtmc@yahoo.com,02996651629,"MOKTER PARA, NETRAKONA., Netrokona"
4805,KENDUA GOVERNMENT COLLEGE,collegekendua@gmail.com,01711230814,"KENDUA, NETRAKONA, Netrokona"
4807,GOVERNMENT KRISHNAPUR HAZI ALI AKBAR PUBLIC DEGREE COLLEGE,khaapc@ymail.com,01770632246,"KHALIAJURI, NETRAKONA, Netrokona"
4808,TELIGATI GOVERNMENT COLLEGE,teligatidegreecollege@gmail.com,0952274046,"TELIGATI, UPAZILLA-ATPARA ZILLA-NETROKONA, Netrokona"
4809,PURBODHALA DEGREE COLLEGE,purbadhalacollege@gmail.com,0953256129,"PURBADHALA, Netrokona"
4810,"SUSANG GOVT. COLLEGE, DURGAPUR",susungmahabidyalaya@gmail.com,0952556032,"SADHUPARA, Netrokona"
4811,ABU ABBAS COLLEGE,principalabuabbascollege@gmail.com,095161817,"NETRAKONA, Netrokona"
4812,MOHANGONJ GOVT. COLLEGE,mohanganjgovtcollege@gmail.com,0925456007,"MOHANGONJ, Netrokona"
4813,BARHATTA GOVT. COLLEGE,Barhattacollege07@gmail.com,01309112938,"GORMA,P.O+PS+UZ-BARHATTA,NETROKONA, Netrokona"
4814,KALMAKANDA GOVERNMENT COLLEGE,kalmakandac@yahoo.com,0952756132,"KALMAKANDA,NETRAKONA, Netrokona"
4815,RABEYA ALI MOHILA COLLEGE,ramdc1995@gmail.com,0953256090,"PURBADHALA  NETRAKONA, Netrokona"
4816,NETROKONA LAW COLLEGE,netrakonalawcollege@gmail.com,01715626891,"MUKTERPARA,NETRAKONA, Netrokona"
4817,KHAN SHAHEB ABDUL AZIZ TEACHERS' TRAINING COLLEGE,khanshahebabdulazizttcollege@gmail.com,095162091,"NETROKONA SADAR, Netrokona"
4818,DURGAPUR MOHILA DEGREE COLLEGE,dmdc.net@gmail.com,0952556063,"SUSANG, DURGAPUR, NETRAKONA, Netrokona"
4819,HAJI ABDUL AZIZ KHAN COLLEGE,madangovtcoll@gmail.com,01712066505,"Vill:Madan, Upazila: Madan, Dist: Netrakona, Netrokona"
4820,MOHANGONJ MOHILA COLLEGE,mohangonjmohilacollege@gmail.com,01724582286,"MOHANGONJ, Netrokona"
4821,CHANDRANATH COLLEGE,chandranathcollege@gmail.com,01309113193,"Amtola Road,Netrakona, Netrokona"
4822,FAQUIR ASHRAF COLLEGE,rakharanikar0@gmail.com,01717562984,"Vill- Faquirer, P.O- Faquirer Bazer,Upozilla:Barhatta, Dist- Netrakona, Netrokona"
4823,NETROVISION INSTITUTE,netrovisioninstutite2020@gmail.com,01749489622,"MUKTERPARA , NETRAKONA, Magura"
4824,JOBAIDA RAHMAN MOHILA COLLEGE,info.jrmdc.edu.bd@gmail.com,01713582501,"BARI VADERA ROAD(Ward no.-02,Madan Municipality,Madan, Netrokona., Netrokona"
4825,ATPARA COLLEGE,atpara_college@yahoo.com,01718710587,"ATPARA, NETRAKONA,"
4826,GONDA DEGREE COLLEGE,gonda.college11@gmail.com,01762458611,"KENDUA, Netrokona"
4901,GOVT. GURUDAYAL COLLEGE,gdgckishoreganj@gmail.com,02997761567,"HARUA, KISHOREGANJ, Kishoreganj"
4902,KARIMGANJ GOVERNMENT COLLEGE,karimgonjcollege@yahoo.com,0942756034,"KARIMGANJ,KISHOREGANJ, Kishoreganj"
4903,KISHOREGANJ GOVT. MAHILA COLLEGE,principal.kgmc@gmail.com,094161791,"Old COURT ROAD ,  KISHOREGANJ ., Kishoreganj"
4904,WALI NEWAZ KHAN COLLEGE,julhaswkc@gmail.com,094162476,"NEWTOWN, KISHOREGONJ, Kishoreganj"
4905,KATHIADI GOVT. COLLEGE,katiadicollege@yahoo.com,01554214260,"KATIADI  KISHOREGANJ, Kishoreganj"
4906,HAZI ASMAT GOVERNMENT COLLEGE,haziasmatcollege@yahoo.Com,029470442,"BHAIRAB, BHAIRAB, KISHOREGANJ, Kishoreganj"
4907,BAJITPUR GOVT. COLLEGE,bajitpurcollege@gmail.com,0942364002,"BASANTAPUR. BAJITPUR. KISHOREGONJ, Kishoreganj"
4908,KULIARCHAR GOVERNMENT COLLEGE,kuliarcharcollege@yahoo.com,01309110512,"KHOROKMARA, Kishoreganj"
4909,PAKUNDIA GOVERNMENT COLLEGE,pakundiadegreecollege@yahoo.com,01716009894,"VILL+P.O - PAKUNDIA, DIST - KISHOREGANJ, Kishoreganj"
4910,HOSSAINPUR GOVERNMENT COLLEGE,hdck71@gmail.com,0942556012,"ARAIBARIA, HOSSAINPUR, KISHOREGANJ., Kishoreganj"
4911,GOVT. ROTARY COLLEGE,rotarydegreecollege@yahoo.com,0942256042,"AUSTAGRAM, Kishoreganj"
4912,DR. ABDUL MANNAN MAHILA COLLEGE,dammc.ktd.ksh@gmail.com,0942856016,"Katiadi Pashchimpara, Katiadi Poura Sadar,Katiadi, Kishoreganj., Kishoreganj"
4913,MUKTIJODDHA ABDUL HAQUE GOVT. COLLEGE,mithamoincollege@gmail.com,01711222077,"VILL:- MITHAMOIN, PO:- MITHAMOIN, UPAZILLA:- MITHAMOIN, DIST:- KISHOREGANJ., Kishoreganj"
4914,GOVT. ZILLUR RAHMAN MAHILA COLLEGE,principalzmc1994@gmail.com,0942471662,"BHAIRAB BAZAR, Kishoreganj"
4915,HAJI ZAFAR ALI COLLEGE,hazizafar@gmail.com,01712476147,"MOTKHOLA, PAKUNDIA, KISHOREGANJ., Kishoreganj"
4916,SAYED ASHRAFUL ISLAM POURA MOHILA DEGREE COLLEGE,pouramohilacollegekishoreganj@gmail.com,094161460,"KISHOREGANJ SADAR, KISHOREGANJ, Kishoreganj"
4917,PAKUNDIA ADARSHA MOHILA COLLEGE,pamdcollege@yahoo.com,0943356061,"P.O- PAKUNDIA, Kishoreganj"
4918,INSTITUTE OF BUSINESS AND INFORMATION TECHNOLOGY,ibitkishoreganj@yahoo.com,01919152166,"1004, NILLGANJ ROAD, UKILPARA, KISHOREGANJ, Kishoreganj"
4919,TEACHERS' TRAINING COLLEGE,ttckbd@gmail.com,01718484874,"CHARMARIA, SADAR, KISHOREGANJ. KISHOREGANJ-2300., Kishoreganj"
4920,BHAIRAB TEACHERS' TRAINING COLLEGE,bhairabttc4920@gmail.com,01716154556,"BHAIRAB, KISHOREGONJ, Kishoreganj"
4921,RAFIQUL ISLAM WOMENS COLLEGE,rimc_1987@yahoo.com,029470467,"BHAIRABPUR NORTH PARA, Bhairab, Kishoreganj., Kishoreganj"
4922,HOSSAINPUR ADARSHA MOHILA COLLEGE,ziaurnandail@yahoo.com,0942556084,"ARAIBARIA, HOSSAINPUR, KISHOREGANJ., Kishoreganj"
4923,RAHIM SATTER IDEAL DEGREE COLLEGE,rsic7881@yahoo.com,01710094945,"KALTIA BINATI  KISHOREGANJ, Kishoreganj"
4924,HOSSAINDI ADARSHA DEGREE COLLEGE,hadcollege@gmail.com,01715106359,"HOSSAINDI ADARSHA DEGREE COLLEGE  POST.HOSSAINDI,UPZILA:PAKUNDIA,DIST:KISHOREGONJ, Kishoreganj"
4925,MUKTI JODDHA ADARSHA GOVT. COLLEGE,collegemuktijoddha@yahoo.com,01720367893,"NIKLI, KISHOREGANJ., Kishoreganj"
4926,RASHTRAPATI ABDUL HAMID GOVT. COLLEGE,rashtrapatiahgovtcollege@gmail.com,0942656029,"ITNA, KISHOREGONJ, Kishoreganj"
4927,TARAIL MUKTIZUDHA GOVT. COLLEGE,tmc.college1992@gmail.com,00,"SHAHILATI,TARAIL,KISHOREGANJ., Kishoreganj"
4928,SHIMULKANDI COLLEGE,skcollege9@gmail.com,01766186885,"Modderchor, Bhairab, Kishoregonj., Kishoreganj"
5001,GOVT. ASHEK MAHMUD COLLEGE,ashekmahmudcollege@gmail.com,02997772136,"Govt. Ashek Mahmud College ,JAMALPUR, Jamalpur"
5002,MADARGANJ A. H. Z. GOVT. COLLEGE,mahzgovcollege@yahoo.com,0982556021,"GABERGRM, Jamalpur"
5003,MELANDAH GOVT. COLLEGE,govt.melandahcollege@gmail.com,0982656045,"MELANDAH, Jamalpur"
5004,JAHEDA SAFIR MAHILA COLLEGE,gzsmc.jamalpur@gmail.com,098163287,"JAMALPUR SADAR, JAMALPUR, Jamalpur"
5005,NANDINA SK. ANOWER HOSSAIN COLLEGE,nandinasahcollege5005@gmail.com,01712270356,"NANDINA, P.O:NANDINA, JAMALPUR SADAR, JAMALPUR, Jamalpur"
5006,GOVT.  ABDUL KHALEK MEMORIAL COLLEGE,akmemorialcollege@gmail.com,0982375016,"DEWANGANJ, JAMALPUR., Jamalpur"
5007,SANONDABARI COLLEGE,ahalim.akanda@gmail.com,01743903812,"VILL-SANANDABARI. POST- SANANDABARI. UPZILA- DEWANGONJ. DIST- JAMALPUR., Jamalpur"
5008,GOVT. ISLAMPUR COLLEGE,islampurcollege@yahoo.com,0982474008,"ISLAMPUR, JAMALPUR, Jamalpur"
5009,SHARISABARI MAHMUDA SALAM MOHILA COLLEGE,principalsmmc@gmail.com,01712007221,"ARAMNAGAR, Jamalpur"
5010,"SUJAT ALI COLLEGE, PINGNA",sujatalicollege@gmail.com,01713582195,"Vill.Pingna, P.O. Pingna, Upazilla. Sarishabari, Dis. Jamalpur., Jamalpur"
5011,SARISHABARI COLLEGE,principalsbaricollege@gmail.com,01712077588,"SARISHABARI , UPZILA; SARISHABARI,ZILA; JAMALPUR, Narail"
5012,BAKSHIGANJ KEAMATULLAH GOVT. COLLEGE,bakshiganjkuc@ymail.com,0982256006,"BAKSHIGONI, JAMALPUR, Jamalpur"
5013,NURUNNAHAR MIRZA KASEM MAHILA COLLEGE,nmkmohilacollege@yahoo.com,0982556055,"BOLOD BHORA,MADARGONJ, JAMALPUR, Jamalpur"
5014,JAHANARA LATIF MAHILA COLLEGE,jlmcmelandah@yahoo.com,0982656070,"POST : MELANDAH, UPZILLA : MELANDAH, DIST : JAMALPUR, Jamalpur"
5015,JHOWLA GUPALPUR COLLEGE,gopalpurdegreecollege@gmail.com,01923645107,"POST-GOPALPUR BAZAR,THANA-SADAR,DIST- JAMALPUR, Jamalpur"
5016,HAZRABARI SERAJUL HUQ COLLEGE,hshdcollege@yahoo.com,01309110151,"VILL- HAZRABARI, P.O- HAZRABARI, Jamalpur"
5017,ISLAMPUR MD. ABDUS SAMAD- PERVEZ MEMORIAL MOHILA COLLEGE,samad_parvazmohilacollege@yahoo.com,0982474160,"MOHOLLA:MOUZAJALLAH,POST+UPZIL:ISLAMPUR,DIST:JAMALPUR., Jamalpur"
5018,DIGPAIT SHAMSUL HAQ COLLEGE,digpaitcollege@yahoo.com,01713544074,"Digpait, P.O- Sunotia Bazar, P.S- Jamalpur,Dist- JAMALPUR., Jamalpur"
5019,JAMALPUR LAW COLLEGE,shajahan01739762706@gmail.com,098162530,"BAZRAPUR, Jamalpur"
5020,MIRZA AZAM COLLEGE,mirzaazamuni@gmail.com,01712711617,"GUNERBARI, Jamalpur"
5021,KHATEMOON MOIN MOHILA COLLEGE,kmmdc.edu@gmail.com,01725247199,"P/O- BAKSHIGANJ, UPAZILLA- BAKSHIGANJ, DIST- JAMALPUR., Jamalpur"
5022,RENAISSANCE TEACHERS TRAINING COLLEGE,0,,"0, Jamalpur"
5023,INSTITUTE OF BUSINESS ADMINISTRATION JAMALPUR,ibajamalpur87@gmail.com,01705541974,"WEST NOYAPARA( NEAR GOVT.ASHEK MAHMUD COLLEGE), SADAR, JAMALPUR., Jamalpur"
5024,SHAHID ZIAUR RAHMAN DEGREE COLLEGE,shzc.college@yahoo.com,098163022,"JAMALPUR SADOR, JAMALPUR, Jamalpur"
5025,HABIBUR RAHAMAN COLLEGE,habiburrahamancollege@gmail.com,01822887713,"PO: MAHMUDPUR, upozilla : Melandah, Dist : Jamalpur., Jamalpur"
5026,DR. ABDUL MAZID TALUKDER DEGREE COLLEGE,dr.abdulmojidtalukdercollage@gmail.com,01919843888,"RUPSHI KAMALKHAN HAT, Jamalpur"
5027,POGALDIGHA COLLEGE,pogaldighacollege110218@gmail.com,01309110218,"TARAKANDI, SARISHABARI, JAMALPUR., Jamalpur"
5028,KHAWJA SHAH SUFI YUNUS ALI COLLEGE,khaja.ssucollege@gmail.com,01716059502,"P.O: NAYAPARA,P.s: Madergonj, Dist: Jamalpur, Jamalpur"
5029,BANGABANDHU GOVT. COLLEGE JHAWGARA,bbc110146@gmail.com,01322835289,"Vill - Jhawgora, P. O - Jhawgora, Upazila - Melandah, Distirict - Jamalpur., Jamalpur"
5030,M M MEMORIAL COLLEGE,mmmemorialcollege109778@gmail.com,01712266364,"VILL: KATHERBILL, UP: HATIVANGA, UPAZILA: DEWANGANJ, DIST: JAMALPUR, Jamalpur"
5031,TULSHIPUR COLLEGE,tulshipurcollege109999@gmail.com,01716827453,"Tulshipur, Post- Tulshipur Bazar, Upozila- Jamalpur Sadar, Dristrict: Jamalpur., Jamalpur"
5032,JINNATON AFSOR MOHILA COLLEGE,jamc109993@gmail.com,01716285330,"NARUNDI, Jamalpur"
5101,SHERPUR GOVT. COLLEGE,sgovcollege@yahoo.com,02997781462,"RAJABARI, Sherpur"
5102,GOVT. NAZMUL SMRITI COLLEGE,nazmulsmritimohabiddyalaya@yahoo.com,0932473063,"NALITABARI, SHERPUR, Sherpur"
5103,GOVT. HAZI JAL MAHMUD COLLEGE,hjmc71@gmail.com,093237507,"NAKLA,SHERPUR., Sherpur"
5104,SHERPUR MAHILA COLLEGE,shergmc@gmail.com,093161460,"NEW MARKET SHERPUR SADAR, SHERPUR, Sherpur"
5105,SRIBORDI GOVT. COLLEGE,sgcollege09@yahoo.com,0932556010,"SRIBORDI, SHERPUR, Sherpur"
5106,CHOWDHURY SABRUNNESSA MAHILA COLLEGE,csncnakla@yahoo.com,0932375090,"KURSHABADAGOUR, Sherpur"
5107,NALITABARI SHAHID ABDUR RASHID MOHILA COLLEGE,nsarmc@gmail.com,0932473231,"SITPARA, ROAD NO- 5, NALITABARI PAURASHAVA,, Sherpur"
5108,GOVT. ADARSHA COLLEGE,adarsha5108@yahoo.com,01712858361,"Post:Hatibandha, Union:Malijhikanda, Upazilla:Jhenaigati, Dist:Sherpur., Sherpur"
5109,JAMSHED ALI MEMORIAL (DEGREE) COLLEGE,jamc.sherpur@gmail.com,01716545310,"KUSUMHATI, Sherpur"
5110,CHANDRAKONA COLLEGE,chandrakonacollege@yahoo.com,01309113771,"BANDATEKI, P.O.-CHANDRAKONA, P.S.-NAKLA, DIST.-SHERPUR, Sherpur"
5111,JHENAIGATI MAHILA ADARSHA DEGREE COLLEGE,jmadc113717@gmail.com,0932274329,"JHENAIGATI, Sherpur"
5112,DR. SEKANDER ALI COLLEGE,dsacollege@gmail.com,093161775,"Chapatali, Sherpur Town, Sherpur-2100, Sherpur"
5113,ALHAZ SHAFIUDDIN AHMED COLLEGE,safiuddincollege3@gmail.com,01329245489,"JHINAIGATI, Sherpur"
5114,MODEL GIRLS COLLEGE,mgc.sherpur@gmail.com,01715326588,"SHERPUR TOWN, Sherpur"
5115,BEER MUKTIJUDDHA ATIUR RAHMAN MODEL COLLEGE,bmarmc9274@gmail.com,01754082662,"Vill- Vimgonj, P.O- Khunua Charpara, Sherpur"
5201,ANANDAMOHAN COLLEGE,anandamohan1908@yahoo.com,09166769,"1 NO,COLLEGE ROAD, MYMENSINGH, Mymensingh"
5202,GOVT. MOMINUNNESSA MAHILA COLLEGE,muminunnisagovtcollege@gmail.com,02996667247,"K C ROY ROAD, Mymensingh"
5203,MYMENSINGH MAHILA COLLEGE,mymenmdc7300@gmail.com,09165920,"31. C K GHOSH ROAD, MYMENSINGH, Mymensingh"
5204,NASIRABAD COLLEGE,nasirabaduniversitycollege@yahoo.com,09165022,"SADAR  , MYMENSINGH, Mymensingh"
5205,MYMENSINGH COLLEGE,mymensinghmohavidylaya@gmail.com,02996667497,"42. RAMBABU ROAD MYMENSINGH, Mymensingh"
5206,A. M. M. COLLEGE,alamgir_monsur@yahoo.com,09163987,"C.K. GOSH. ROAD, Mymensingh"
5207,GAFARGAON GOVT. COLLEGE,gafargaon.college@yahoo.com,0902556007,"GAFARGAON, MYMENSINGH, Mymensingh"
5208,ABDUR RAHMAN COLLEGE,abdurrahman.college69@gmail.com,01742218115,"KANDIPARA,GAFARGAON, Mymensingh"
5209,PHULPUR GOVT. COLLEGE,phulpurcollege@gmail.com,0903356008,"COLLEGE ROAD,PHULPUR,MYMENSINGH, Mymensingh"
5210,GOVERNMENT DHOBAURA ADARSHA COLLEGE,dhobauraac@gmail.com,0903456025,"DHOBAURA . MYMENSINGH, Mymensingh"
5211,HALUAGHAT SHAHID SMRITI GOVT. COLLEGE,hssdchgt@gmail.com,0902656044,"HALUAGHAT SHAHID SMRITI COLLEGE,HALUAGHAT P.O HALUAGHAT UPAZILA: HALUAGHAT, DIST-MYMENSINGH, Mymensingh"
5212,GOURIPUR GOVT. COLLEGE,ggcmym1964@gmail.com,0902456042,"GOURIPUR, MYMENSINGH, Mymensingh"
5213,GOURIPUR MAHILA COLLEGE,gmdcollegemym@gmail.com,0902456201,"UPAZILA  SADAR, GOURIPUR, MYMENSINGH, Mymensingh"
5214,"GOVT. NAZRUL COLLEGE, TRISHAL",nazrulcollegetrishal@gmail.com,0903256028,"TRISHAL ,MYMENSINGH, Mymensingh"
5215,FULBARIA COLLEGE,fulbariacollege@yahoo.com,0902373004,"FULBARIA, MYMENSINGH., Mymensingh"
5216,"SHAHID SMRITI GOVT. COLLEGE, MUKTAGACHHA",gsscollege_mukta@yahoo.com,02996672929,"MUKTAGACHA, MYMENSINGH, Mymensingh"
5217,"GOVT.  SHAHID SMRITI ADARSHA COLLEGE, NANDAIL",ssac_nandail@yahoo.com,0902964019,"CHANDIPASHA,NANDAIL,MYMENSINGH., Mymensingh"
5218,ISWARGANJ GOVERNMENT COLLEGE,ishwargonjdegreecollege@yahoo.com,0902756023,"ISHWARGONJ UPAZILLA SADAR, ISHWARGONJ, MYMENSINGH, Mymensingh"
5219,BHALUKA GOVERNMENT COLLEGE,principalbhalukagovtcollege@gmail.com,0902256023,"Post & Upazilla- Bhaluka, District- Mymensingh., Mymensingh"
5220,BANGABANDU DEGREE COLLEGE,bangabandhucollege1973@gmail.com,01724835464,"TARAKANDA, MYMENSINGH, Mymensingh"
5221,ATHAROBARI COLLEGE,atharobaridegreecollege@gmail.com,01918737452,"ATHAROBARI, Mymensingh"
5222,TRISHAL MAHILA COLLEGE,trishalmohilacollage@yahoo.com,0903256093,"Trishal Bazar,Trishal,Mymensingh, Mymensingh"
5223,HAZI KASHEM ALI MOHILA DEGREE COLLEGE,hkamdc@yahoo.com,0902875262,"MUKTAGACHA, Mymensingh"
5224,ALTAF GOLONDAJ MAHABIDDALAYA,principalaltafgolaandazcollege@gmail.com,0902556154,"GAFARGAON, Mymensingh"
5225,SONAR BANGLA DEGREE COLLEGE,sbdegreecollege@gmail.com,01309111353,"VILL- BATAJURE, P.O- BATAJURE BAZAAR, P.S: BHALUKA, DIST: MYMENSINGH, Mymensingh"
5226,GABTOLI DEGREE COLLEGE,gabtalidegreecollegemm@gmail.com,x,"VILLAGE : PARULITALA,  P.O : GABTOLI, UPAZILLA : MUKTAGACHA,  ZILLA : MYMENSINGH., Mymensingh"
5227,STATE INSTITUTE OF BUSINESS ADMINISTRATION AND COMPUTER SCIENCE (SIBACS),sibacsmym@gmail.com,01959603064,"12 No. Gonga Das Guho Road (Beside Fire Service), Mymensingh"
5228,"COLLEGE OF BUSINESS, SCIENCE & TECHNOLOGY (CBST)",cbst.2002@gmail.com,09167664,"PONDIT PARA, MYMENSINGH, Mymensingh"
5229,PHULPUR MOHILA DEGREE COLLEGE,phulpurmohilacollege@gmail.com,01712227783,"GODARIA P.O PHULPUR, Mymensingh"
5230,MOMENSHAHI LAW COLLEGE,momenlc75@gmail.com,09151978,"GANGINARPAR MOOR , MYMENSINGH, Mymensingh"
5231,"TEACHERS' EDUCATION COMPLEX, MUKTAGACHA",tecmuk5231@gmail.com,01710067743,"PAYERKANDI, MUKTAGACHA, MYMENSINGH, Mymensingh"
5232,GOVT. TEACHERS' TRAINING COLLEGE (MOHILA),ttcw_mym@yahoo.com,02996661346,"MYMENSINGH, Mymensingh"
5233,GOVT. TEACHERS' TRAINING COLLEGE,ttccomym@gmail.com,09166737,"MYMENSINGH, Mymensingh"
5234,MOMENSHAHI TEACHERS TRAINING COLLEGE,0,,"0, Mymensingh"
5235,INSTITUTE OF LIBRARY AND INFORMATION SCIENCE,ilis_mym95@gmail.com,01729884771,"MUKUL NIKETON HIGH SCHOOL CAMPUS, Mymensingh"
5236,SHILPACHARYA ZAINUL ABEDIN FINE ART INSTITUTE,szafains@gmail.com,01705656669,"Campus: MASKANDA, MYMENSINGH. Public Relation Office: 5/C/A, Zainul Abedin Road, Kanchijuilly, Mymensingh>, Mymensingh"
5237,DHARA ADARSHA DEGREE COLLEGE,dharaadarshadegreecollege@gmail.com,01855686017,"KOYRAHATY DHARA, HALUAGHAT, MYMENSINGH., Mymensingh"
5238,GAFARGAON MOHILA COLLEGE,md.abdulkhalek46@yahoo.com,01717691527,"WARD NO.9,SELASI,,POUROSOVA,GAFARGAON,MYMENSING, Mymensingh"
5239,GOVT. PHYSICAL EDUCATION COLLEGE,mpec_ds@yahoo.com,01936799074,"SATRASHIA, Mymensingh"
5240,SHAHABUDDIN COLLEGE,shahabuddin_college@yahoo.com,01309111517,"VILL+P.O: ASIM, P.S: FULBARIA, DIST: MYMENSINGH., Mymensingh"
5241,SHOMURTA JAHAN MAHILA COLLEGE,sjmcndlmyn@yahoo.com,0902964020,"NANDAIL,MYMENSINGH., Mymensingh"
5242,DHOBAURA MOHILA DEGREE COLLEGE,dmc7255@yahoo.com,0903456162,"BANIKKAPARA,DHOBAURA,MYMENSINGH., Mymensingh"
5243,FULBARIA MOHILA COLLEGE,fulbariamohilacollege@yahoo.com,01716891315,"FULBARIA, Mymensingh"
5244,KHURRAM KHAN CHOWDHURY DEGREE COLLEGE,kkcc112068@gmail.com,0902964105,"BALALABAD P0. MUZZAMPUR DIST. MYMENSINGH, Mymensingh"
5245,CITY INSTITUTE,cityinstitute2012@gmail.com,09163455,"KANCHIJULY, SADAR, MYMENSINGH., Mymensingh"
5246,SHAMBHUGONJ GKP COLLEGE,gkpcollege@gmail.com,01721771656,"SADAR, MYMENSINGH., Mymensingh"
5247,BOWLA COLLEGE,bdc112187@gmail.com,01724192749,"BOWLA, Mymensingh"
5248,HAJI CHERAG ALI DEGREE COLLEGE,hajicheragalidegreecollege@yahoo.com,01715107352,"TRISHAL. MYMENSINGH, Mymensingh"
5249,HALUAGHAT ADARSHA MOHILA COLLEGE,hamc111769@gmail.com,01955194445,"HALUAGHAT BAZAR.POST OFF- HALUAGHAT.HALUAGHAT MYMENSINGH, Mymensingh"
5250,SUPREME LAW COLLEGE,supremelaw.14@gmail.com,01712650091,"SADAR, MYMENSINGH, Mymensingh"
5251,BHALUKA TRISHAL MAITRY COLLEGE,maitry.college@yahoo.com,01712342886,"VILLAGE - GUZIUM(BOGAR BAZAR), P.O- GUZIUM, TRISHAL, MYMENSINGH., Mymensingh"
5252,KESHORGONJ DEGREE COLLEGE,keshorgonjcollege15@gmail.com,01716287729,"VILL-NOWGON, POST-JOGOTGONJ, FULBARIA - MYMENSINGH, Mymensingh"
5253,BRITISH BANGLA INSTITUTE OF MANAGEMENT & TECHNOLOGY,bbimt2016@gmail.com,01956788978,"23, RAMBABU ROAD (OPPOSITE OF VIDYAMOYEE SCHOOL), MYMENSINGH., Mymensingh"
5254,KAORAID GOYESPUR COLLEGE,principalkgcollege@gmail.com,01309111666,"Goyespur, Gafargoan, Mymensingh.,"
5255,METROPOLITAN COLLEGE,collegeofmetropolitan16@gmail.com,09167977,"6/A, GANGADAS GUHA ROAD, SADAR, MYMENSINGH, Mymensingh"
5256,CHANDAPUR COLLEGE,chandapurdegeecollege97@gmail.com,01,"KASHIGANJ BAZAR, TARAKANDA, MYMENSINGH, Mymensingh"
5257,MUSHULI COLLEGE,mushulicollege1995@gmail.com,,","
5258,SHEIKH MUJIB COLLEGE,sheikhmujibcollege134244@gmail.com,01711423855,"Charpara, Tarakanda, Mymensingh,"
5301,GOVT. SAADAT COLLEGE,principalsaadatcollege@yahoo.com,092162559,"VILL+P.O: KARATIA, UPAZILLA+DRISTRICT: TANGAIL, Tangail"
5302,GOVT. M. M. ALI COLLEGE,mm_ali_tangail@yahoo.com,02997753061,"KAGMARI, TANGAIL, Tangail"
5303,GOVT. SYED MOHABBAT ALI COLLEGE,principalsmacollege@gmail.com,01715575635,"DELDUAR, Tangail"
5304,LION NAZRUL ISLAM DEGREE COLLEGE,lnidcollege@yahoo.com,01712553080,"VAYETA-CHOTOBASALIA,GALA,TANGAIL, Tangail"
5306,SHAMSHER FAKIR COLLEGE,c5306@nu.ac.bd,01309114063,"NIKRAIL, Tangail"
5307,GOVT. KUMUDINI COLLEGE,kgc10.tangail@gmail.com,02997752601,"MYMENSHING ROAD, Tangail"
5308,GHATAIL BRAHMANSHASON GOVT. COLLEGE,gbgcollege@yahoo.com,0922556051,"GHATAIL, Tangail"
5309,NAGARPUR GOVT. COLLEGE,nagarpurgovtcollege@yahoo.com,0923373006,"P.O.- TANGAIL, DIST- TANGAIL, Tangail"
5310,GOPALPUR GOVT. COLLEGE,info@gopalpurcollege.edu.bd,0922675020,"GOPALPUR Govt. College, Gopalpur, Tangail., Tangail"
5311,HEMNAGAR COLLEGE,hdc114270@gmail.com,01712182913,"HEMNAGAR,Gopalpur, Tangail., Tangail"
5312,KALIHATI SHAJAHAN SIRAJ COLLEGE,info@kalihaticollege.edu.bd,01714006585,"KALIHATI, TANGAIL., Tangail"
5313,"GOVT. SHAMSUL HAQUE COLLEGE, ELENGA",shc114352@gmail.com,01309114352,"Elenga, Kalihati, Tangail., Tangail"
5314,MIRZAPUR GOVERNMENT COLLEGE,mirzapurcollege1970@gmail.com,0922956011,"MIRZAPUR, Tangail"
5315,ALAUDDIN SIDDIQUI COLLEGE,asic_5315@yahoo.com,01309114353,"Auliabad,kalihati, Tangail, Tangail"
5316,MADHUPUR GOVT. COLLEGE,madhupurcollege@yahoo.com,01309114455,"MOMENSHAHI ROAD, P.O:  MADHUPUR, P.S.: MADHUPUR, DISTRICT: TANGAIL, Tangail"
5317,DHANBARI GOVT. COLLEGE,dhanbaricollege@yahoo.com,092169129,"DHANBARI Pourasadar, Dhanbari, Tangail., Tangail"
5318,ASYA HASAN ALI MOHILA COLLEGE,ahamc1991@gmail.com,01309114454,"DHANBARI, TANGAIL., Tangail"
5319,BASAIL DEGREE COLLEGE,basaildegreecollege@gmail.com,0922256020,"VILL+P.O: BASAIL., Tangail"
5320,IBRAHIM KHAN GOVT. COLLEGE,ekc5320@yahoo.com,0922356253,"BHUAPUR, Tangail"
5321,"GOVERNMENT MUJIB COLLEGE, SAKHIPUR",mujibcollege1972@gmail.com,01309114674,"SAKHIPUR, TANGAIL., Tangail"
5322,MAJ. GEN. MAHMUDUL HASAN ADARSHA COLLEGE,mgmhactg@gmail.com,092163558,"ADALOT ROAD,Tangail Shadar, TANGAIL, Tangail"
5323,NAGARPUR MAHILA COLLEGE,nagarpurmohilacollege@gmail.com,0923373053,"POST: NAGARPUR, UPZILLA: NAGARPUR,DIST:TANGAIL, Tangail"
5324,MOWLANA ABDUL HAMID KHAN BHASANI COLLEGE,mahkbdcollege@gmail.com,01309114106,"ELASHIN,DELDUAR,TANGAIL., Tangail"
5325,MAJ. GEN. MAHMUDUL HASAN DEGREE COLLEGE,mgmhdegcol@gmail.com,01717363256,"ANUHALA, TANGAIL SADAR,TANGAIL, Tangail"
5326,SHAKHIPUR RESIDENTIAL MAHILA COLLEGE,principalsrwc@gmail.com,01705054141,"SAKHIPUR, TANGAIL, Tangail"
5327,LOKMAN FAKIR MAHILA DEGREE COLLEGE,lfmdc5327@gmail.com,01924292620,"BHUAPUR, TANGAIL, Tangail"
5328,GLOBAL INSTITUTE OF INFORMATION TECHNOLOGY,faizul_anam@yahoo.com,63559,"GIIT, KUMUDINI COLLEGE PARA, MYMENSING ROAD, Tangail"
5329,"MAHERUNNESHA MOHILA COLLEGE, GOPALPUR",meherunnesamohilacollege@yahoo.com,01716096248,"AVUNGI, GOPALPUR, TANGAIL, Tangail"
5330,SHAHID ZIA MOHILA COLLEGE,szmcollege@gmail.com,01712706474,"BHUAPUR, TANGAIL, Tangail"
5331,HAJI ABUL HOSSAIN INSTITUTE OF TECHNOLOGY (HABHIT),rakibtangail@gmail.com,092161925,"HOSSAIN COMPLEX, MOSJID ROAD, Tangail"
5332,TANGAIL LAW COLLEGE,khanmkhaled@gmail.com,01727978320,"VICTORIA ROAD, P.O  P.S : TANGAIL, DIST: TANGAIL, Tangail"
5333,TANGAIL TEACHERS' TRAINING COLLEGE,tttc5333@gmail.com,01819999963,"KAGMARI ROAD, COLLEGE PARA, TANGAIL., Tangail"
5334,"B. C. R. G. COLLEGE, PAKUTIA",pakutiacollege@gmail.com,01715113299,"PAKUTIA, Tangail"
5335,SHEHAB UDDIN DEGREE COLLEGE,bhajan_sen@yahoo.com,01715765012,"FALDA, Tangail"
5336,PANCHPOTAL DEGREE COLLEGE,rishanetvubon@yahoo.com,0922856146,"PANCHPOTAL, BAGUA, DHANBARI, TANGAIL, Tangail"
5337,"ARFAN KHAN MEMORIAL COLLEGE, LOWHATI",arfankhan4627@gmail.com,01719645005,"LOWHATI, Tangail"
5338,GOVT. SHEIKH FAZILATUN NESA MUJIB MOHILA COLLEGE,fazilatunnesacollege@yahoo.com,8802997753522,"ZELLA SADER ROAD, TANGAIL, Tangail"
5339,KHANDAKER FAZLUL HAQUE COLLEGE,ahamedf60@yahoo.com,01711150935,"BHENGULA, GOPALPUR, TANGAIL., Tangail"
5340,KHALILUR RAHMAN COLLEGE,krctangail@gmail.com,01720253635,"KHALILUR RAHMAN COLLEGE,NAYAPARA BASHTOIL,PO-BASHTOIL,MIRZAPUR,TANGAIL,, Tangail"
5341,UKHARIABARI COLLEGE,ukhariabaricollege7@gmail.com,01309114453,"UKHARIABARI, Tangail"
5342,HATIA COLLEGE,hatiacst@yahoo.com,0,"HATEA, HATEA RAJABARI, SAKHIPUR, TANGAIL., Tangail"
5343,SHAHID RAUSHAN ALI KHAN COLLEGE,srakcollege@yahoo.com,01309114014,"P.O- FULKY-JANJANIA ,UPA-ZILLA- BASHAIL , DIST.- TANGAIL ., Tangail"
5344,JANATA COLLEGE,janatacollege_72@yahoo.com,01715625485,"TEBARIA,SALIMABAD,NAGARPUR,TANGAIL, Tangail"
5345,LUTFOR RAHMAN MATIN MOHILA DEGREE COLLEGE,c5345@nu.ac.bd,01819982227,"RAJABARI , ELENGA , Kalihati, Tangail, Tangail"
5346,BARACHOWNA KUTUBPUR COLLEGE,bkcollege20@gmail.com,01718814171,"SAKHIPUR, TANGAIL, Tangail"
5347,BHAIGHAT IDEAL COLLEGE,bicdt@yahoo.com,01797412997,"BHAIGHAT, DHANBARI, TANGAIL, Tangail"
5348,RAZABARI COLLEGE,razabaricollege2004@gmail.com,01756813958,"VILL-RAZABARI, Tangail"
5349,MIRZAPUR MOHILA COLLEGE,mmcmirzapurtangail97@gmail.com,0922956437,"MIRZAPUR. TANGAIL, Tangail"
5350,BOALI COLLEGE,boalidegreecollege@gmail.com,01716423636,"BOALI, Tangail"
5351,BRAHMON SHASHON MOHILA COLLEGE,bshahsoncollege@gmail.com,01309114198,"BRAHMON SHASHON, JAHIDGONG, GHATAIL, TANGATI.,"
5352,SHAHEED SHAHED HAZARI COLLEGE,sshazaricollege131690@gmail.com,00,"SATIHATI, KALIHATI, TANGAIL., Tangail"
5353,MAWLANA BHASHANI ADARSHA COLLEGE,mbacsantosh@gmail.com,01732195004,"Santosh,Tangail Sadar,"
5354,SHOLAKURI COLLEGE,,,","
5401,NARSINGDI GOVT. COLLEGE,principalngcollege@yahoo.com,9462438,"BRAHMONDI, NARSINGDI, Narsingdi"
5402,NARSINGDI GOVT. MAHILA COLLEGE,ngmcol@yahoo.com,029462147,"WEST KANDA PARA, Narsingdi"
5403,MADHABDI COLLEGE,madhabdicollege73@gmail.com,029446409,"MADHABDI, NARSINGDI, Narsingdi"
5404,SHAHID ASAD GOVT. COLLEGE,govt.sac@gmail.com,02224488019,"DHANOA, Shibpur, Narsingdi., Narsingdi"
5405,MONOHARDI GOVT. COLLEGE,monohardidegreecollege@gmail.com,029445220,"MONOHARDI, NARSINGDI, Narsingdi"
5406,RAIPURA GOVERNMENT COLLEGE,raipuracollege@gmail.com,01309112817,"RAIPURA,SREERAMPUR,NARSINGDI., Narsingdi"
5407,PORADIA WASIM UDDIN KHAN DEGREE COLLEGE,poradiadegreecollege@yahoo.com,01711160493,"PORADIA,BELABO, NARSINGDI, Narsingdi"
5408,NARAYANPUR RABEYA COLLEGE,nrmcol@gmail.com,01717232562,"VILLAGE & P.O.: NARAYANPUR, Narsingdi"
5409,PALASH SHILPANCHAL GOVERNMENT COLLEGE,palashshilpanchalcollege11@gmail.com,029466386,"PALASH, NARSINGDI., Narsingdi"
5410,HATIRDIA RAZIUDDIN COLLEGE,hatirdiacollege@yahoo.com,01309112657,"HATIRDIA, MONOHARD, NARSINGDI., Narsingdi"
5411,JOYNAGAR COLLEGE,joynagarcollege@gmail.com,01715122697,"JOYNAGAR, Narsingdi"
5412,AFAZ UDDIN  KHAN MOHILA COLLEGE,akmcollege1988@gmail.com,01309112653,"KATABARIA,Monohardi, Narsingdi, Narsingdi"
5413,BARA CHAPA UNION ADARSHA COLLEGE,collegenoanagar@gmail.com,01716384176,"NOANAGAR, Birmaizdia, Monohardi, Narsingdi, Narsingdi"
5414,PANCHKANDI DEGREE COLLEGE,pdcollege952@gmail.com,0,"PANCHKANDI, MONOHARDI, NARSINGDI, Narsingdi"
5415,GHORASHAL MUSA BIN HAKIM DEGREE COLLEGE,gmhdcollege95@yahoo.com,01309112757,"GHORASAL, PALASH, NARSINGDI, Narsingdi"
5416,NARSINGDI SHIKKHAK PROSHIKHAN COLLEGE,0,,"0, Narsingdi"
5417,NARSINGDI LAW COLLEGE,mansuranlc@yahoo.com,01726061060,"VALANAGAR, Narsingdi"
5418,NATIONAL COLLEGE OF EDUCATION,ncen.bd@gmail.com,029452404,"68 Bangobandhu Sharok,Narsingdi Sadar,Narsingdi., Narsingdi"
5419,ABDUL MANNAN BHUIYAN COLLEGE,ambdcdegree@gmail.com,01727399688,"Bhurburia, Shibpur, Narsingdi., Narsingdi"
5420,SHAHID SMRITY DEGREE COLLEGE,sscoch@yahoo.com,01309112759,"CHARSINDUR, PALASH, NARSINGDI, Narsingdi"
5421,BAROICHA COLLEGE,baroichacollege@yahoo.com,01799668961,"VILLAGE-BAROICHA,POST OFFIEC-DEWANER CHAR,UPAZILLA-BELABO,DISTRICT-NARSINGDI., Narsingdi"
5422,SARDAR ASMAT ALI MAHILA COLLEGE,samc3011@gmail.com,01819134255,"VILLAGE- MONOHORDI,POST OFFICE- MONOHORDI, UPAZILLA- MONOHORDI,DISTRICT- NARSINGDI,, Narsingdi"
5423,SABUJ PAHAR COLLEGE,spc112880@gmail.com,01719286801,"KAMARTEK ,CHAITANYA, SHIBPUR , NARSINGDI, Narsingdi"
5424,HAZI ABED ALI COLLEGE,haziabedalicollege@gmail.com,029462683,"2013/1 EAST BRAHMONDI.POST NARSINGDI GOVMENT COLLEGE,Narsingdi, Narsingdi"
5425,BARACHAPA COLLEGE,barachapacollege@gmail.com,01712889688,"BARACHAPA, Narsingdi"
5426,KHIDIRPUR COLLEGE,khidirpurcollege@yahoo.com,01725257698,"VILL+POST: KHIDIRPUR; Upozilla: Monohardi; Dist:Narsingdi, Narsingdi"
5427,GOVT. HOSSAIN ALI COLLEGE,hac.bn2013@gmail.com,01715790353,"BELABO,NARSINGDI, Narsingdi"
5501,BHAWAL BADRE ALAM GOVT. COLLEGE,bbacollege@gmail.com,224423345,"ITAHATA, CHANDONA CHOWRASTA, GAZIPUR, Gazipur"
5502,BHAWAL MIRZAPUR COLLEGE,bmuc2012@gmail.com,01715198803,"BHAWAL MIRZAPUR, Gazipur"
5503,PEAR ALI COLLEGE,principal.padc@gmail.com,01309109422,"MAWNA, SREEPUR, GAZIPUR, Gazipur"
5504,ROVAR POLLY COLLEGE,rpc_89@yahoo.com,00000000,"BAHADURPUR ROVERPALLI. POST.-MIRZAPUR BAZAR,GAZIPUR.1703., Gazipur"
5505,KAZI AZIMUDDIN COLLEGE,k.azimuddincollege@gmail.com,49273097,"JOYDEBPUR  GAZIPUR, Gazipur"
5506,KAPASIA COLLEGE,kapasiadcollege@yahoo.com,0,"VILL: KHODADIA, POST & P.S: KAPASIA, DIST: GAZIPUR, Gazipur"
5507,SREEPUR MUKTIJODDHA RAHMOT ALI GOVT. COLLEGE,sreepurmragovtcollege@gmail.com,0,"SREEPUR, GAZIPUR, Gazipur"
5508,KALIAKOIR DEGREE COLLEGE,kaliakairdegreecollege@gmail.com,0682251677,"VILL- BORDAL, P.O- BALIADI, P.S-KALIAKAIR, DIST-GAZIPUR, Gazipur"
5509,GOVT. KALIGANJ SRAMIK COLLEGE,kaligonj.sramik.college@gmail.com,062351052,"TUMULIA, Gazipur"
5510,JAMALPUR COLLEGE,jc7hsc@gmail.com,01751592226,"JAMALPUR COLLEGE 
POST: Bhawal jamalpur,
THANA: KALIGONJ,
DIST.: GAZIPUR, Gazipur"
5511,TONGI GOVT. COLLEGE,tongigovcollege72@gmail.com,9811149,"AOUCHPARA,COLLEGE GATE,TONGI, GAZIPUR, Gazipur"
5512,GAZIPUR CANTONMENT COLLEGE,gccbof@gmail.com,000000000,"BANGLADESH ORDNANCE FACTORIES, GAZIPUR SADAR, GAZIPUR-1703, Gazipur"
5513,MODEL INSTITUTE OF SCIENCE & TECHNOLOGY,mist_info@yahoo.com,88029205971,"WEST VURULIA,P.O: DUET, GAZIPUR SADAR, Gazipur"
5514,SHAHID TAJUDDIN AHMAD DEGREE COLLEGE,stadcollege@yahoo.com,01309109321,"P.O-BHULESWAR-1743, VIA- BHORMI,,KAPASIA, GAZIPUR, Gazipur"
5515,BORMI COLLEGE,bormicollege1@gmail.com,01190129625,"BORMI, Gazipur"
5516,MIZANUR RAHMAN KHAN DEGREE MOHILA COLLEGE,mrkdmc109420@gmail.com,0682551078,"SREEPUR, GAZIPUR, Gazipur"
5517,SAID ALI INSTITUTE OF SCIENCE & TECHNOLOGY,0,,"0, Gazipur"
5518,JATIR PITA BANGABANDHU GOVT. COLLEGE,jatirpitabbc@gmail.com,01771347474,"CHANDRA, KALIAKAIR, GAZIPUR., Gazipur"
5519,GAZIPUR LAW COLLEGE,lawcollegegazipur@gmail.com,01931358224,"JOYDEBPUR, GAZIPUR, Gazipur"
5520,PUBAIL ADARSHA COLLEGE,pubailcollege@gmail.com,01711151038,"41 NO WORD, PUBAIL, GAZIPUR CITY CORPORATION, GAZIPUR., Gazipur"
5521,GAZIPUR TEACHERS' TRAINING COLLEGE,gttc09@gmail.com,9257097,"KAZI NIBAS, COLLEGE ROAD, OUTPARA, WARD NO-16, Gazipur"
5522,GAZIPUR PHYSICAL EDUCATION COLLEGE,gpec5522@gmail.com,01717377012,"DOGURI, NAYAPARA,, Gazipur"
5523,GAZIPUR GOVT. MOHILA COLLEGE,ggmcgazipur@yahoo.com,49273052,"COLLEGE ROAD, JOYDEBPUR, GAZIPUR, Gazipur"
5524,BARAIBARI ADARSHA DEGREE COLLEGE,baraibariac@gmail.com,01309109111,"BARAI BARI, Gazipur"
5525,ABDUL AWAL COLLEGE,awalcollege@gmail.com,01715535010,"VILLAGE: ABDER, POST: TELEHATY, UPAZILA: SREEPUR, DIST:GAZIPUR-1740, Gazipur"
5526,BGIFT INSTITUTE OF SCIENCE AND TECHNOLOGY (BIST),deluwar.principal@gmail.com,029262445,"CHANDANA, CHOWRASTA,GAZIPUR CITY CORPORATION,GAZPUR-1702 Bangladesh, Gazipur"
5527,GAZIPUR CENTRAL PUBLIC MANAGEMENT INSTITUTE,gcpc131217@gmail.com,01776371675,"D-187, KABI NUZRUL SARANI, JOYDEBPUR,GAZIPUR, Gazipur"
5528,KONABARI DEGREE COLLEGE,konabaridegreecollege@yahoo.com,01309109037,"8 No. Ward, Konabari, Gazipur City Corporation, Gazipur"
5529,BANGATAJ COLLEGE,bangatajcollege@yahoo.com,01768728288,"KHIRATI, KAPASIA. GAZIPUR, Gazipur"
5530,BANGLADESH MADRASA TEACHERS' TRAINING INSTITUTE,bmtti.gov.bd@gmail.com,9291537,"BOARD BAZAR, GAZIPUR, Gazipur"
5531,SHARIF MOMTAJ UDDIN AHMED DEGREE COLLEGE,sma.college@gmail.com,01711932419,"TOKE NAYAN BAZAR, KAPASIA. GAZIPUR, Gazipur"
5532,MUKTIJODDHA COLLEGE,principal.mcg2003@gmail.com,01709047896,"Bhabanipur, Bhawalgarh, Sadar, Gazipur., Gazipur"
5533,DHALADIA DEGREE COLLEGE,dhaladiacollege.edu@gmail.com,9201405,"VILL-DHALADIA P.O-BHAWAL RAJABARI, SREEPUR, GAZIPUR., Gazipur"
5534,KALIGONJ MOHILA DEGREE COLLEGE,kaligonj.mohilacollege@gmail.com,0682351206,"KALIGONG, Gazipur"
5535,GAZIPUR LIBRARY SCIENCE & PROFESSIONAL INSTITUTE,glspi366@gmail.com,01916688633,"TANGIL ROAD, CHANDANA CHOWRASTA, Gazipur"
5536,GAZIPUR CITY INSTITUTE,gazipurcityinstitute16@gmail.com,01718569985,"GAZIPUR CITY CORPORATION, GAZIPUR,"
5537,GAZIPUR MATROPOLITAN INSTITUTE (GMI),gmigazipur@gmail.com,01518420772,"D-185/1, Kabi Nazrul Sharoni, Joor Pukor, Joydebpur, Gazipur.,"
5601,GOVT. TOLARAM COLLEGE,info@tolaramcollege.edu.bd,7632666,"ALLAH MA IQBAL ROAD, NARAYANGANJ, Narayanganj"
5602,NARAYANGANJ MAHILA COLLEGE,ngmcedu@gmail.com,7632008,"261, B. B. ROAD, CHASHARA, NARAYANGANJ, Narayanganj"
5603,NARAYANGANJ COLLEGE,narayanganjcollege1980@gmail.com,027632775,"16 SIRAJDULLA ROAD, NARAYANGANJ., Narayanganj"
5604,GOVT. SAFAR ALI COLLEGE,gsacarai@gmail.com,027654049,"ARAIHAZAR, Narayanganj"
5605,SONARGAON GOVT. COLLEGE,SONARGAONCOLLEGE5605@YAHOO.COM,01819185716,"Mograpara, Baranagar-1441, sonargaon, Narayanganj., Narayanganj"
5606,GOVT. MURAPARA COLLEGE,muraparacollege.rupgonj@gmail.com,01309112535,"P/O: MURAPARA, Narayanganj"
5607,SONARGAON KAZI FAZLUL HAQUE WOMENS COLLEGE,sonargaonkfhwcollege@gmail.com,01309112370,"VILL- BARIMOJLISH,POST-BARANAGAR,THANA-SONARGAON, DIST.-NARAYANGANJ., Narayanganj"
5608,SALIMUDDIN CHOWDHURY COLLEGE,scdc1994@gmail.com,01711062097,"PO.KANCHAN, UPAZILA: RUPGANJ, DIST. NARAYAGANJ., Narayanganj"
5609,HAJEE BALAYET HOSSION COLLEGE,hbhdc94@gmail.com,01722022277,"UCHITPURA.araihaza, n.gonj, Narayanganj"
5610,ROKANUDDIN MOLLA GIRLS' COLLEGE,rmgirlscollege@yahoo.com,01711023371,"CHOTTO BAROIPARA, ARAIHAZARA, NARAYANGONJ., Narayanganj"
5611,HAZI MISIR ALI DEGREE COLLEGE,hmdc2555@yahoo.com,7696876,"DELPARA, KUTUBPUR, FATULLA, NARAYANGANJ., Narayanganj"
5612,NAZIMUDDIN BHUIYAN COLLEGE,nubc1995@yahoo.com,01819127815,"MADANPUR, BANDAR, NARAYANGONJ-1411, Narayanganj"
5613,NARAYANGANJ LAW COLLEGE,narayanganjlawcollege@yahoo.com,01977791197,"15 NO. NOWAB SOLIMULLA ROAD, Narayanganj"
5614,BANGLADESH COLLEGE OF PHYSICAL EDUCATION,bcpe5614@yahoo.com,01711661514,"PUBERGAON, ATLAPUR BAZAR, Narayanganj"
5615,NARAYANGANJ FINE ART INSTITUTE,njfineartinst@gmail.com,7642034,"MOMOTAJ BEGUM ROAD(DEOBHOG,PAKKA ROAD, NARAYANGANJ, Narayanganj"
5616,GOVT. KADAM RASUL DEGREE COLLEGE,kadamrasulcollage@gmail.com,027661200,"GOVT. KADAM RASUL COLLEGE, BANDAR, NARAYANGANJ, Narayanganj"
5617,FATIMA RAHMAN TEACHERS' TRAINING COLLEGE,fatimarfoundation@gmail.com,7691685,"CHITTAGONGROAD, Narayanganj"
5618,HOSSAINPUR S.P. UNION COLLEGE,hossainpurcollege@yahoo.com,01818058106,"VILL: HOSSAINPUR, P.O.: HOSSAINPUR,Sonargaon,Narayanganj., Narayanganj"
5619,BANGLADESH INSTITUTE OF BUSINESS & TECHNOLOGY (BIBT),bibtbd@yahoo.com,7641273,"2/4, Allama Iqbal Road (Near by Tolaram college), Chashara, Narayanganj"
5620,COLLEGE OF TECHNOLOGY (COT),info.edu1997@gmail.com,7646447,"Chanmari, Fatullah, Dhaka-Narayanganj Link Road, Narayanganj, Narayanganj"
5621,PANCHRUKHI BEGUM ANOWARA COLLEGE,principalpba@gmail.com,01712735975,"P.O-PANCHRUKHI ,P.S-ARAIHAZAR,DIST-NARAYANGANJ, Narayanganj"
5622,SHANARPAR ROWSHAN ARA COLLEGE,rowshanaracollege7@gmail.com,01309112476,"POST: SHANARPAR-1361, THANA: SIDDHIRGONJ, DIST: NARAYANGONJ., Narayanganj"
5623,GOPALDI NAZRUL ISLAM BABU COLLEGE,gnibcollege@gmail.com,01309134245,"GOPALDI, ARAIHAZAR, NARAYANGANJ,"
5701,GOVT. HARAGANGA COLLEGE,govt.haragangacollege@yahoo.com,8802997731174,"COLLEGE ROAD, MUNSHIGANJ SADAR, MUNSHIGANJ., Munshiganj"
5702,GOVT. SREENAGAR COLLEGE,sreenagargovt1970@yahoo.com,02997733755,"SREENAGAR, MUNSHIGANJ, Munshiganj"
5703,GOVT. BIKRAMPUR K. B. COLLEGE,bkbcollege1970@yahoo.com,01309111200,"ICCHAPURA, SIRAJDIKHAN, MUNSHIGINJ, Munshiganj"
5704,GAJARIA GOVT. COLLEGE,ggc.munshiganj@gmail.com,01673706478,"GAJARIA, MUNSHIGANJ., Munshiganj"
5705,BIKRAMPUR ADARSHA COLLEGE,backuchiamora@yahoo.com,01309111201,"KUCHIAMORA, Munshiganj"
5706,ADARSHA MAHABIDDALAYA,adarshadegreecollege123@yahoo.com,01912646224,"KHARRA, CHURAIN, SREENAGAR, MUNSHIGAN, Munshiganj"
5707,MUNSHIGANJ LAW COLLEGE,munshigonjlawcollege@gmail.com,01911049763,"VILLEGE- MIDDLE COAT GOEN, Munshiganj"
5708,GOVT. LOHAJANG MAHABIDHALAYA,lohajangcollege@yahoo.com,7625005,"BARANOWPARA, Munshiganj"
5709,RAMPAL COLLEGE,rcollege00@gmail.com,027612608,"RAMPAL-1501, Munshiganj Sadar, Munshiganj, Munshiganj"
5710,GAZARIA KALIMULLAH COLLEGE,kalimullahcollege@gmail.com,01819162876,"BHABER CHAR, GAZARIA, MUNSHIGONJ, Munshiganj"
5711,MIRKADIM HAJI AMJAD ALI COLLEGE,mirkadimcollage@yahoo.com,7612320,"ANAYET NAGAR, MIRKADIM, Munshiganj"
5712,MALKHANAGAR COLLEGE,malkhanagarcollege@gmail.com,01309134590,"MALKHANAGAR, Munshiganj"
5713,BIKRAMPUR TONGIBARI GOVERNMENT COLLEGE,bikrampurtongibaridegreecollege@yahoo.com,027618040,"Rangmeher,Tongibari,Munshiganj., Munshiganj"
5714,ALI ASGAR AND ABDULLAH DEGREE COLLEGE,aacollege95@yahoo.com,01711289637,"GOPALPUR(HAJRATPUR), Munshiganj"
5801,GOVT. DEBENDRA COLLEGE,debendracollege@yahoo.com,996610404,"MANIKGANJ, Manikganj"
5802,MANIKGANJ MAHILA COLLEGE,govtmohilacollege@yahoo.com,02996610366,"SHAHID RAFIQ ROAD, MANIKGONJ., Manikganj"
5803,MOTILAL COLLEGE,dha110905@yahoo.com,01711157884,"Vill:Chakmirpur,P.O+Upazilla:DAULATPUR, Dist:MANIKGANJ, Manikganj"
5804,TALUKNAGAR COLLEGE,tnc_edu@yahoo.com,01714772632,"VILL:TALUKNAGAR,P.O: TALUKNAGAR,Upozilla :Daulatpur,Dist:Manikgonj, Manikganj"
5805,SINGAIR GOVT. COLLEGE,singaircollege@gmail.com,7717015,"P.O:SINGAIR, P.S: Singair, District: Manikganj-1820., Manikganj"
5806,GHIOR GOVT. COLLEGE,ghiorgov.college@yahoo.com,02996627013,"GHIOR, MANIKGANJ., Manikganj"
5807,TEROSREE COLLEGE,terosreecollege5807@gmail.com,0716367692,"TEROSREE, P.O.-Terosree,P.S.-Ghior, District-Manikganj., Manikganj"
5808,M. A. RAUF COLLEGE,roufcollege@yahoo.com,01720203003,"Village : Kowri, POST: CHALA, UNION: GALA, PS: Harirampur, Dist: Manikgonj, Manikganj"
5809,MAHADEBPUR UNION GOVT. COLLEGE,principalmudc1972@Gmail.com,01721303531,"BARANGAIL,SHIBALAYA,MANIKGANJ, Manikganj"
5810,"VIKU MEMO. GOVT. COLLEGE, DARGRAM",viku.college@yahoo.com,01309111025,"DARGRAM. saturia, Manikganj, Manikganj"
5812,KHAN BAHADUR AWLAD HOSSAIN KHAN COLLEGE,khanbahadur_college@yahoo.com,02996610681,"PORRA, MANIKGANJ SADAR, MANIKGANJ., Manikganj"
5813,GARPARA HAFIZUDDIN MEMORIAL DEGREE COLLEGE,0,,"0, Manikganj"
5814,ADARSHA MAHABIDDALAYA,admk4050@gmail.com,01309111002,"P.O BALIRTEK, UP Zelaa- Manikganj. Dist- Manikganj, Manikganj"
5815,JHITKA KHAJA RAHMAT ALI DEGREE COLLEGE,jhitkakhajacoll@yahoo.com,027729003,"BASUDEBPUR, JHITKA, HARIRAMPUR, MANIKGANJ, Manikganj"
5816,BEGUM JARINA COLLEGE,begumjarina.college@yahoo.com,027710768,"WEST DASHORA, MANIKGANJ., Manikganj"
5817,SATURIA SYED KALU SHAH COLLEGE,kalushahcollege.saturia@gmail.com,027725054,"SATURIA, Manikganj"
5818,KHONDOKAR NURUL HOSSAIN LAW ACADEMY,knhla5818@gmail.com,01811196239,"SHAHID SARONI ROAD, MANIKGANJ, Manikganj"
5819,IDEAL TEACHERS' TRAINING COLLEGE,ideal_ttcollege@yahoo.com,01716364548,"MANIKGANJ SADAR, MANIKGANJ., Manikganj"
5820,BICHARPATI NURUL ISLAM DEGREE COLLEGE,bndcollege@yahoo.com,027728072,"JATRAPUR, Manikganj"
5821,SHIBALAYA SADARUDDIN DEGREE COLLEGE,ssdc777@yahoo.com,027716126,"SHIBALAYA, Manikganj"
5822,BACHAMARA BAGUTIA CHARKATARY ( B B C) COLLEGE,bbccollegebachamara@gmail.com,01716046162,"VILL:BACHAMARA,P.O:BACHAMARA,UPAZILLA:DAULATPUR,DIST:MANIKGANJ,"
5823,RAJIBPUR ADARSHA COLLEGE,rac111003@gmail.com,01309111003,"KRISHNAPUR, MANIKGANJ., Manikganj"
5824,BAIRA COLLEGE,bairacollege@gmail.com,01309111085,"Baira, Singair, Manikganj -1821., Manikganj"
5901,RAJBARI GOVT. COLLEGE,rajbarigovt.college@yahoo.com,064165547,"RAJBARI SADAR, RAJBARI, Rajbari"
5902,GOVT. GOALONDA KAMRUL ISLAM COLLEGE,gkicollege@yahoo.com,0642356181,"VILL: UTTAR UJANCHAR, P.O.: GOALONDA, Rajbari"
5903,RAJBARI GOVT. ADARSHA MAHILA COLLEGE,rgamc_rajbari@yahoo.com,064165283,"SAJJANKANDA, Rajbari"
5904,BALIAKANDI GOVT. COLLEGE,bkndcoll@gmail.com,0642256016,"VILL: ELISHKOL,POLICE STATION/POST: BALIAKANDI,DISTRICT: RAJBARI., Rajbari"
5905,PANGSHA GOVT. COLLEGE,pangsacollege@gmail.com,0642475007,"PANGSA, RAJBARI, Rajbari"
5906,MACHHPARA COLLEGE,mdcbd.1986@gmail.com,01309113418,"MACHPARA, PO - RAMKOL,RAJBARI, Rajbari"
5907,MRIGI SHAHEED DIANAT COLLEGE,msdcollege1988@gmail.com,01711464656,"PO:MRIGI BAZAR,UP:KALUKHALI,DIST:RAJBARI, Rajbari"
5908,KALUKHALI GOVT. COLLEGE,kalukhalicollege@gmail.com,01720598881,"RATANDIA, KALUKHALI, RAJBARI., Rajbari"
5909,MIR MOSHAROF HOSSAIN COLLEGE,mircollege10@gmail.com,01712086415,"SONAPUR, BALIAKANDI, RAJBARI., Rajbari"
5910,MAJHBARI JAHANARA BEGUM COLLEGE,majbarijahanarabegumcollege@gmail.com,01718159099,"MAJBARI, KALUKHALI , RAJBARI, Rajbari"
5911,MUNSUR ALI COLLEGE,mac95baliraj@yahoo.com,01713524714,"VILLAGE :BAKSHADANGI,POST :NARUA UPAZILLA : BALIAKANDI, ZILLA : RAJBARI, Rajbari"
5912,DR. ABUL HOSSAIN COLLEGE,dr.abulhossaincollege@yahoo.com,064165814,"VILL-SAJJANKANDA,POST-RAJBARI DIST-RAJBARI, Rajbari"
5913,RAJBARI TEACHERS' TRAINING COLLEGE,rajbarittc2001@yahoo.com,01716258970,"SOUTH BHABANIPUR, RAJBARI, Rajbari"
5914,MOHILA COLLEGE,pangshamohilacollege@yahoo.com,01712963982,"MAGURADANGI, PANGSHA, Rajbari"
5915,RABEYA IDRIS MAHILA COLLEGE,rimcollege1999@gmail.com,0642356373,"NASARUDDIN SARDER PARA, Rajbari"
5916,DR. KAZI MOTAHAR HOSSAIN COLLEGE,drcollegehabashpur@gmail.com,01798255554,"HABASHPUR, Pangsha, Rajbari., Rajbari"
5917,ALHAZ AMZAD HOSSAIN DEGREE COLLEGE,aahc94@gmail.com,01912427472,"KASHBAMAJAIL, Rajbari"
5920,JAMALPUR COLLEGE,jamalpurcollege1998@gmail.com,01716360525,"VILL: DANGAHATIMOHON,PST: NALIA,UPZILLA:BALIAKANDI,ZILLA:RAJBARI., Rajbari"
5921,BAHARPUR COLLEGE,baharpurcollege@yahoo.com,01716487238,"VILL. & POST- BAHARPUR, PS- BALIAKANDI, Rajbari"
5922,JATIR JANAK BANGABANDHU GOVT. COLLEGE,nabiulbbc@gmail.com,01719761857,"BAHALADANGA, PREMTIA, PANGSHA, RAJBARI, Rajbari"
6001,GOVT. RAJENDRA COLLEGE,rajendracollege@yahoo.com,02478803028,"FARIDPUR, Faridpur"
6002,GOVT. SARDA SUNDARI MAHILA COLLEGE,govtsaradasundari@gmail.com,063162491,"JHILTULI, Faridpur"
6003,GOVT. YASIN COLLEGE,yasincollege@yahoo.com,063162640,"TAPAKHOLA, Faridpur"
6004,CHARBHADRASAN GOVT. COLLEGE,cgcfaridpur@gmail.com,01309108728,"charbhadrasan govt.college.CHARBHADRASAN, FARIDPUR, Faridpur"
6005,GOVT. KAZI MAHBUBLLAH(K.M) COLLEGE,6005kmcbd@gmail.com,0632356130,"Bhanga Thana Road,Bhanga,Faridpur, Faridpur"
6006,NAGARKANDA COLLEGE,gnmprincipal@gmail.com,01676737898,"GOVERNMENT NAGARKANDA COLLEGE, NAGARKANDA, FARIDPUR, 7840., Faridpur"
6007,BOALMARI GOVT. COLLEGE,boalmaricollege@gmail.com,0632456110,"Kamargram, Boalmari, Faridpur., Faridpur"
6008,KADIRDI DEGREE COLLEGE,esharatkdc@yahoo.com,01713525105,"VILLAGE+POST: KADIRDI, Faridpur"
6009,ALFADANGA ADARSHA COLLEGE,principal.aac1992@gmail.com,063256105,"KAMARGRAM, ALFADANGA, FARIDPUR, Faridpur"
6010,ALFADANGA GOVT. COLLEGE,principal@alfadangacollege.edu.bd,0632256096,"ALFADANGA , FARIDPUR, Faridpur"
6011,GOVT. BIRSRESTHA ABDUR ROUF COLLEGE,pbarcollegekam@gmail.com,01716853442,"POST: KAMARKHALI, THANA: MADHUKHALI, DISTRICT: FARIDPUR, Faridpur"
6012,GOVT. AINUDDIN COLLEGE,prin_gacoll@yahoo.com,0632656068,"Madhukhali, Faridpur- 7850, Faridpur"
6013,SADARPUR GOVT. COLLEGE,sadarpurcollege@gmail.com,0632875239,"SADARPUR, FARIDPUR., Faridpur"
6014,KAZI SHIRAJUL ISLAM MOHILA COLLEGE,ksimohilacollege@yahoo.com,0632456262,"BOALMARI, Faridpur"
6015,NABOKAM PALLY COLLEGE,nkpcollege@gmail.com,01712614704,"JADUNANDI, Faridpur"
6016,BHANGA MOHILA COLLEGE,bmdc1997@yahoo.com,0632356497,"BHANGA, FARIDPUR., Faridpur"
6017,FARIDPUR LAW COLLEGE,faridpurlawcollege@gmail.com,063165303,"JHILTULY, SOUTH KALIBARI, COLLEGE RODE, FARIDPUR, Faridpur"
6018,FARIDPUR CITY COLLEGE,faridpurcityc@gmail.com,063164909,"STATION ROAD FARIDPUR, Faridpur"
6019,J. M. MODEL TEACHERS' TRAINING COLLEGE,jmmodelttc@gmail.com,01711728913,"VILL: WEST KHABASPUR, Faridpur"
6020,SUNFLOWER TEACHERS' TRAINING COLLEGE,sunflowerttcfaridpur6020@gmail.com,063161687,"2 NO SAROK WEST GOALCHAMOT, Faridpur"
6021,GOVT. TEACHERS' TRAINING COLLEGE,ttcfarid@hotmail.com,02478803303,"FARIDPUR SADAR, FARIDPUR, Faridpur"
6022,ENGINEER KHANDAKER MOSHARRAF HOSSAIN COLLEGE,ekmhcf@gmail.com,00,"GOALCHAMOT, FARIDPUR, Faridpur"
6023,HAZI ABDUR RAHMAN ABDUL KARIM COLLEGE,principalhajicollege@gmail.com,01309108856,"KURANEARCHAR, NOAPARA,, Faridpur"
6024,AKHCHASI MAHILA DEGREE COLLEGE,akhchasimahiladegreecollege@gmail.com,01960690026,"MADHUKHALI, FARIDPUR, Faridpur"
6025,BANGABANDHU GOVT. COLLEGE,bbcollege.kharsuti@gmail.com,01718060408,"village- Kharsuti, Post- Kharsuti, Upazila- Boalmari, District- Faridpur, Faridpur"
6026,MAHILA COLLEGE,mcsadarpur@yahoo.com,01716062865,"Sadarpur, Fardipur, Bangladesh, Faridpur"
6027,ALHAJ ABDUL KHALEQUE COLLEGE,aakdcf@gmail.com,063161370,"Khaleque Chairmaner Baza, P.S: Khaleque Chairmaner Baza, Up zilla: Faridpur Sadar, Dis: Faridpur., Faridpur"
6101,GOVT. BANGABANDHU COLLEGE,bangabandhucollege@yahoo.com,02478821654,"GOVT. BANGABANDHU COLLEGEGopalgonj,, Gopalgonj"
6102,SK. FAZILATUNNESSA MAHILA COLLEGE,skfm_gov@yahoo.com,026685356,"62, SISUBAN ROAD, GOPALGONJ, Gopalgonj"
6103,"GOVT. NAZRUL COLLEGE, SATPAR",nazrulcollege@gmail.com,01758837988,"SATPAR.Gopalgang., Gopalgonj"
6104,"BANGA RATNA COLLEGE, GOPALGANJ",bangaratnacollege@gmail.com,01715290929,"VILL: KALIGRAM, POST: JALIRPAR, Gopalgonj"
6105,GOVT. MUKSUDPUR COLLEGE,principalmuksudpurcollege@yahoo.com,0665456222,"GOPINATHPUR, Gopalgonj"
6106,SK. LUTFAR RAHMAN ADARSHA GOVT. COLLEGE,kslragc109591@yahoo.com,026651210,"KOTALIPARA,GOPALGONJ, Gopalgonj"
6107,"KAZI MANTU COLLEGE, BHANGARHAT",kazimontucollege@yahoo.com,01712840187,"BHANGARHAT, KOTALIPARA, GOPALGONJ, Gopalgonj"
6108,M. A. KHALEQ COLLEGE,khalequecollege@gmail.com,0665256327,"KASHIANI, Gopalgonj"
6109,JOYNAGAR YAR ALI KHAN DEGREE COLLEGE,yaralikhancollege@yahoo.com,01717548477,"POST: JONASUR, UPZILLA: KASHIANI, DIST: GOPALGONJ., Gopalgonj"
6110,RAMDIA GOVT. SREEKRISHNA COLLEGE,skcollege.1942@yahoo.com,01729796872,"RAMDIA, Gopalgonj"
6111,GOVT. SHEIKH MUJIBUR RAHMAN COLLEGE,gov.skmujibcollege@yahoo.com,2478856265,"Tungiapra, Gopalganj., Gopalgonj"
6112,KAZI MANTU COLLEGE,0,,"0, Gopalgonj"
6113,RAJPAT COLLEGE,rajpat.college@gmail.com,01734012183,"RAJPAT,KASHIANI,GOPALGANJ., Gopalgonj"
6114,LALMIA CITY COLLEGE,addakha_hajilalmia@yahoo.com,01309109482,"LALMIA CITY COLLEGE,GOPALGONJ SADAR, GOPALGONJP.O-GOPALGANJ,P.S.-GOPALGANJ,DIST-GOPALGANJ, Gopalgonj"
6115,M. H. KHAN DEGREE COLLEGE,mhkcollege6115@gmail.com,01779397255,"P.O- ULPUR, GOPALGONJ, Gopalgonj"
6116,SHEIKH FAZLUL KARIM SELIM LAW COLLEGE,deshcomputerit@gmail.com,01733520467,"THANA PARA, Gopalgonj"
6117,M A ROUF TEACHERS' TRAINING COLLEGE,m.arttc@yahoo.com,026685008,"62 HIRABARI ROAD, GOPALGANJ, Gopalgonj"
6118,SABIRA ROUF PHYSICAL EDUCATION COLLEGE,0,,"0, Gopalgonj"
6119,DR. IMDADUL HUQ MEMORIAL COLLEGE,dr.imdadulhmdcollege5@gmail.com,01716574181,"BASHBARIA, Bashbaria bandar,Tungipara, Gopalgonj, Gopalgonj"
6120,N. HAQUE COLLEGE OF BUSINESS & TECHNOLOGY (NCBT),nhaquecollege@gmail.com,026681144,"MANIKDAH, Gopalgonj"
6121,GOVT. SHEIKH RASEL COLLEGE,s.raselcollege@gmail.com,01724238698,"HIJOLBARI, Gopalgonj"
6122,RAMSHIL COLLEGE,info@ramshilcollege.edu.bd,01715935635,"RAMSHIL, Kotalipara, Gopalganj, Gopalgonj"
6123,UJANI B.K.B UNION DEGREE COLLEGE,ujanibkbunioncollege109653@gmail.com,01712294229,"VILLAGE: UJANI, POST: UJANI, UPAZILA: MUKSUDPUR, DISTRICT: GOPALGANJ., Gopalgonj"
6124,SHEIKH HASINA ADARSHA MAHABIDYALAYA,shambd97@gmail.com,01733188366,"P.O: Kandi, Upazila: Kotalipara, Dist: Gopalgonj, Gopalgonj"
6201,JATIR PITA BANGABANDHU SHEIKH MUJIBUR RAHMAN COLLEGE,shariatpurgovcollege@yahoo.com,060161676,"Dhanuka, Palong, Shariatpur., Shariatpur"
6202,NARIA GOVT. COLLEGE,nariagovernmentcollege@yahoo.com,060159132,"NARIA SADAR, NARIA, SHARIATPUR., Shariatpur"
6203,"GOVT. M. A. REZA COLLEGE, BHEDERGANJ",mareza_college@yahoo.com,0602256126,"BHEDERGANJ, Shariatpur"
6204,"GOVT. PURBO MADARIPUR COLLEGE, DAMUDYA",pmc.damu@yahoo.com,01720646876,"P.O- DAMUDYA., Shariatpur"
6205,JAZIRA COLLEGE,jajiracollege@gmail.com,0602756022,"VILL: DOKHIN BAIKSHA, POST: JAZIRA.DIST: SHARIATPUR., Shariatpur"
6206,HAZI SHARIATULLAH COLLEGE,hazishariatullahcollege94@yahoo.com,01716345212,"SAKHIPUR,BHADERGONJ,SHARIATPUR., Shariatpur"
6207,DR. MOSLEM UDDIN KHAN COLLEGE,dr.mukdc2019@gmail.com,01731306715,"JOYNAGAR, JAZIRA, SHARIATPUR, Shariatpur"
6208,BHOJESWAR UPASY MAHABIDDALAYA,bhojeswarupashicollage89@gmail.com,060155536,"UPASHI, Shariatpur"
6209,GOVT. SHAMSUR RAHMAN COLLEGE,srcollege.ghat@gmail.com,0602475026,"DASHARJONGLE, Shariatpur"
6210,GOVT. B.K. NAGAR BANGABANDHU COLLEGE,bknagarbangabandhucollege@gmail.com,01713592723,"B.K. NAGAR, Shariatpur"
6211,SIRAJ SIKDER COLLEGE,sssc.degree@yahoo.com,01309113528,"D.M.KHALI, Shariatpur"
6212,GOVT. GOLAM HAIDER KHAN MOHILA COLLEGE,ghkm.college.113646@gmail.com,060161440,"PALONG,SHARIATPUR SADAR, Shariatpur"
6301,MADARIPUR GOVT. COLLEGE,gnc_edu@yahoo.com,066161524,"MADARIPUR, Madaripur"
6302,MADARIPUR GOVT. SUFIA MAHILA COLLEGE,govt.sufia@gmail.com,02478810681,"DAGHA SHARIF ROAD, MADARIPUR, Madaripur"
6303,CHARMUGURIA COLLEGE,charmugria_college@yahoo.com,01718016365,"CHARMUGRIA, NEW TOWN, MADARIPUR, Madaripur"
6304,BORHAMGANJ GOVT. COLLEGE,govbgcollege@gmail.com,0662456107,"GOATOLA, post: borhamganj,ps: shibchar, Dist: madaripur., Madaripur"
6305,SYED ABUL HOSSAIN COLLEGE,ksahc@yahoo.com,0662256109,"PANGASHIA, Madaripur"
6306,"SHAHID SMRITI COLLEGE, SASHIKAR",shaheedsmrity660@gmail.com,01930893747,"SASHIKAR,KALKINI,MADARIPUR, Madaripur"
6307,GOVT. RAJOIR COLLEGE,rajoircollege@yahoo.com,0662356106,"Govt.Rajoir Degree College, Madaripur"
6308,RIZIA BEGUM MAHILA COLLEGE,riziabegummohilacollege@gmail.com,01679024494,"SHIBCHAR, MADARIPUR., Madaripur"
6309,NURUL AMIN DEGREE COLLEGE,nurulamincollege.degree@gmail.com,01703228122,"UMEDPUR, shibchar,madaripur, Madaripur"
6310,BANGABANDHU LAW COLLEGE,masudfiroge@ymail.com,01718290526,"NEW TOWN, MADARIPUR, Madaripur"
6311,MADARIPUR TEACHERS' TRAINING COLLEGE,bedcollegemadaripur@gmail.com,01234567891,"MADARIPUR, Madaripur"
6312,SHAHEBRAMPUR KABI NAZRUL ISLAM COLLEGE,sknicollege@gmail.com,01713545678,"SHAHEBRAMPUR, KALKINI, MADARIPUR., Madaripur"
6313,ABCK SYED ABUL HOSSAIN COLLEGE,mr.tareq99@yahoo.com,066161913,"DATTA KANDUA, Madaripur"
6314,ELIAS AHMED CHOWDHURY COLLEGE,prin.eliasahmedchowdhurycollege@gmail.com,01716377296,"DATTAPARA, SHIBCHAR, MADARIPUR., Madaripur"
6315,GOVT. SHEIKH HASINA ACADEMY & WOMEN'S COLLEGE,shakehasinacollege@gmail.com,01309110719,"DASAR, KALKINI, MADARIPUR, Madaripur"
6316,SYED ABUL HOSSAIN COLLEGE,sahcktmadaripur1989@gmail.com,01309110787,"KHOAJPUR TAKERHAT,MADARIPUR., Madaripur"
6317,D.K. IDEAL SYED ATAHAR ALI ACADEMY AND COLLEGE,dkidealcollege@yahoo.com,01708436060,"Vill., Post office & Thana-Dashar, Dist-Madaripur., Madaripur"
6318,KABIRAJPUR SAIFUDDIN DEGREE COLLEGE,kscollege1994@gmail.com,01715256884,"KABIRAJPUR, RAJOIR,MADARIPUR, Madaripur"
6319,ELIAS AHMED CHOWDHURY DEGREE COLLEGE,0,,"0, Madaripur"
6320,CHILARCHAR BALIKANDI SHEIKH FAZILATUNNESA MUJIB COLLEGE,chilarcharbsfmcollage@gmail.com,01724796269,"CHILARCHAR, MADARIPUR, Madaripur"
6321,SHEIKH RASEL GOVT. COLLEGE,collegesheikhrasel@gmail.com,01731311367,"P.O:LUNDI, P.S:RAJOIR, DIST:MADARIPUR., Madaripur"
6322,INSTITUTE OF LIBRARY  AND INFORMATION SCIENCE,s985855@yahoo.com,066161470,"NEW TOWN, MADARIPUR-7900, Madaripur"
6323,BEER MUKTIJODDHA SHAJAHAN KHAN COLLEGE,bmskcollege@gmail.com,01716364290,"Mostafapur, Madaripur, Madaripur"
6401,SAVAR GOVT. COLLEGE,savarcollege6401@gmail.com,027748633,"SAVAR, DHAKA, Dhaka"
6402,DHAMRAI GOVT. COLLEGE,pdgc_1972@yahoo.com,027730050,"DHAMRAI (Thana Road), Dhamrai, Dhaka, Dhaka"
6403,NABOJUG COLLEGE,nabojugcollege@yahoo.com,01711518898,"KUSHURA, Dhaka"
6404,JOYPARA COLLEGE,joyparacollege@yahoo.com,01309108010,"JOYPARA, DOHAR, DHAKA-1330., Dhaka"
6405,GOVT. DOHAR NAWABGANJ COLLEGE,dncollege1320@gmail.com,01309108318,"SHAMSABAD, NAWABGANJ, DHAKA-1320, Dhaka"
6406,"ISPAHANI COLLEGE, RAMERKANDA",ispahanicollegeramerkanda111@yahoo.com,7766400,"RAMERKANDA, ROHITPUR, Keraniganj, Dhaka ., Dhaka"
6407,KERANIGANJ MAHILA COLLEGE,principal.kmc.keranigonj@gmail.com,7761123,"AMBAGICHA, KERANIGANJ,  DHAKA, Dhaka"
6408,DHAKA CITY COLLEGE,dhakacitycollege6408@gmail.com,223364118,"ROAD#02, DHANMONDI, DHAKA-1205, Dhaka"
6409,MIRPUR GIRLS IDEAL COLLEGE,mirpurgirlsidealcollege78@gmail.com,8032032,"MIRPUR-10, DHAKA-1216., Dhaka"
6410,NEW MODEL DEGREE COLLEGE,principalnmdc@gmail.com,02222243078,"1/1-Kha, Sukrabad, Mohammadpur, Dhaka-1207, Dhaka"
6411,GOVT. MUSIC COLLEGE,gmusiccollege@gmail.com,0248112482,"SHER-E-BANGLA NAGOR, AGARGAON, DHAKA-1207, Dhaka"
6412,B. A. F. SHAHEEN COLLEGE,0,,"0, Dhaka"
6413,ADAMJEE CANTONMENT COLLEGE,adamjee_college@hotmail.com,8871622,"DHAKA CANTONMENT, Dhaka"
6414,DR. MALEKA COLLEGE,doctormalekacollege@yahoo.com,55000391,"Road-7/A, Dhanmondi, Dhaka-1209, Dhaka"
6415,PALLABI MOHILA DEGREE COLLEGE,szmdcollege@yahoo.com,02226623787,"12/E, PALLABI, MIRPUR, DHAKA-1216., Dhaka"
6416,SIDDHESWARI COLLEGE,principal_sdcollege@yahoo.com,02222229307,"25 SHAHID SHANGBADIK SELINA PARVEEN SARAK, MOGHBAZAR, DHAKA-1217, Dhaka"
6417,UTTARA ANWARA MODEL COLLEGE,uamuc.info@yahoo.com,028917601,"DAKHANKHAN, Dhaka"
6418,GOVT. BIGGYAN COLLEGE,gsc_1954@yahoo.com,58152619,"OLD MAYMANSINGH ROAD 34/B TEJKUNIPARA, TEJGAON DHAKA, Dhaka"
6419,DHAKA COLLEGE,dhakacollegeprincipal@gmail.com,,"PO- New Market Dhanmondi, Mirpur Rd, Dhaka 1205, Bangladesh, Dhaka"
6420,GOVT. BANGLA COLLEGE,info@sarkaribanglacollege.gov.bd,,"MIRPUR, DHAKA-1216, Dhaka"
6421,IDEAL COLLEGE,idealcollege1205@yahoo.com,58612446,"65 Central Road, Dhanmondi, Dhaka-1205, Dhaka"
6422,TEJGAON COLLEGE,tejgaoncollege@ymail.com,0248113628,"16, INDIRA ROAD, FARMGATE, DHAKA-1215, Dhaka"
6423,GOVT. TITUMIR COLLEGE,titumircollegemail@gmail.com,,"MOHAKHALI, DHAKA-1212, Dhaka"
6424,AHSANULLAH INSTITUTE OF INFORMATION & COMMUNICATION TECH.,aiict2001@gmail.com,9008711,"House no: B-91, Road no: E-2, Eastern Housing Ltd, Pallabi, Dhaka-1216, Dhaka"
6425,SK. BORHANUDDIN COLLEGE,info@sbpgc.edu.bd,7300702,"62, NAZIMUDDIN ROAD, DHAKA-1100, Dhaka"
6426,EDEN MAHILA COLLEGE,edenmohilacollege1@gmail.com,,"Azimpur, Dhaka"
6427,UNITED COLLEGE OF BUSINESS & TECHNOLOGY,0,,"0, Dhaka"
6428,RAMPURA EKRAMUNNESSA COLLEGE,rampuraeakramunessacollege@gmail.com,0255128875,"463, DIT ROAD, RAMPURA, DHAKA., Dhaka"
6429,MICRO INSTITUTE OF TECHNOLOGY,akastanvir@yahoo.com,1756488536,"20/1, Indira Road, Farmgate, Dhaka, Dhaka"
6430,RIZAUL KARIM CHOWDHURY COLLEGE,rkchowdhurycollege@yahoo.com,027544816,"10/F,SAIDABAD,DHAKA -1100, Dhaka"
6431,T & T COLLEGE,tandtcollege@gmail.com,02224401285,"MOTIJHEEL, DHAKA., Dhaka"
6432,NOTRE DAME COLLEGE,samarbernard58@gmail.com,027192325,"MOTIJHEEL, DHAKA, Dhaka"
6433,KHILGAON MODEL COLLEGE,model.college.khilgaon@gmail.com,7218288,"KHILGAON CHOWRASTA, Dhaka"
6434,SALIMULLAH COLLEGE,collegesalimullah@gmail.com,027122210,"40/1, TIPU SULTAN ROAD, WARI, DHAKA-1100, Dhaka"
6435,KABI NAZRUL GOVT. COLLEGE,kngcdhaka@gmail.com,,"1 NO. MUNICIPALITI STREET, LAXMIBAZAR, DHAKA, Dhaka"
6436,GOVT. SHAHID SUHRAWARDY COLLEGE,govsscdhk_college@yahoo.com,,"36-37, LUXMIBAZAR, Dhaka"
6437,INTERGLOBAL BUSINESS SYSTEM INSTITUTE,0,,"0, Dhaka"
6438,DHAKA COMMERCE COLLEGE,dcc1989@dcc.edu.bd,48033903,"DHAKA COMMERCE COLLEGE ROAD, MIRPUR, DHAKA-1216, Dhaka"
6439,ABUDHARR GHIFARI COLLEGE,principalshirin@yahoo.com,9358596,"192/1, MALIBAGH DHAKA-1217, Dhaka"
6440,DR. SHAHIDULLAH COLLEGE,0,,"0, Dhaka"
6441,BEGUM BADRUNNESSA GOVT. GIRLS COLLEGE,principal@bbggc.gov.bd,,"7 NO BHOKSHI BAZAR,LALBAGH, DHAKA, Dhaka"
6442,TEJGAON MAHILA COLLEGE,tmcdhaka@gmail.com,48118684,"76, EAST TEJTURI BAZAR, TEJGAON, DHAKA-1215, Dhaka"
6443,CENTRAL WOMENS COLLEGE,cwcdhaka@yahoo.com,0222387481,"13/2, ABHOY DAS LANE, TIKATULI, DHAKA-1203, Dhaka"
6444,UNIVERSITY WOMENS FED. COLLEGE,uwfcbd.com@gmail.com,8613092,"HOUSE NO. 16 & 16/1 (NEW - 13), ROAD NO. 06, DHANMONDI R/A, Dhaka-1205, Dhaka"
6445,PURANA PALTON GIRLS COLLEGE,0,,"0, Dhaka"
6446,MOHAMMADPUR MAHILA COLLEGE,mmcdhaka91@yahoo.com,9114442,"NOORJAHAN ROAD,MOHAMMADPUR,DHAKA-1207, Dhaka"
6447,LALMATIA GOVT. MAHILA COLLEGE,lalmatiagirlscollege@yahoo.com,48118543,"Block-D, LALMATIA, DHAKA-1207, Dhaka"
6448,SIDDHESWARI GIRLS COLLEGE,sgcprincipal@ymail.com,0248313310,"148,NEW BAILY ROAD,Dhaka, Dhaka"
6449,SHEIKH FAZILATUNNESSA GOVT. MOHILA COLLEGE,sk.fnessamirpur@gmail.com,9003558,"SECTION-2, MIRPUR, DHAKA-1216, Dhaka"
6450,MIRZA ABBAS MOHILA COLLEGE,www.mamc@gmail.com,9330166,"83/1,SHAHJAHANPUR,DHAKA, Dhaka"
6451,DHAKA WOMENS COLLEGE,principaldwc91@gmail.com,58954834,"HOUSE NO-20, ROAD NO-27, SECTOR NO-7, UTTARA MODEL TOWN, DHAKA, Dhaka"
6452,TECHNO HAVEN INSTITUTE OF BUSINESS & TECHNOLOGY,md.rakibhasan007@gmail.com,1776278181,"dhaka, Dhaka"
6453,SYNERGY INSTITUTE OF BUSINESS,0,,"0, Dhaka"
6454,BANGLADESH INSTITUTE OF BUSINESS EDUCATION &,0,,"0, Dhaka"
6455,FAZLUL HAQUE MAHILA COLLEGE,fhmcollege@yahoo.com,0247440982,"12- AKHAYA DAS LANE,Gandariya,dhaka-1204, Dhaka"
6456,DANIA COLLEGE,daniacollege85@gmail.com,7542591,"DANIA, JATRABARI, DHAKA-1236, Dhaka"
6457,MIRPUR COLLEGE,mirpurcollege1970@gmail.com,9034823,"SECTION-2, MIRPUR, DHAKA-1216, Dhaka"
6458,MOHAMMADPUR KENDRIYA COLLEGE,mkc_1972@yahoo.com,9110614,"NOORJAHAN ROAD, Mohammadpur, Dhaka-1207, Dhaka"
6459,HABIBULLAH BAHAR COLLEGE,c6459@nu.ac.bd,48313267,"7/8 NOW RATUN COLLONY, KAKRAIL-MALIBAG ROAD.DHAKA, Dhaka"
6460,HAZI SALIM DEGREE COLLEGE,hsdc_2015@yahoo.com,027310001,"HAJI BALLU ROAD, RAHMATGONJ, DHAKA-1211, Dhaka"
6462,KOLATIA COLLEGE,kalatiadegreecollege@yahoo.com,7760004,"ALINAGAR, P.O - KALATIA, P.S - KERANIGONG, DHAKA - 1313., Dhaka"
6463,BHALUM ATAUR RAHMAN KHAN COLLEGE,0,,"0, Dhaka"
6464,DHAKA MOHANAGAR MOHILA COLLEGE,dmmccollege@gmail.com,0247112554,"6 NO SUVASH BOSH AVENUE, LUXMIBAZAR, DHAKA- 1100., Dhaka"
6465,B. D. R. COLLEGE,info@abdurroufcollege.ac.bd,8616448,"PELLKANA, DHAKA, Dhaka"
6466,SARDAR SURUZZAMAN MAHILA COLLEGE,ssmc_6466@yahoo.com,8951192,"DAKHINKHAN, Dhaka"
6467,KANCHKURA COLLEGE,kanchkura.college@gmail.com,8999345,"KANCHKURA, UTTARKHAN, DHAKA-1230, Dhaka"
6468,T & T ADARSHA MAHILA COLLEGE,mahmud28812@gmail.com,029888960,"WIRELESS COMPOUND,MOHAKHALI,PS.BANANI,DHAKA-1212, Dhaka"
6469,"INSTITUTE OF SCIENCE & TECHNOLOGY, DHANMONDI",info@ist.edu.bd,55029352,"HOUSE 54, ROAD 15/A,(new), Dhanmondi R/A, Dhaka-1209, Dhaka"
6470,"INSTITUTE OF INFORMATION & TECHNOLOGY, UTTARA",0,,"0, Dhaka"
6471,"INSTITUTE OF SCIENCE TRADE & TECHNOLOGY, PANTHAPATH",director@istt.edu.bd,9014199,"PERMANENT CAMPUS: PLOT-1/9, BLOCK-D, ROAD-2, SECTION-15, MIRPUR, DHAKA & MAIN OFFICE: CRP BUILDING, PLOT-A/5, MIRPUR-14, DHAKA, Dhaka"
6472,"MICROLAND (IICE), DHANMONDI",0,,"0, Dhaka"
6473,"CENTRE FOR COMPUTER STUDIES, DHANMONDI",0,,"0, Dhaka"
6474,"COLLEGE OF TECHNOLOGY, DHANMONDI",0,,"0, Dhaka"
6475,"NATIONAL ACADEMY OF SCIENCE & TECHNOLOGY, LAL",0,,"0, Dhaka"
6476,BHUIYAN ACADEMY,infonu@bhuiyanacademyedu.com,880258151878,"Bhuiyan Academy, 4/1/A, Navana Newbury Place (4th Floor), 4/1/A, Sobhanbagh, Mirpur Road, Dhaka-1207, Bangladesh, Dhaka"
6477,A. K. M. RAHMATULLAH COLLEGE,rahmatullahcollege@yahoo.com,01818168214,"BERAID , BADDA, DHAKA-1212, Dhaka"
6478,INSTITUTE OF MANAGMENT & TECHNOLOGY,0,,"0, Dhaka"
6479,BANGLADESH INSTITUTE OF SCIENCE & TECHNOLOGY,bist.bd@live.com,48320084,"122/A, NEW KAKRAIL ROAD,DHAKA-1000, Dhaka"
6480,B. K. S. P. COLLEGE,bkspcollege@yahoo.com,02223371108,"ZIRANI, SAVAR, DHAKA, Dhaka"
6481,BCIC COLLEGE,0,,"0, Dhaka"
6482,ASIAN INSTITUTE OF BUSINESS & TECHNOLOGY,aibt.bd@gmail.com,9134258,"MAKHON VILLA 
HOUSE # 9A (2ND FLOOR) 
ROAD # 15 (NEW), 28 (OLD)
DHANMONDI R/A
DHAKA-1209, Dhaka"
6483,BANGLADESH INSTITUTE OF BUSINESS ADMINISTRATI,0,,"0, Dhaka"
6484,DAFFODIL INSTITUTE OF INFORMATION TECHNOLOGY,nup.principal@diit.info,58151226,"Level 6-7, Daffodil Plaza, 4/2 Sobhanbag, Dhaka"
6485,GOVT. BANGABANDHU COLLEGE,bangabandhucollegedhaka@gmail.com,58052522,"SHAHIDBAG,MIrpur,Dhaka-1216., Dhaka"
6486,ALHAJ MOCKBUL HOSSAIN DEGREE COLLEGE,amuc1999@gmail.com,9101450,"MOHAMMADPUR, DHAKA- 1207., Dhaka"
6487,DHAKA IMPERIAL COLLEGE,imperial_college95@yahoo.com,9853393,"House : 35-45, Block : B, Road : 02, Jahurul Islam City, Aftab Nagar, Badda, Dhaka-1212., Dhaka"
6488,INSTITUTE OF LIFESKILLS AND INFORMATION TECHN,0,,"0, Dhaka"
6489,PALLABI COLLEGE,pallabicollege@yahoo.com,0,"PLOT # 1/1, ROAD # 5, SECTION-8, DUARIPARA, RUPNAGAR, MIRPUR, DAKA-1216, Dhaka"
6490,HAZRAT SHAH ALI MAHILA DEGREE COLLEGE,hsamohilacollege@gmail.com,9031233,"MIRPUR-1, DHAKA-1216, Dhaka"
6491,INSTITUTE OF SCIENCE AND INFORMATION TECHNOLO,0,,"0, Dhaka"
6492,INSTITUTE OF INFORMATION TECHNOLOGY,0,,"0, Dhaka"
6493,INSTITUTE OF BUSINESS ADMINISTRATION & INFORM,0,,"0, Dhaka"
6494,ACCESS INSTITUTE OF BUSINESS AND INFORMATICS,0,,"0, Dhaka"
6495,DHAKA STATE COLLEGE,dhakastatecollege69@gmail.com,9134655,"1/3,BLOCK-E, NOORJAHAN ROAD, MOHAMMADPUR, DHAKA-1207., Dhaka"
6496,PRAFMASYS INSATITUTE OF INFORMATION TECHNOLOG,0,,"0, Dhaka"
6497,NORTHERN COLLEGE BANGLADESH (NCB),northern_college2000@yahoo.com,8125168,"1/2, ASAD GATE ROAD, MOHAMMADPUR, DHAKA-1207, Dhaka"
6498,COLLEGE OF TECHNOLOGY (COT),mostafa_haque@yahoo.com,88016188877,"chanmari, fatullah, narayanganj, Dhaka"
6499,NEURAL INSTITUTE OF SCIENCE & TECHNOLOGY,0,,"0, Dhaka"
6501,NELCO INSTITUTE OF BANGLADESH,0,,"102/1, Mirpur Road, Shukrabad, Dhanmondi, Dhaka"
6502,BITL COLLEGE OF INFORMATION TECHNOLOGY,0,,"0, Dhaka"
6503,MOTIJHIL INSTITUTE OF SCIENCE BUSINESS ADMINI,0,,"0, Dhaka"
6504,IDEAL INSTITUTE OF SCIENCE & TECHNOLOGY,0,,"0, Dhaka"
6505,UTTARA TOWN COLLEGE,uttaratowncollege@gmail.com,58955508,"PLOT# 01, ROAD# 02, SECTOR# 06, HOUSE BUILDING, UTTARA, DHAKA- 1230, Dhaka"
6506,BANGLADESH INSTITUTE OF INFORMATION SCIENCE &,0,,"0, Dhaka"
6507,NIT INSTITUTION,khalidshn46@gmail.com,1815263290,"dhaka, Dhaka"
6508,MANAGEMENT & INFORMATION TECHNOLOGY EDUCATION,0,,"0, Dhaka"
6509,BGMEA INSTITUTE OF FASHION & TECHNOLOGY,info@bift.info,8919986,"105,SR TOWER, SECTOR-7, Dhaka"
6510,ALHAJ ABDUL MANNAN COLLEGE,alhajabdulmannancollege@yahoo.com,7702231,"GOHAIL BARI, BKSP, ASHULIA, SAVAR, DHAKA, Dhaka"
6511,TOFAZZAL HOSSAIN CHOWDHURY COLLEGE,sp.thc.mamun@gmail.com,01835432010,"Vill: Shikaripara, Post: Shikaripara, Thana: Nawabganj, Zilla: Dhaka, Post Code:1322, Bangladesh., Dhaka"
6512,"CENTRAL LAW COLLEGE, BIJOYNAGOR",centrallawcollege@yahoo.com,9347949,"6, BIJOYNAGER, DHAKA, Dhaka"
6513,"DHAKA LAW COLLEGE, SEGUNBAGICHA",dhakalawcollege72@gmail.com,01716289984,"24/1, TOPKHANA ROAD, SEGUNBAGICHA, DHAKA, Dhaka"
6514,CITY LAW COLLEGE,citylawcollege57@yahoo.com,025732451,"24, AGAMASHI LANE, DHAKA-1000, Dhaka"
6515,MIRPUR LAW COLLEGE,mirpurlawcollege6515@gmail.com,9030342,"NO. 11 BUS STAND, SECTION-6, AVE-4/2, MIRPUR, Dhaka"
6516,JATIYA LAW COLLEGE,nationallawcollege6516@gmail.com,0248319910,"2/2, Outer Circular Road, Near Convention Center, Boro Moghbazar, Dhaka-1217  Email:  c6516@nu.ac.bd, Dhaka"
6517,GREEN VIEW LAW COLLEGE,greenviewlawcollegebd@gmail.com,0248033645,"763/2-A, MONIPUR, mirpur-2, Dhaka-1216. , Dhaka"
6518,MOHAMMADPUR LAW COLLEGE,akm.awal49@gmail.com,029121423,"S/26, NURJAHAN ROAD, Dhaka"
6519,FATEMA LAW COLLEGE,fatemalawcollege@gmail.com,01911358338,"40/1 IMAN ALI ROAD,SONATONGOR, TENARIMOR, ZIGATOLA, DHAKA-1209, Dhaka"
6520,METTROPOLIS IDEAL LAW COLLEGE,mettropolisideallawcollege@yahoo.com,8129376,"22/ INDIRA ROAD, FARMGATE, DHAKA, 1215, Dhaka"
6521,BANGABANDHU LAW COLLEGE,bblawcollege.edu52@yahoo.com,01711176127,"MOTIJHEEL, DHAKA, Dhaka"
6522,DEMRA LAW COLLEGE,demralaw@yahoo.com,01827125359,"120/1A SouthJatrabari, Dhaka 1204, Dhaka"
6523,JAN-E-ALAM SARKAR LAW COLLEGE,janealamlawcollege@gmail.com,01922428823,"SARKER BARI, ROAD-5, NIKUNJA-2, KHILKHET, DHAKA-1229, Dhaka"
6524,RUPNAGAR LAW COLLEGE,rupnagarlawcollege@yahoo.com,8020301,"15/47, RUPNAGAR R/A,, Dhaka"
6525,EIDELKHANI LAW COLLEGE,0,,"0, Dhaka"
6526,DHANMONDI LAW COLLEGE,dhanmondilawcollege73@gmail.com,,"Kalabagan 2nd Ln, Dhaka1205, Dhaka"
6527,MAHANAGAR LAW COLLEGE,mahanagarlawcollege@gmail.com,0247123455,"27/4-A,TOPKHANA ROAD SEGUNBAGICHA, DHAKA-1000, Dhaka"
6528,BANGLADESH LAW COLLEGE,bdlawcollege@yahoo.com,9669672,"14, FREE SCHOOL STREET, HATIRPOOL, Dhaka"
6529,IDEAL LAW COLLEGE,ideallawcollege@yahoo.com,0248110325,"83, GREEN ROAD, FARMGATE, DHAKA, 1205, Dhaka"
6530,SHAHEED RAMIZ UDDIN COLLEGE,srucollege@gmail.com,029835490,"DHAKA CANTONMENT, DHAKA-1206, Dhaka"
6531,DHAKA MODEL COLLEGE,dmd_college@yahoo.com,9020414,"14-D, MIRPUR, KAFRUL, DHAKA-1206, Dhaka"
6532,"EDUCATION AND DEVELOPMENT INSTITUTE, UTTARA",0,,"0, Dhaka"
6533,"SHER-E-BANGLA TEACHERS TRAINING COLLEGE, MIRPUR",sherebanglattc@gmail.com,01561322444,"DUARIPARA, RUPNAGAR, PALLABI, DHAKA- 1216., Dhaka"
6534,IDEAL TEACHERS' TRAINING COLLEGE,ittc6534uttara@gmail.com,0248951583,"House no # 22, Road#6/A, SECTOR # 5, UTTARA MODEL TOWN DHAKA-1230, Dhaka"
6535,GOVT. TEACHERS' TRAINING COLLEGE,dhakattc@gmail.com,0241061290,"MIRPUR ROAD, NEWMARKET, DHAKA-1205, Dhaka"
6536,"DHAKA MODERN TEACHERS' TRAINING COLLEGE, MOWCHAK",mttcdhaka@yahoo.com,8317083,"90/A, NEW CIRCULAR ROAD, MOUCHAK, DHAKA, Dhaka"
6537,"BANGLADESH TEACHERS TRAINING COLLEGE, FIRMGATE",ireenbtti@gmail.com,1711354091,"1,Indira road,farmgate,dhaka-1215, Dhaka"
6538,"KHAN BAHADUR AHSAN ULLAH TEACHERS' TRAINING COLLEGE, SHAMOLY",kattc1992@gmail.com,028110615,"3/D, ROAD-1, SHAYMOLI, DHAKA-1207, Dhaka"
6539,UNIVERSAL TEACHERS TRAINING COLLEGE,0,,"0, Dhaka"
6540,COLLEGE OF EDUCATION AND DEVELOPMENT STUDIES,0,,"0, Dhaka"
6541,COLLEGE OF EDUCATION RESEARCH AND TRAINING,certdhaka6541@gmail.com,01672756663,"T and T Hight School campus, Motijheel ,Dhaka-1000, Dhaka"
6542,SHEIKH JAMAL TEACHERS' TRAINING COLLEGE,,,","
6543,"SAVAR TEACHERS' TRAINING INSTITUTE, SAVAR",stti2000@gmail.com,01717036317,"B-9/1, Anandapur, Ganda, Savar, Dhaka, Dhaka"
6544,"NEW RAJDHANI TEACHERS' TRAINING COLLEGE, NILKHET",visiobfoundation1000@gmail.com,01974444228,"NILKHET HIGH SCHOOL BHABAN(1st floor),NILKHET,DHAKA., Dhaka"
6545,"SHEIKH FAZILATUNNESSA TEACHERS' TRAINING COLLEGE, 627 KAZIPARA",sfttc45@gmail.com,8031690,"HOUSE # 19, ROAD # 5, BLOCK # A, SECTION # 10,, Dhaka"
6546,DHAKA METROPOLITAN TEACHERS TRAINING COLLEGE,0,,"0, Dhaka"
6547,MAHANAGAR TEACHERS' TRAINING COLLEGE,mahanagarttcollege@gmail.com,0248952620,"186/A, NEW PALTAN LINE, AZIMPUR,Dhaka-1205, Dhaka"
6548,"VICTORIA TEACHERS' TRAINING COLLEGE, LUXMIBAZAR",vttc6548@gmail.com,0247118487,"19/A, Subhas Bose Avenue, Dhaka"
6549,BIAM TEACHERS' TRAINING COLLEGE,principalbttc@biam.gov.bd,0222222206,"BIAM FOUNDATION,63,NEW ESKATON,, Dhaka"
6550,SAIC TEACHERS' TRAINING COLLEGE,saicttcollege@gmail.com,01712230932,"HOUSE-17, ROAD-1, BLOCK-B, MIRPUR-6, Dhaka"
6551,SHIKKHOK PROSHIKHAN COLLEGE,0,,"0, Dhaka"
6552,"NATIONAL TEACHERS' TRAINING INSTITUTE, KHILKHAT",nationaltti1995@gmail.com,01819168655,"HOUSE # 178/1, ROAD # 01, NIKUNJA-2, KHILKHET, DHAKA, Dhaka"
6553,LIBERTY LAW COLLEGE,libertylawcollege15@gmail.com,01711826741,"333 ELEPHANT ROAD 4TH FLOOR, DHAKA 1205, Dhaka"
6554,"DEWAN IDRIS LAW COLLEGE, SAVAR",dillb6554@gmail.com,027748633,"SAVAR COLLEGE CAMPUS, SAVAR, DHAKA, Dhaka"
6555,CAPITAL LAW COLLEGE,capitallawcollege1@gmail.com,028821715,"MOHAKHALI WIRELESS GATE, MOHAKHALI MODEL HIGH SCHOOL, Dhaka"
6556,NOBEL LAW COLLEGE,0,,"0, Dhaka"
6557,GOVT. PHYSICAL EDUCATION COLLEGE,govt.dpec@gmail.com,581533866,"SAT MASJID ROAD, Dhaka"
6558,OLYMPIA INSTITUTE OF PHYSICAL EDUCATION,0,,"0, Dhaka"
6559,DEMRA COLLEGE,demrauniversitycollege@ymail.com,7502072,"DEMRA, DHAKA-1360., Dhaka"
6560,"INSTITUTE OF LIBRARY AND INFORMATION SCIENCE (ILIS), NILKHET",ilis.bd1976@gmail.com,029671072,"613, Rokeya Sarani (East Side of Kazipara Metro-Rail Station), Kazipara, Mirpur, DHAKA-1216, Dhaka"
6561,INSTITUTE FOR LIBRARY AND INFORMATION MANAGEMENT (ILIM),ilimdhaka@yahoo.com,01715156347,"WEST DHANMONDI YUSUF HIGH SCHOOL CAMPUS, SHANKAR, DHAKA - 1207, Dhaka"
6562,ESTEEM INSTITUTE OF BUSINESS SCIENCE & INFORM,0,,"0, Dhaka"
6563,SAVAR PHYSICAL EDUCATION,savarphysicaleducation@gmail.com,01712224846,"SAVAR, Dhaka"
6564,NATIONAL DEFENCE COLLEGE,0,,"0, Dhaka"
6565,DEFENCE SERVICES COMMAND AND STAFF COLLEGE,0,,"0, Dhaka"
6566,BANGLADESH INSTITUTE OF SPECIAL EDUCATION,monira.yesmeen@yahoo.com,04478014364,"6, Borobag, Section-2, Mirpur, Dhaka-1216, Dhaka"
6567,TEACHERS TRAINING COLLEGE FOR SPECIAL EDUCATION,ncsemirpur14dhaka@gmail.com,0248038348,"A/4, NATIONAL CENTER FOR SPECIAL EDUCATION, Department of Social Services, MIRPUR-14, DHAKA 1206, Dhaka"
6568,PRESS INSTITUTE BANGLADESH (PIB),education.pib@gmail.com,029330085,"3 Circuit House Road, Dhaka"
6569,BANGLADESH INSTITUTE OF COMMUNICATION STUDIES,0,,"0, Dhaka"
6570,BANGLADESH INSTITUTE OF BANK MANAGEMENT,0,,"0, Dhaka"
6571,ICHAMOTI COLLEGE,icchamotidegreecollegegalimpur@yahoo.com,01716344465,"GALIMPUR, Dhaka"
6572,PADMA GOVT. COLLEGE,padmadegreecollege@gmail.com,01712095456,"Village: Khoria, P.O: Muksudpur, P.S.Dohar, District: Dhaka., Dhaka"
6573,SWID SPECIAL EDUCATION TEACHERS' TRAINING COLLEGE,principalswidsettc@gmail.com,8332862,"4/A, ESKATON GARDEN, RAMNA, DHAKA-1000, Dhaka"
6574,PRIME TEACHERS' TRAINING COLLEGE,primettcollege@gmail.com,01715833296,"HOUSE # 57, ROAD # 9/A,, Dhaka"
6575,SHEIKH BAZLUR RAHMAN COLLEGE,sbrcollege108256@gmail.com,01511115634,"Road No-02, Block-B, Chand Uddan Housing Ltd., Mohammadpur, Dhaka-1207., Dhaka"
6576,SHYAMOLI IDEAL LIBRARY AND INFORMATION SCIENC,0,,"0, Dhaka"
6577,INTERNATIONAL EDUCATION COLLEGE,iecnu06@yahoo.com,9118404,"HOUSE-39/A, ROAD-8, Dhaka"
6578,HASHEM UDDIN B. ED. COLLEGE,hubed2007@gmail.com,01973234373,"BAGMARA, Dhaka"
6579,NEW ERA LAW COLLEGE,6579neweralawcollege@gmail.com,01716188940,"2,NO CHATTRANGAN AVUNUNI,SODOR GHAT,DHAKA-1100, Dhaka"
6580,DHAKA ART COLLEGE,dhaka_art_college@yahoo.com,01712181050,"26 JAFRABAD, RAYER BAZAR, Dhaka"
6581,CENTER FOR EXECUTIVE DEVELOPMENT STUDIES (CED,0,,"0, Dhaka"
6582,SAFS BUSINESS INSTITUTE,safs.headoffice@gmail.com,8121113,"HOUSE # 105, ROAD # 9/A,, Dhaka"
6583,BUSINESS EDUCATION AND MANAGEMENT COLLEGE,bemc.6583@gmail.com,01552356296,"15/A,AZIMPUR ROAD, DHAKA-1205, Dhaka"
6584,DHAKA BUSINESS INSTITUTE,dbi2014@yahoo.com,01911516273,"Uttara ,Dhaka Bangladesh, Dhaka"
6585,ARCHBISHOP T. A. GANGULY TEACHERS TRAINING COLLEGE,molli.costa@gmail.com,01733995489,"97 ASAD AVENU, MOHAMMADPUR, DHAKA -1207, Dhaka"
6586,NATIONAL INSTITUTE OF FASHION TECHNOLOGY,rabbani.nift@yahoo.com,029840314,"G.P.JA-146, WIRELESS GATE, MOHAKHALI, DHAKA-1212, Dhaka"
6587,INSTITUTE OF PROGRESSIVE MERITOCRACY (IPM),ipmdhaka.nu@gmail.com,028415813,"Kuril Chowrasta, Vatara, Dhaka, Dhaka"
6588,"POLICE STAFF COLLEGE, BANGLADESH",macpm.psc@gmail.com,55079131,"Section 14, Mirpur, Dhaka-1206, Bangladesh, Dhaka"
6589,SIKDER COLLEGE OF TEXTILE AND FASHION TECHNOLOGY,sctft_2008@yahoo.com,028311553,"1101/1, MALIBAGH CHOWDHURY PARA-DHAKA-1219, Dhaka"
6590,COLLEGE OF FASHION TECHNOLOGY & MANAGEMENT,principal@cftm-bd.com,8801711356819,"105 SR Tower, Sector:7,  House-Building Bus Stand, Uttara, Dhaka-1230, Dhaka"
6591,SHER-E-BANGLA NAGAR ADARSHA MOHILA COLLEGE,sbcollege1995@gmail.com,48111398,"SHER-E-BANGLA NAGAR, DHAKA-1207., Dhaka"
6592,NAYABAZAR DEGREE COLLEGE,principalmalek@yahoo.com,0000000000,"ATI BAZAR, KERANIGANJ MODEL THANA, DHAKA-1312, Dhaka"
6593,DCCI BUSINESS INSTITUTE,info@dbicollege.edu.bd,9550074,"DHAKA CHAMBER BHABAN (11TH & 12TH FLOOR) 65-66 MOTIJHEEL C/A, DHAKA-1000, Dhaka"
6594,PROFESSIONAL INSTITUTE OF SCIENCE AND FASHION TECHNOLOGY,pacificpfl@gmail.com,01976535284,"HOUSE#35,ROAD#10,SECTOR#6,UTTARA,DHAKA-1230, Dhaka"
6595,BANGLADESH INSTITUTE OF MANAGEMENT,sabuj.narail@yahoo.com,1743208965,"ramna, dhaka, Dhaka"
6596,NATIONAL INSTITUTE OF DESIGN,nidoffice@ymail.com,01917762907,"HOUSE-38/1, ROAD-02, Dhaka"
6597,UNITED COLLEGE OF AVIATION SCIENCE & MANAGEMENT,info@uca.edu.bd,7911831,"HOUSE- 16, ROAD- 4, SECTOR- 3, UTTARA, Dhaka"
6598,MATUAIL HAZI ABDUL LATIF BHUIYAN COLLEGE,mhalbcollege@gmail.com,027552200,"MATUAIL, P.O: Matuail, P.S: Demra, Dhaka-1362, Dhaka"
6599,IDEAL INSTITUTE OF BUSINESS & SCIENCE,ideal.bd2011@gmail.com,9015665,"HOUSE # 23/24, AVENUE # 01, BLOCK# A, SECTION # 11, PALLABI, MIRPUR, DHAKA- 1216, Dhaka"
6601,STAMFORD COLLEGE,tarikulislam01636@gmail.com,0,"., Dhaka"
6602,DHAKA MOHILA (DEGREE) COLLEGE,dhakamohilacollege@gmail.com,9113703,"HOUSE NO – 23, ROAD NO – 7, DHANMONDI, DHAKA - 1205, Dhaka"
6603,DHAKA INSTITUTE OF FASHION AND TECHNOLOGY,info@dift.edu.bd,58052309,"PLOT-9, BLOCK-KA,SECTION-6(MAIN ROAD),MIRPUR,DHAKA-1216, Dhaka"
6604,INSTITUTE OF BUSINESS & TECHNOLOGY (IBT),sapon7x@gmail.com,029006553,"TAIYEABA BHABAN, 8 KOLLAYNPUR, MIRPUR ROAD, DHAKA-1207, Dhaka"
6605,UTTARA INSTITUTE OF BUSINESS AND TECHNOLOGY. (UIBT),info.uibt@gmail.com,01837525339,"Plot-103, Hossain Tower (Lift-08), SECTOR-07, UTTARA, DHAKA-1230., Dhaka"
6606,CROWN INSTITUTE OF BUSINESS AND TECHNOLOGY,cibt2010@gmail.com,01550057500,"ROAD#21/A,HOUSE #05,NIKUNJO-02,KHILKHAT,DHAKA-1229, Dhaka"
6607,SHYAMOLI IDEAL COLLEGE,sic_ac@yahoo.com,029133453,"16/, Dhaka"
6608,SHAHEED PRESIDENT ZIAUR RAHMAN COLLEGE,ziacollege1986@gmail.com,01850386649,"HAZRUTPUR,ITAVARA,KERANIGONJ,DHAKA., Dhaka"
6609,GULSHAN COLLEGE,gulshancollege6609@yahoo.com,8410456,"Gulshan College, Joar Sahara Bazar (Lichu Bagan), Post- Khilkhet, PS- Vatara, Dhaka-1229, Dhaka"
6610,SHURER DHARA COLLEGE OF MUSIC,sdcm201415@gmail.com,01711956979,"LAMATIA, DHAKA, Dhaka"
6611,DR. M. MIZANUR RAHMAN PROFESSIONAL COLLEGE,drmmrpc@gmail.com,9140204,"3, MAIN ROAD (BARIBADH), Dhaka Uddan, ADABOR-MOHAMMADPUR, DHAKA-1207, Dhaka"
6612,BHALUM ATAUR RAHMAN KHAN COLLEGE,bhalumarkhancollege@yahoo.com,01309107955,"Vill- Bhalum, Union- Sanora, Post- Kalampur-1351, Upazila- Dhamrai, Dist- Dhaka., Dhaka"
6613,EMINENCE COLLEGE,info@eminence.edu.bd,0248110019,"43/R/5-B, Indira Road, Panthapath, Dhaka-1215, Bangladesh, Dhaka"
6614,HAJI ABDUL AWAL COLLEGE,hajiabdulawalcollege@gmail.com,01309108057,"ASHRAFABAD, KAMRANGIR CHAR, DHAKA, Dhaka"
6615,UPDATE COLLEGE,saiful@updatecollege.edu.bd,029127720,"UNIQUE TRADE CENTER, 8 PANTHAPATH, KAWRAN BAZAR LANE, Dhaka"
6616,UTTARA ADHUNIK LAW COLLEGE,uttaraadhuniklawcollege@gmail.com,01716486181,"Maleka Banu Adrasha Bidda Neketon, Abdullahpur, Uttara, Dhaka.,"
6617,ABDULLAH AL MAMUN THEATRE SCHOOL,,,","
6618,APPARELS INSTITUTE OF FASHION & TECHNOLOGY (AIFT),aiftinfo@gmail.com,027912646,"HOUSE #27,ROAD #05,SECTOR #07,UTTARA.DHAKA-1230, Dhaka"
6619,INSPIRATION INSTITUTE OF DESIGN & TECHNOLOGY,info@inspiration.com.bd,9853791,"PLOT#80 (4TH FLOOR), BLOCK-J, PROGATI SARONI,BARIDHARA, DHAKA-1212, Dhaka"
6620,COLLEGE OF AVIATION TECHNOLOGY,info@catechedu.com,01916987309,"POLT 22, ROAD 13, SECTOR 16 J, UTTARA, DHAKA-1230, Dhaka"
6621,ROKEYA AHSAN COLLEGE,rokeyaahsancollege1996@gmail.com,027552444,"PARADOGAR, KONAPARA, Dhaka"
6622,COUNTER FOTO A CENTER FOR VISUAL ARTS,info@counterfoto.org,029013026,"14, EAST SHEWRAPAR, MIRPUR, DHAKA, Dhaka"
6623,DHAKA PROFESSIONALS COLLEGE (DPC),dpucbd@yahoo.com,01761820895,"12/1, Nasiruddin Sarder Lane, Sutrapur, Dhaka , Dhaka"
6624,SHAHID S. A. MEMORIAL FASHION DESIGN & TEXTILE COLLEGE,ssamft.bd.2015@gmail.com,028981266,"HOUSE - 20 ROAD -13 SECTOR - 10 (NEAR KAMAR PARA BUS STOP) UTTARA, DHAKA-1230, BANGLADESH, Dhaka"
6625,MOFAZZAL - MOMENA CHAKLADAR MOHILA COLLEGE,m.m.c.mohilacollege1902@gmail.com,01797108076,"D-96, TALBAG (THANA ROAD), SAVAR, DHAKA-1340,"
6626,GULSHAN COMMERCE COLLEGE,gcc131904@gmail.com,01731659939,"Ga-128/A Pragati Sarani, Middle Badda, Dhala-1212, Dhaka"
6627,NATIONAL INSTITUTE OF SCIENCE AND TECHNOLOGY (NIST),principal@nist.edu.bd,48122500,"Daffodil Concord Tower, 19/1, West Panthapath, Dhaka-1205, Bangladesh., Dhaka"
6628,DAFFODIL INSTITUTE OF SCIENCE & TECHNOLOGY,c6628@nu.ac.bd,01713493262,"HOUSE # 02, ROAD # 01, SECTOR # 06, HOUSE BUILDING, UTTARA, DHAKA, Dhaka"
6629,MIRZA GOLAM HAFIZ COLLEGE,mirzacollegesavar@gmail.com,01309108450,"Mirzanagar, Ashulia, Savar, Dhaka, Dhaka"
6630,HARUN MOLLAH COLLEGE,harunmollahcollege@yahoo.com,01309131878,"Mirpur-12, Sagufta Housing, Pallabi,Dhaka., Dhaka"
6631,FIRE RESEARCH AND TRAINING INSTITUTE (FRTI),,,","
6632,DHAKA INSTITUTE OF TECHNOLOGY,dit.nu.college@gmail.com,01727291546,"123-Abdullahpur, Uttara, Dhaka, Dhaka"
6633,H R MEMORIAL COLLEGE,hrmemorialcollege@gmail.com,02222200852,"203/1, College Road-8, Tilpapara, Khilgaon, Dhaka,"
6634,CODERSTRUST BANGLADESH,hello@coderstrustbd.com,01717510323,"House #82, Rd #19/A, Block #E, Banani,"
6935,MOSHARRAF HOSSAIN COLLEGE,mhcjhnai07@gmail.com,01726067027,"Hamdaha, Jhenaidah, Jenaidha"
7001,PATENGA CITY CORPORATION WOMENS COLLEGE,pccwcollege@gmail.com,0312501533,"KATGOR NORTH POTENGA WORD No.40, PO: PATENGA,PS: PATENGA, DIST: CHITTAGONG. 4204, Chattogram"
7002,SITAKUND MOHILA COLLEGE,sita.smc@gmail.com,01835700096,"PO: SITAKUND, Chattogram"
7003,UTTAR SANDWIP DEGREE COLLEGE,usdegreecollege@gmail.com,01811803275,"VILLAGE- KALAPANIA, P.O. BANIRHAT, Chattogram"
7004,SARAIPARA CITY CORPORATION COLLEGE,saraipara_degree_college@yahoo.com,0312773687,"SARAIPARA,PAHARTALI,CHITTAGONG, Chattogram"
7005,SYEDA SELIMA QUADER CHOWDHURY COLLEGE,ssqdcran@gmail.com,01309104847,"POMRA, Chattogram"
7006,SOUTH SANDWIP COLLEGE,south.sandwip.college@gmail.com,01711160891,"SOUTH SANDWIP COLLEGE , P.O- SHIBER HAT, Chattogram"
7007,CHITTAGONG BGMEA INSTITUTE OF FASHION & TECHNOLOGY (CBIFT),principal@cbift.com,031630151,"BGMEA BHABAN(LEVEL-5) 669/E JHAUTALAROAD,SOUTH KHULSHI, Chattogram"
7008,K.C. SHAHEED ZIAUR RAHMAN COLLEGE,kcszrc2001@yahoo.com,2580580,"VILL-KHANDAKIA,P.O-YOUNUS NAGAR (4338), Chattogram"
7009,BAKALIA SHAHID N.M.M.J COLLEGE,bakaliasnmmjcollege@gmail.com,031626599,"G.P.O BOX NO-966, BAKALIA,CHITTAGONG, Chattogram"
7010,MASTER NAZIR AHMAD DEGREE COLLEGE,131852@bise-ctg.gov.bd,01715515557,"NAPORA,BANSKHALI,CHITTAGONG, Chattogram"
7011,POSTARPAR ASMA KHATUN CITY CORPORATION MOHILA COLLEGE,postarparakcmc@yahoo.com,0312516983,"P.O.: Bandar, Thana: Doublemooring, Dewanhat, Postarpar, Chittagong., Chattogram"
7012,G A M  CHARTERED COLLEGE,gamcucbd@gmail.com,0312851408,"18 MEHEDIBAG ROAD, MEHEDIBAG, Chittagong., Chattogram"
7013,DAFFODIL INSTITUTE OF IT,dd.ctg@diit.info,8802333315380,"94, Sheikh Mujib Road, Agrabad, Chattogram, Chattogram"
7014,PATIYA LAW COLLEGE,patiya.ain.college@gmail.com,01879383129,"A.S. RAHAT ALI HIGH SCHOOL SOUTH BUILDING, PATIYA, CHITTAGONG, Chattogram"
7015,FATEYABAD COLLEGE,fateyabadcollegectg@gmail.com,01309104050,"CHOWDHURYHAT, FATEYABAD, HATHAZARI, CHITTAGONG, Chattogram"
7016,BANSKHALI GIRLS COLLEGE,banskhaligirlscollege@gmail.com,031650114,"KHAN BAHADUR BAZAR, BANSKHALI, CHITTAGONG, Chattogram"
7017,SATKANIA ADARSHA MAHILA COLLEGE,mohilacollegesat1993@gmail.com,01536490984,"POURASHOVA, SADAR, WARD NO-06, Chattogram"
7018,PROFESSOR KAMAL UDDIN CHOWDHURY COLLEGE,pkucc2000@gmail.com,0,"..Abutorab,Mirsarai, Chittagong., Chattogram"
7019,SHOVANDANDI COLLEGE,Shovandegcoll@gmail.com,01733141086,"Shovandandi, Patiya, Chottogram., Chattogram"
7301,ABDUL GONI COLLEGE,abdulgonicollege@gmail.com,01309126258,"GORGORI (SHARERHAT), BENGARI,"
7302,VARENDRA COLLEGE,varendracollege1985@gmail.com,0721772251,"Ghoramara, Boalia, Rajshahi, Rajshahi"
7303,KABI KAZI NAZRUL ISLAM COLLEGE,nel.bdbs@gmail.com,01713724818,"Vill: Purapukur, P.S: Motihar, P.O: Khar Khari, Upozila: Paba, Zila: Rajshahi-6204, Rajshahi"
7305,NANGALKOT MODEL MOHILA COLLEGE,nmmc1998@gmail.com,01712267405,"Nangalkot,comilla, Comilla"
9999,Iqbal Hossain Degree College,reyajul.bigm@gmail.com,+8801923627638,"Dhaka, Gazipur"
